,LDA,Unnamed: 0,alg,country,h_cat,key_phrases,key_words,label,lda,links,pmi,tfidf
0,1,0,LDA,0,1.0,0.0,0.0,cookbooks,0.0,0.0,0.16918848316764934,0.02032077059020552
1,1,1,LDA,0,1.0,0.0,0.0,british cuisine,0.0,0.0,0.0881334592382751,0.01601779404738712
2,1,2,LDA,0,1.0,0.0,0.0,handbooks and manuals by subject,0.0,0.0,0.17584217891395612,0.015992847987147348
3,1,3,LDA,0,1.0,0.0,0.0,books by type,0.0,0.0,0.17416349462838135,0.015939270517867057
4,1,4,LDA,0,1.0,0.0,0.0,books about food and drink,0.0,0.0,0.16622893906444597,0.015682222498055853
5,1,5,LDA,0,1.0,0.0,0.0,works about cooking,0.0,0.0,0.1439339334305558,0.014919744111400804
6,1,6,LDA,0,1.0,0.0,0.0,works about food and drink,0.0,0.0,0.13043751967264716,0.014682456310104447
7,1,7,LDA,0,1.0,0.0,0.0,english culture,0.0,0.0,0.12783321565191255,0.01405964210231018
8,1,8,LDA,0,1.0,0.0,0.0,books by year,0.0,0.0,0.17759823961308005,0.013968383381339185
9,1,9,LDA,0,1.0,0.0,0.0,agriculture in england,0.0,0.0,0.13193943897800947,0.013676432102117402
10,1,10,LDA,1,1.0,0.0,0.0,edible plants,0.0,0.0,0.06814170327476875,0.021406509001798083
11,1,11,LDA,1,1.0,0.0,0.0,plants and humans,0.0,0.0,0.0660983551259711,0.0184007927736594
12,1,12,LDA,1,1.0,0.0,0.0,flora by continent,0.0,0.0,0.0656948979037316,0.016958036041116297
13,1,13,LDA,1,1.0,0.0,0.0,ethnobotany,0.0,0.0,0.06303473220117868,0.016503764670151008
14,1,14,LDA,1,1.0,0.0,0.0,types of food,0.0,0.0,0.055345614875124655,0.016076590921345592
15,1,15,LDA,1,1.0,0.0,0.0,vegan cuisine,0.0,0.0,0.05319804755710475,0.015803798295567613
16,1,16,LDA,1,1.0,0.0,0.0,flora by country,0.0,0.0,0.06294322866458091,0.015617257910986747
17,1,17,LDA,1,1.0,0.0,0.0,plant products,0.0,0.0,0.057488678526752386,0.015580847759060166
18,1,18,LDA,1,1.0,0.0,0.0,crops,0.0,0.0,0.05939715888400705,0.015221583406367447
19,1,19,LDA,1,1.0,0.0,0.0,categories by continent,0.0,0.0,0.057564993067370215,0.015161589423066163
20,1,20,LDA,2,1.0,0.0,0.0,cuisine,0.0,0.0,0.05264564276657345,0.021356312713822816
21,1,21,LDA,2,1.0,0.0,0.0,cuisine by country,0.0,0.0,0.04664739135071537,0.019743152408893783
22,1,22,LDA,2,1.0,0.0,0.0,food and drink by country,0.0,0.0,0.04787622770266428,0.01910812626511281
23,1,23,LDA,2,1.0,0.0,0.0,culture by country,0.0,0.0,0.0463594768608704,0.01863569310896289
24,1,24,LDA,2,1.0,0.0,0.0,cuisine by continent,0.0,0.0,0.05102432413724583,0.01851669031453857
25,1,25,LDA,2,1.0,0.0,0.0,cuisine by region,0.0,0.0,0.047910974227428585,0.018088928635001937
26,1,26,LDA,2,1.0,0.0,0.0,prepared foods by main ingredient,0.0,0.0,0.05089379630829263,0.01727667005408362
27,1,27,LDA,2,1.0,0.0,0.0,asian cuisine,0.0,0.0,0.046096188798781336,0.016826957294778913
28,1,28,LDA,2,1.0,0.0,0.0,foods,0.0,0.0,0.036471659429858895,0.015440434096273704
29,1,29,LDA,2,1.0,0.0,0.0,european cuisine,0.0,0.0,0.04497016038326388,0.014993747115205203
30,1,30,LDA,3,1.0,0.0,0.0,restaurants by year of establishment,0.0,0.0,0.026023462689019453,0.008841342021951654
31,1,31,LDA,3,1.0,0.0,0.0,restaurants by time,0.0,0.0,0.026023462689019453,0.008841342021951654
32,1,32,LDA,3,1.0,0.0,0.0,restaurants by century of establishment,0.0,0.0,0.025978924395884114,0.008821714174244596
33,1,33,LDA,3,1.0,0.0,0.0,restaurants by type,0.0,0.0,0.02478601460219556,0.008442331000479577
34,1,34,LDA,3,1.0,0.0,0.0,restaurants,0.0,0.0,0.023937501138608812,0.008161569404661189
35,1,35,LDA,3,1.0,0.0,0.0,restaurants in the united states,0.0,0.0,0.02377258033833893,0.007889262061393556
36,1,36,LDA,3,1.0,0.0,0.0,years,0.0,0.0,0.0226838574315474,0.00787660483884586
37,1,37,LDA,3,1.0,0.0,0.0,births by decade,0.0,0.0,0.023123047541575646,0.007823853643309613
38,1,38,LDA,3,1.0,0.0,0.0,food and drink companies by year of establishment,0.0,0.0,0.020286011951107043,0.00744415938409556
39,1,39,LDA,3,1.0,0.0,0.0,restaurants established in the 20th century,0.0,0.0,0.022736013394477457,0.0074325301482576454
40,1,40,LDA,4,1.0,0.0,0.0,alcoholic drinks,0.0,0.0,0.12331750907567718,0.0244056599458926
41,1,41,LDA,4,1.0,0.0,0.0,alcoholic drinks by country,0.0,0.0,0.10666474747940304,0.020239301845431268
42,1,42,LDA,4,1.0,0.0,0.0,fermented drinks,0.0,0.0,0.09750809008328268,0.018851390354116152
43,1,43,LDA,4,1.0,0.0,0.0,alcohol,0.0,0.0,0.0967104835777277,0.017095041611043624
44,1,44,LDA,4,1.0,0.0,0.0,drug culture,0.0,0.0,0.08776784437802385,0.01594438482075876
45,1,45,LDA,4,1.0,0.0,0.0,beer,0.0,0.0,0.09954134727049588,0.0158424520281522
46,1,46,LDA,4,1.0,0.0,0.0,drinking culture,0.0,0.0,0.08876049649773098,0.015824456642691432
47,1,47,LDA,4,1.0,0.0,0.0,drinks,0.0,0.0,0.07086373448069128,0.015505919321427447
48,1,48,LDA,4,1.0,0.0,0.0,distilled drinks,0.0,0.0,0.09692723632764587,0.014880828916624247
49,1,49,LDA,4,1.0,0.0,0.0,beer by country,0.0,0.0,0.09358194676899287,0.014404958988966968
50,1,50,LDA,5,1.0,0.0,0.0,food product brands,0.0,0.0,0.04403294976890042,0.013445469557200995
51,1,51,LDA,5,1.0,0.0,0.0,brands,0.0,0.0,0.044724650307440376,0.013227758607771124
52,1,52,LDA,5,1.0,0.0,0.0,companies by year of establishment,0.0,0.0,0.042647821197641364,0.0128889256481092
53,1,53,LDA,5,1.0,0.0,0.0,brands by company,0.0,0.0,0.04096222113804207,0.01082461693847066
54,1,54,LDA,5,1.0,0.0,0.0,food and drink companies by country,0.0,0.0,0.039257625116877234,0.010613380385567198
55,1,55,LDA,5,1.0,0.0,0.0,categories by company,0.0,0.0,0.03831530063908357,0.010242611735543795
56,1,56,LDA,5,1.0,0.0,0.0,product introductions by century,0.0,0.0,0.039386531317463835,0.01001688253577162
57,1,57,LDA,5,1.0,0.0,0.0,companies by industry and year of establishment,0.0,0.0,0.02947123331799824,0.009944012995748487
58,1,58,LDA,5,1.0,0.0,0.0,food and drink companies by time,0.0,0.0,0.03942713465477022,0.009890543883964296
59,1,59,LDA,5,1.0,0.0,0.0,food and drink companies by century of establishment,0.0,0.0,0.03942713465477022,0.009890543883964296
60,1,60,LDA,6,1.0,0.0,0.0,nutrition,0.0,0.0,0.08132839518117059,0.02080103701967373
61,1,61,LDA,6,1.0,0.0,0.0,health,0.0,0.0,0.07898119376701075,0.019240527863323927
62,1,62,LDA,6,1.0,0.0,0.0,food politics,0.0,0.0,0.07541430114527478,0.018371600798528655
63,1,63,LDA,6,1.0,0.0,0.0,branches of biology,0.0,0.0,0.08222856144556097,0.017917065828439546
64,1,64,LDA,6,1.0,0.0,0.0,food and drink,0.0,0.0,0.0450361388949108,0.01745923286999936
65,1,65,LDA,6,1.0,0.0,0.0,food science,0.0,0.0,0.06845192620691029,0.016772501597372157
66,1,66,LDA,6,1.0,0.0,0.0,determinants of health,0.0,0.0,0.0746897565512789,0.015993679788273145
67,1,67,LDA,6,1.0,0.0,0.0,food additives,0.0,0.0,0.06573542339487358,0.014608818566917838
68,1,68,LDA,6,1.0,0.0,0.0,food industry,0.0,0.0,0.03803076706830491,0.013982523839862338
69,1,69,LDA,6,1.0,0.0,0.0,chemical substances by use,0.0,0.0,0.063557181022175,0.013709566428651886
70,1,70,LDA,0,1.0,0.0,0.0,books by date,0.0,0.0,0.16710609296432807,0.01182235910065908
71,1,71,LDA,0,1.0,0.0,0.0,literature by year,0.0,0.0,0.16710609296432807,0.01182235910065908
72,1,72,LDA,0,1.0,0.0,0.0,books by decade,0.0,0.0,0.16710609296432807,0.01182235910065908
73,1,73,LDA,0,1.0,0.0,0.0,non-fiction books by country,0.0,0.0,0.1598406106615312,0.011308343487586943
74,1,74,LDA,0,1.0,0.0,0.0,tea,0.0,0.0,0.14913045827511945,0.012527361858640793
75,1,75,LDA,1,1.0,0.0,0.0,plants by location,0.0,0.0,0.05513946390770984,0.012748826931064277
76,1,76,LDA,2,1.0,0.0,0.0,foods by cooking technique,0.0,0.0,0.04371969799509993,0.013547215377468608
77,1,77,LDA,3,1.0,0.0,0.0,20th-century births,0.0,0.0,0.02118164526563713,0.006875703357523588
78,1,78,LDA,4,1.0,0.0,0.0,anxiolytics,0.0,0.0,0.0857100417689104,0.012709892419748738
79,1,79,LDA,5,1.0,0.0,0.0,product introductions by decade,0.0,0.0,0.038877508251840234,0.009835727086249649
80,1,80,LDA,6,1.0,0.0,0.0,organic compounds,0.0,0.0,0.06548748410910807,0.01309318460805948
81,1,81,LDA,6,1.0,0.0,0.0,wine,0.0,0.0,0.058732713912693364,0.012558252097289582
82,1,0,LDA,0,0.0,1.0,0.0,book,0.0,0.0,0.0786946661669482,0.0105974225549179
83,1,1,LDA,0,0.0,1.0,0.0,recipes,0.0,0.0,0.06692786546614476,0.010237963262222548
84,1,2,LDA,0,0.0,1.0,0.0,cookery,0.0,0.0,0.08802028367365708,0.0077631006476236546
85,1,3,LDA,0,0.0,1.0,0.0,tea,0.0,0.0,0.05672409505533716,0.007350550424754581
86,1,4,LDA,0,0.0,1.0,0.0,cookbook,0.0,0.0,0.06039726276153226,0.007098978959733983
87,1,5,LDA,0,0.0,1.0,0.0,edition,0.0,0.0,0.08520464695986231,0.007019778464243051
88,1,6,LDA,0,0.0,1.0,0.0,chinese,0.0,0.0,0.03866174317413492,0.006057763547651802
89,1,7,LDA,0,0.0,1.0,0.0,published,0.0,0.0,0.05551446144934767,0.006046332999655514
90,1,8,LDA,0,0.0,1.0,0.0,english,0.0,0.0,0.053569996950246175,0.005972492665155232
91,1,9,LDA,0,0.0,1.0,0.0,cookery book,0.0,0.0,0.07942885019997553,0.005492018370993878
92,1,10,LDA,1,0.0,1.0,0.0,species,0.0,0.0,0.040691714686457436,0.011475864451167196
93,1,11,LDA,1,0.0,1.0,0.0,fruit,0.0,0.0,0.0257031092675486,0.006937803793281822
94,1,12,LDA,1,0.0,1.0,0.0,plant,0.0,0.0,0.026075213869646775,0.006886343680533738
95,1,13,LDA,1,0.0,1.0,0.0,leaves,0.0,0.0,0.0266673749816852,0.006500102760820847
96,1,14,LDA,1,0.0,1.0,0.0,seeds,0.0,0.0,0.027224539469735114,0.0063991593145591346
97,1,15,LDA,1,0.0,1.0,0.0,tree,0.0,0.0,0.026069729019962736,0.005942884504447118
98,1,16,LDA,1,0.0,1.0,0.0,cultivars,0.0,0.0,0.023617629304232415,0.0052704248105013155
99,1,17,LDA,1,0.0,1.0,0.0,flowers,0.0,0.0,0.023466457101643343,0.005151575887787391
100,1,18,LDA,1,0.0,1.0,0.0,genus,0.0,0.0,0.021870705304002258,0.004626986822777997
101,1,19,LDA,1,0.0,1.0,0.0,cultivated,0.0,0.0,0.02079575933008049,0.004491534512744627
102,1,20,LDA,2,0.0,1.0,0.0,dish,0.0,0.0,0.024072595903272098,0.007914702704124667
103,1,21,LDA,2,0.0,1.0,0.0,meat,0.0,0.0,0.016969147443877727,0.0055885850236902035
104,1,22,LDA,2,0.0,1.0,0.0,cooked,0.0,0.0,0.01761928846304877,0.005281020066337031
105,1,23,LDA,2,0.0,1.0,0.0,served,0.0,0.0,0.01644030763261546,0.004998705005515339
106,1,24,LDA,2,0.0,1.0,0.0,cuisine,0.0,0.0,0.016021856012423445,0.0048273154923417355
107,1,25,LDA,2,0.0,1.0,0.0,rice,0.0,0.0,0.015474918666780546,0.004620208332081578
108,1,26,LDA,2,0.0,1.0,0.0,sauce,0.0,0.0,0.015454075256238988,0.004551768078700933
109,1,27,LDA,2,0.0,1.0,0.0,bread,0.0,0.0,0.014765497641859224,0.0044632882443317356
110,1,28,LDA,2,0.0,1.0,0.0,cheese,0.0,0.0,0.014502045128929518,0.004352356951660859
111,1,29,LDA,2,0.0,1.0,0.0,prepared,0.0,0.0,0.014296507747983998,0.004155526231353272
112,1,30,LDA,3,0.0,1.0,0.0,restaurant,0.0,0.0,0.023999425470327185,0.008688965544255838
113,1,31,LDA,3,0.0,1.0,0.0,opened,0.0,0.0,0.013071313946301844,0.004115033057934774
114,1,32,LDA,3,0.0,1.0,0.0,menu,0.0,0.0,0.013042164678030741,0.00401570682327551
115,1,33,LDA,3,0.0,1.0,0.0,locations,0.0,0.0,0.012116132618533159,0.0037984383402969273
116,1,34,LDA,3,0.0,1.0,0.0,chain,0.0,0.0,0.01180635665572748,0.0037546142750203115
117,1,35,LDA,3,0.0,1.0,0.0,chef,0.0,0.0,0.012146681618749669,0.003746745665430525
118,1,36,LDA,3,0.0,1.0,0.0,street,0.0,0.0,0.011157401106370856,0.003430841074054659
119,1,37,LDA,3,0.0,1.0,0.0,building,0.0,0.0,0.010763627816762841,0.0032882473780612123
120,1,38,LDA,3,0.0,1.0,0.0,bar,0.0,0.0,0.009626615149172566,0.0030010655986463398
121,1,39,LDA,3,0.0,1.0,0.0,franchise,0.0,0.0,0.009020175906480429,0.002738744094589775
122,1,40,LDA,4,0.0,1.0,0.0,beer,0.0,0.0,0.05444602623475302,0.012312261702713323
123,1,41,LDA,4,0.0,1.0,0.0,brewery,0.0,0.0,0.04842773500212663,0.008771192831759684
124,1,42,LDA,4,0.0,1.0,0.0,alcohol,0.0,0.0,0.039801675124949996,0.007471580641426605
125,1,43,LDA,4,0.0,1.0,0.0,drink,0.0,0.0,0.031306411854735615,0.006648782568379126
126,1,44,LDA,4,0.0,1.0,0.0,brewing,0.0,0.0,0.0383199328330643,0.006415035609944376
127,1,45,LDA,4,0.0,1.0,0.0,abv,0.0,0.0,0.040281677830552864,0.00586469785223722
128,1,46,LDA,4,0.0,1.0,0.0,wine,0.0,0.0,0.02374364333751284,0.005634038396300092
129,1,47,LDA,4,0.0,1.0,0.0,ale,0.0,0.0,0.03781046303498018,0.00562487499170752
130,1,48,LDA,4,0.0,1.0,0.0,lager,0.0,0.0,0.036272308860070816,0.005223934527834428
131,1,49,LDA,4,0.0,1.0,0.0,malt,0.0,0.0,0.0335335273500003,0.004869001396849804
132,1,50,LDA,5,0.0,1.0,0.0,company,0.0,0.0,0.030394624810951912,0.01021778939060217
133,1,51,LDA,5,0.0,1.0,0.0,brand,0.0,0.0,0.02676921860683773,0.007333470932899231
134,1,52,LDA,5,0.0,1.0,0.0,products,0.0,0.0,0.022719331890424986,0.006151105071319552
135,1,53,LDA,5,0.0,1.0,0.0,stores,0.0,0.0,0.016630322726242826,0.004043055364468609
136,1,54,LDA,5,0.0,1.0,0.0,business,0.0,0.0,0.015798688794756252,0.0040428440694908335
137,1,55,LDA,5,0.0,1.0,0.0,acquired,0.0,0.0,0.017789188717038783,0.004025582887344337
138,1,56,LDA,5,0.0,1.0,0.0,coca cola,0.0,0.0,0.015650900169675182,0.003503767660272547
139,1,57,LDA,5,0.0,1.0,0.0,announced,0.0,0.0,0.014947137302245473,0.0034625604219971893
140,1,58,LDA,5,0.0,1.0,0.0,market,0.0,0.0,0.014735389381841513,0.003448386147407604
141,1,59,LDA,5,0.0,1.0,0.0,sales,0.0,0.0,0.014693077847837068,0.0034075484101252804
142,1,60,LDA,6,0.0,1.0,0.0,grapes,0.0,0.0,0.023167506790334202,0.004719173895134635
143,1,61,LDA,6,0.0,1.0,0.0,vineyards,0.0,0.0,0.02111593499657056,0.0040572080036284115
144,1,62,LDA,6,0.0,1.0,0.0,diet,0.0,0.0,0.01811585680033649,0.003695819567656204
145,1,63,LDA,6,0.0,1.0,0.0,food,0.0,0.0,0.014059427850613706,0.0036828752114147975
146,1,64,LDA,6,0.0,1.0,0.0,proteins,0.0,0.0,0.019206876857977825,0.003636181893907981
147,1,65,LDA,6,0.0,1.0,0.0,animals,0.0,0.0,0.01719891852131714,0.0033399272638418988
148,1,66,LDA,6,0.0,1.0,0.0,intake,0.0,0.0,0.017649350984001624,0.003249726420154234
149,1,67,LDA,6,0.0,1.0,0.0,acid,0.0,0.0,0.01614011604245387,0.0031391167982775976
150,1,68,LDA,6,0.0,1.0,0.0,water,0.0,0.0,0.013107676230141802,0.0031177088338897145
151,1,69,LDA,6,0.0,1.0,0.0,process,0.0,0.0,0.015305459601539104,0.0031129144680805193
152,1,70,LDA,0,0.0,1.0,0.0,tea leaves,0.0,0.0,0.06591454439561603,0.004597845310578332
153,1,71,LDA,0,0.0,1.0,0.0,teas,0.0,0.0,0.06349621948139635,0.005043338286308081
154,1,72,LDA,0,0.0,1.0,0.0,green tea,0.0,0.0,0.05889726587337634,0.004572484949995935
155,1,73,LDA,0,0.0,1.0,0.0,preface,0.0,0.0,0.05690396598080436,0.0034882802620549787
156,1,74,LDA,4,0.0,1.0,0.0,distillery,0.0,0.0,0.0328757475217815,0.004632931822358029
157,1,75,LDA,4,0.0,1.0,0.0,hops,0.0,0.0,0.032833757461085016,0.004540631705599784
158,1,76,LDA,5,0.0,1.0,0.0,factory,0.0,0.0,0.015155298016103016,0.003364807029164296
159,1,77,LDA,6,0.0,1.0,0.0,wines,0.0,0.0,0.024482745699906012,0.005300650432526399
160,1,78,LDA,6,0.0,1.0,0.0,humans,0.0,0.0,0.01607958372862264,0.002978505300454373
161,1,79,LDA,6,0.0,1.0,0.0,vines,0.0,0.0,0.015856916258270067,0.002968281338582301
162,1,0,LDA,0,0.0,0.0,1.0,book,0.0,0.0,0.04346059390709557,0.00881642879488395
163,1,1,LDA,0,0.0,0.0,1.0,published,0.0,0.0,0.04496837661603408,0.007529549628738133
164,1,2,LDA,0,0.0,0.0,1.0,english,0.0,0.0,0.033667001694921546,0.00636655342024497
165,1,3,LDA,0,0.0,0.0,1.0,recipes,0.0,0.0,0.028419927499778355,0.006103977590137153
166,1,4,LDA,0,0.0,0.0,1.0,edition,0.0,0.0,0.06128308438728468,0.005955303738777276
167,1,5,LDA,0,0.0,0.0,1.0,cookery,0.0,0.0,0.06948042380486759,0.0057651339287769655
168,1,6,LDA,0,0.0,0.0,1.0,century,0.0,0.0,0.023896525982068092,0.005586774180720172
169,1,7,LDA,0,0.0,0.0,1.0,times,0.0,0.0,0.016819068008780462,0.005309015257921497
170,1,8,LDA,0,0.0,0.0,1.0,cookbooks,0.0,0.0,0.04882929784064306,0.0049573650038730955
171,1,9,LDA,0,0.0,0.0,1.0,england,0.0,0.0,0.03430963491089819,0.004866300314935828
172,1,10,LDA,1,0.0,0.0,1.0,species,0.0,0.0,0.026513376271443158,0.006967915889344463
173,1,11,LDA,1,0.0,0.0,1.0,leaves,0.0,0.0,0.0245813684355539,0.006726247002006245
174,1,12,LDA,1,0.0,0.0,1.0,grow,0.0,0.0,0.023780292567115568,0.0063890099392980544
175,1,13,LDA,1,0.0,0.0,1.0,cultivation,0.0,0.0,0.02506186240735734,0.006382174154508797
176,1,14,LDA,1,0.0,0.0,1.0,plants,0.0,0.0,0.02129509098995596,0.006232886482058182
177,1,15,LDA,1,0.0,0.0,1.0,flowers,0.0,0.0,0.02498949778200864,0.00590911688932577
178,1,16,LDA,1,0.0,0.0,1.0,seeds,0.0,0.0,0.02311700361951144,0.005905419553349002
179,1,17,LDA,1,0.0,0.0,1.0,uses,0.0,0.0,0.0154770673935103,0.005473222703772051
180,1,18,LDA,1,0.0,0.0,1.0,north,0.0,0.0,0.01634364519883677,0.0050655611811345575
181,1,19,LDA,1,0.0,0.0,1.0,tree,0.0,0.0,0.020767220414239004,0.004822523332148479
182,1,20,LDA,2,0.0,0.0,1.0,dishes,0.0,0.0,0.02350970352783297,0.008409004761168914
183,1,21,LDA,2,0.0,0.0,1.0,cooked,0.0,0.0,0.020185981911543287,0.007155399386986544
184,1,22,LDA,2,0.0,0.0,1.0,preparation,0.0,0.0,0.020416368467746457,0.006787266496061837
185,1,23,LDA,2,0.0,0.0,1.0,served,0.0,0.0,0.016254631452119098,0.0061873770235684866
186,1,24,LDA,2,0.0,0.0,1.0,ingredients,0.0,0.0,0.017184550369915223,0.0058994223482010276
187,1,25,LDA,2,0.0,0.0,1.0,traditional,0.0,0.0,0.016420968268733974,0.0058054760577451936
188,1,26,LDA,2,0.0,0.0,1.0,cuisine,0.0,0.0,0.017002641214740887,0.005501156395463115
189,1,27,LDA,2,0.0,0.0,1.0,popular,0.0,0.0,0.01452786746012118,0.005449033512181664
190,1,28,LDA,2,0.0,0.0,1.0,references,0.0,0.0,0.012800021618516191,0.0053914224942692044
191,1,29,LDA,2,0.0,0.0,1.0,sauce,0.0,0.0,0.017164554049631717,0.005330753794794843
192,1,30,LDA,3,0.0,0.0,1.0,restaurants,0.0,0.0,0.02103506235249677,0.007815919186172386
193,1,31,LDA,3,0.0,0.0,1.0,opened,0.0,0.0,0.01864123997791458,0.006619670623040778
194,1,32,LDA,3,0.0,0.0,1.0,new,0.0,0.0,0.014730183602985381,0.006336080876713626
195,1,33,LDA,3,0.0,0.0,1.0,location,0.0,0.0,0.017118154408559464,0.005896925853273751
196,1,34,LDA,3,0.0,0.0,1.0,city,0.0,0.0,0.014537297646629213,0.0052610274904352885
197,1,35,LDA,3,0.0,0.0,1.0,year,0.0,0.0,0.012257968895868629,0.005176987117229752
198,1,36,LDA,3,0.0,0.0,1.0,worked,0.0,0.0,0.015148740440133413,0.004960620091538117
199,1,37,LDA,3,0.0,0.0,1.0,award,0.0,0.0,0.01507077645934955,0.004834404611877694
200,1,38,LDA,3,0.0,0.0,1.0,featured,0.0,0.0,0.014357372153701082,0.004643246719283046
201,1,39,LDA,3,0.0,0.0,1.0,york,0.0,0.0,0.014125849074284413,0.00460819918043953
202,1,40,LDA,4,0.0,0.0,1.0,beers,0.0,0.0,0.04008834328855487,0.007260768839885924
203,1,41,LDA,4,0.0,0.0,1.0,alcohol,0.0,0.0,0.033275191546416186,0.006541765621744666
204,1,42,LDA,4,0.0,0.0,1.0,brewery,0.0,0.0,0.03768344900917685,0.006220097922713697
205,1,43,LDA,4,0.0,0.0,1.0,brewing,0.0,0.0,0.03554674448462273,0.006183840433389222
206,1,44,LDA,4,0.0,0.0,1.0,drink,0.0,0.0,0.023111975099354604,0.00570852874391004
207,1,45,LDA,4,0.0,0.0,1.0,ale,0.0,0.0,0.036313278652635006,0.00537324804911879
208,1,46,LDA,4,0.0,0.0,1.0,bottle,0.0,0.0,0.027820253299119527,0.005232483779810221
209,1,47,LDA,4,0.0,0.0,1.0,produced,0.0,0.0,0.014126741844904197,0.004848541979326296
210,1,48,LDA,4,0.0,0.0,1.0,brewers,0.0,0.0,0.03289789441298868,0.004737951674927575
211,1,49,LDA,4,0.0,0.0,1.0,spirits,0.0,0.0,0.03133600279498072,0.0046617016643910655
212,1,50,LDA,5,0.0,0.0,1.0,company,0.0,0.0,0.023729577968146127,0.008646134849739931
213,1,51,LDA,5,0.0,0.0,1.0,brands,0.0,0.0,0.0254379307055067,0.007675080348358231
214,1,52,LDA,5,0.0,0.0,1.0,products,0.0,0.0,0.01786638659285746,0.0067043170659947925
215,1,53,LDA,5,0.0,0.0,1.0,market,0.0,0.0,0.019732980626691248,0.006640024414659626
216,1,54,LDA,5,0.0,0.0,1.0,united,0.0,0.0,0.01554324152944655,0.006019982507548023
217,1,55,LDA,5,0.0,0.0,1.0,sold,0.0,0.0,0.0182684860837484,0.005704706593907425
218,1,56,LDA,5,0.0,0.0,1.0,sales,0.0,0.0,0.02011472766894236,0.00565099899536788
219,1,57,LDA,5,0.0,0.0,1.0,operations,0.0,0.0,0.01985154065873051,0.005384528668024472
220,1,58,LDA,5,0.0,0.0,1.0,business,0.0,0.0,0.016837998407609404,0.00505543929550197
221,1,59,LDA,5,0.0,0.0,1.0,acquired,0.0,0.0,0.02114911770960352,0.004960532556670839
222,1,60,LDA,6,0.0,0.0,1.0,effects,0.0,0.0,0.017818214072032525,0.0044977931218771645
223,1,61,LDA,6,0.0,0.0,1.0,studies,0.0,0.0,0.0175672533104546,0.0043134723916085135
224,1,62,LDA,6,0.0,0.0,1.0,increased,0.0,0.0,0.0154669978173604,0.0043034835473024675
225,1,63,LDA,6,0.0,0.0,1.0,levels,0.0,0.0,0.017343466644079385,0.004160197569832199
226,1,64,LDA,6,0.0,0.0,1.0,high,0.0,0.0,0.012405342121285808,0.0038273601767525173
227,1,65,LDA,6,0.0,0.0,1.0,results,0.0,0.0,0.015405290507087119,0.0038169446722005436
228,1,66,LDA,6,0.0,0.0,1.0,research,0.0,0.0,0.01529616212096844,0.0038025953337962725
229,1,67,LDA,6,0.0,0.0,1.0,health,0.0,0.0,0.01460636901517505,0.003710691031216091
230,1,68,LDA,6,0.0,0.0,1.0,process,0.0,0.0,0.01305891428613391,0.0036548959992258475
231,1,69,LDA,6,0.0,0.0,1.0,required,0.0,0.0,0.014525961840438474,0.0035950476260706524
232,1,70,LDA,0,0.0,0.0,1.0,editions,0.0,0.0,0.061472756576660376,0.005064572745167011
233,1,71,LDA,0,0.0,0.0,1.0,elizabeth,0.0,0.0,0.053574856198557216,0.003573569669024376
234,1,72,LDA,0,0.0,0.0,1.0,writes,0.0,0.0,0.052084996999494405,0.0041679546494316645
235,1,73,LDA,0,0.0,0.0,1.0,writers,0.0,0.0,0.048803006658604764,0.0037595325840305725
236,1,74,LDA,0,0.0,0.0,1.0,teas,0.0,0.0,0.04837863268766037,0.0042112101073362536
237,1,75,LDA,0,0.0,0.0,1.0,publisher,0.0,0.0,0.04670628489104988,0.003541786952397003
238,1,76,LDA,0,0.0,0.0,1.0,pages,0.0,0.0,0.04027806798095765,0.002883310165178357
239,1,77,LDA,1,0.0,0.0,1.0,grows,0.0,0.0,0.023933363424428797,0.005746900157738856
240,1,78,LDA,1,0.0,0.0,1.0,cultivars,0.0,0.0,0.021401000440013432,0.004715940383194135
241,1,79,LDA,1,0.0,0.0,1.0,native,0.0,0.0,0.01977282073166893,0.004563551241330619
242,1,80,LDA,2,0.0,0.0,1.0,dish,0.0,0.0,0.023943574162010497,0.008327252467570326
243,1,81,LDA,2,0.0,0.0,1.0,fried,0.0,0.0,0.01601390101533311,0.0048186364380053215
244,1,82,LDA,2,0.0,0.0,1.0,recipe,0.0,0.0,0.015687187861090808,0.005209400055925693
245,1,83,LDA,3,0.0,0.0,1.0,menu,0.0,0.0,0.014305043782691703,0.0044418844610993715
246,1,84,LDA,3,0.0,0.0,1.0,business,0.0,0.0,0.01413326554536929,0.004962222159832153
247,1,85,LDA,4,0.0,0.0,1.0,abv,0.0,0.0,0.03020522149611858,0.004166027893445246
248,1,86,LDA,4,0.0,0.0,1.0,distilling,0.0,0.0,0.02804037398697446,0.0038170730131318756
249,1,87,LDA,4,0.0,0.0,1.0,liquor,0.0,0.0,0.027888371959655628,0.004115539352493817
250,1,88,LDA,5,0.0,0.0,1.0,companies,0.0,0.0,0.02508675927512905,0.00774433232875075
251,1,89,LDA,5,0.0,0.0,1.0,marketing,0.0,0.0,0.019999668403890582,0.0058924702626161896
252,1,90,LDA,5,0.0,0.0,1.0,advertising,0.0,0.0,0.01956626472836773,0.004861714505602586
253,1,91,LDA,5,0.0,0.0,1.0,announced,0.0,0.0,0.01898818679896808,0.004662155941484878
254,1,92,LDA,5,0.0,0.0,1.0,cola,0.0,0.0,0.01892860777062137,0.004260229756901362
255,1,93,LDA,6,0.0,0.0,1.0,humans,0.0,0.0,0.01616107332240228,0.0035737717311333634
256,1,94,LDA,6,0.0,0.0,1.0,increases,0.0,0.0,0.015506045628878437,0.0035279061410959578
257,1,95,LDA,6,0.0,0.0,1.0,acids,0.0,0.0,0.015278477469870131,0.0035490825776080506
258,1,96,LDA,6,0.0,0.0,1.0,reduced,0.0,0.0,0.015106591942500852,0.003446106207382687
259,1,0,LDA,0,0.0,0.0,0.0,tea,0.0,1.0,0.4609899266629413,0.03949764731534156
260,1,1,LDA,0,0.0,0.0,0.0,cookbook,0.0,1.0,0.4921696089754166,0.035107567214000115
261,1,2,LDA,0,0.0,0.0,0.0,cookery book,0.0,1.0,0.500049171680688,0.029959417335061533
262,1,3,LDA,0,0.0,0.0,0.0,elizabeth david,0.0,1.0,0.4358990095595478,0.0263823497777072
263,1,4,LDA,0,0.0,0.0,0.0,camellia sinensis,0.0,1.0,0.4358990095595478,0.0263823497777072
264,1,5,LDA,0,0.0,0.0,0.0,british cuisine,0.0,1.0,0.3672195725882469,0.02268094367882697
265,1,6,LDA,0,0.0,0.0,0.0,victorian era,0.0,1.0,0.3470426729954861,0.020376667703508256
266,1,7,LDA,0,0.0,0.0,0.0,devon,0.0,1.0,0.333366114453792,0.01997294489004102
267,1,8,LDA,0,0.0,0.0,0.0,china,0.0,1.0,0.20368192997477735,0.01973399851859997
268,1,9,LDA,0,0.0,0.0,0.0,english cuisine,0.0,1.0,0.320726640919999,0.01960966554863636
269,1,10,LDA,1,0.0,0.0,0.0,species,0.0,1.0,0.1606320258242719,0.034750479513796034
270,1,11,LDA,1,0.0,0.0,0.0,genus,0.0,1.0,0.15846311619153858,0.03415523224402288
271,1,12,LDA,1,0.0,0.0,0.0,flowering plant,0.0,1.0,0.14432734786649604,0.030463405952089663
272,1,13,LDA,1,0.0,0.0,0.0,fruit,0.0,1.0,0.11246576930120918,0.024951930835136138
273,1,14,LDA,1,0.0,0.0,0.0,family,0.0,1.0,0.1175876115781585,0.024434375227510925
274,1,15,LDA,1,0.0,0.0,0.0,cultivar,0.0,1.0,0.10867702193487724,0.022771253877896136
275,1,16,LDA,1,0.0,0.0,0.0,carl linnaeus,0.0,1.0,0.1051455618292346,0.021720443458964456
276,1,17,LDA,1,0.0,0.0,0.0,tree,0.0,1.0,0.09873561848777324,0.020324824054235496
277,1,18,LDA,1,0.0,0.0,0.0,common name,0.0,1.0,0.08680214686794484,0.01786221924184794
278,1,19,LDA,1,0.0,0.0,0.0,seed,0.0,1.0,0.08563803644347677,0.01770201695800279
279,1,20,LDA,2,0.0,0.0,0.0,pork,0.0,1.0,0.062190040233188276,0.017631484810534063
280,1,21,LDA,2,0.0,0.0,0.0,cheese,0.0,1.0,0.0553454559235001,0.01568708901386373
281,1,22,LDA,2,0.0,0.0,0.0,bread,0.0,1.0,0.055014266360128086,0.015597082717010904
282,1,23,LDA,2,0.0,0.0,0.0,rice,0.0,1.0,0.055006951605925176,0.015591797709836515
283,1,24,LDA,2,0.0,0.0,0.0,beef,0.0,1.0,0.052528540770113784,0.01495333608279629
284,1,25,LDA,2,0.0,0.0,0.0,sugar,0.0,1.0,0.05166030042680611,0.014790929708797662
285,1,26,LDA,2,0.0,0.0,0.0,tomato,0.0,1.0,0.049381669664070094,0.01403267272018098
286,1,27,LDA,2,0.0,0.0,0.0,onion,0.0,1.0,0.047358507612615716,0.013543480272839584
287,1,28,LDA,2,0.0,0.0,0.0,garlic,0.0,1.0,0.04525262802830747,0.012975662059914158
288,1,29,LDA,2,0.0,0.0,0.0,sauce,0.0,1.0,0.042811396666392984,0.012287852500301472
289,1,30,LDA,3,0.0,0.0,0.0,restaurant,0.0,1.0,0.10355024989227714,0.03146462056904936
290,1,31,LDA,3,0.0,0.0,0.0,united states,0.0,1.0,0.09140236567641094,0.029793864875821082
291,1,32,LDA,3,0.0,0.0,0.0,new york city,0.0,1.0,0.07777954883655214,0.023656836397281163
292,1,33,LDA,3,0.0,0.0,0.0,restaurant chain,0.0,1.0,0.05816873825515105,0.018088089851403824
293,1,34,LDA,3,0.0,0.0,0.0,fast food,0.0,1.0,0.057087367443281474,0.017622493136390114
294,1,35,LDA,3,0.0,0.0,0.0,chef,0.0,1.0,0.056022341628109484,0.01735265051363726
295,1,36,LDA,3,0.0,0.0,0.0,the new york times,0.0,1.0,0.05529084877265463,0.016807894824409073
296,1,37,LDA,3,0.0,0.0,0.0,hamburger,0.0,1.0,0.05391584702976583,0.016643465739924
297,1,38,LDA,3,0.0,0.0,0.0,food network,0.0,1.0,0.049093919110895536,0.015360038418099747
298,1,39,LDA,3,0.0,0.0,0.0,michelin star,0.0,1.0,0.048072288567454234,0.015151539412046262
299,1,40,LDA,4,0.0,0.0,0.0,beer,0.0,1.0,0.3189666602510639,0.04749403186428018
300,1,41,LDA,4,0.0,0.0,0.0,brewery,0.0,1.0,0.2524396164700466,0.032503725777609384
301,1,42,LDA,4,0.0,0.0,0.0,cocktail,0.0,1.0,0.24301049751270615,0.03229204580059725
302,1,43,LDA,4,0.0,0.0,0.0,alcoholic beverage,0.0,1.0,0.2432096487746153,0.03181040647162005
303,1,44,LDA,4,0.0,0.0,0.0,alcohol by volume,0.0,1.0,0.15291457227553398,0.01851285489727768
304,1,45,LDA,4,0.0,0.0,0.0,anheuser-busch inbev,0.0,1.0,0.1446523764165515,0.017455685284995498
305,1,46,LDA,4,0.0,0.0,0.0,gin,0.0,1.0,0.13352527053835522,0.016112940263072768
306,1,47,LDA,4,0.0,0.0,0.0,scotch whisky,0.0,1.0,0.12987537703844573,0.01575274749348138
307,1,48,LDA,4,0.0,0.0,0.0,coffee,0.0,1.0,0.1125513349236164,0.0152437238457389
308,1,49,LDA,4,0.0,0.0,0.0,diageo,0.0,1.0,0.11692173671115855,0.014239700339003297
309,1,50,LDA,5,0.0,0.0,0.0,soft drink,0.0,1.0,0.1639750853560504,0.03651930526121926
310,1,51,LDA,5,0.0,0.0,0.0,the coca-cola company,0.0,1.0,0.15029922514439628,0.032943394415907636
311,1,52,LDA,5,0.0,0.0,0.0,united kingdom,0.0,1.0,0.10490393839903894,0.02362382978373597
312,1,53,LDA,5,0.0,0.0,0.0,supermarket,0.0,1.0,0.08790782765044751,0.019119178978359158
313,1,54,LDA,5,0.0,0.0,0.0,coca-cola,0.0,1.0,0.08388763019832854,0.01824139702883872
314,1,55,LDA,5,0.0,0.0,0.0,chocolate,0.0,1.0,0.07796269967383122,0.017151003600973845
315,1,56,LDA,5,0.0,0.0,0.0,pepsico,0.0,1.0,0.07808615604702811,0.01705451545933086
316,1,57,LDA,5,0.0,0.0,0.0,brand,0.0,1.0,0.0739881306708516,0.016135437029338867
317,1,58,LDA,5,0.0,0.0,0.0,canada,0.0,1.0,0.07029423741083142,0.0158632856558341
318,1,59,LDA,5,0.0,0.0,0.0,nestl√©,0.0,1.0,0.06639855025195895,0.014603950283021206
319,1,60,LDA,6,0.0,0.0,0.0,wine,0.0,1.0,0.13114376778704895,0.02607890583404137
320,1,61,LDA,6,0.0,0.0,0.0,protein,0.0,1.0,0.07994932564886692,0.014334737774196412
321,1,62,LDA,6,0.0,0.0,0.0,food,0.0,1.0,0.07831770675807373,0.014272507311292797
322,1,63,LDA,6,0.0,0.0,0.0,organic compound,0.0,1.0,0.07922311377261793,0.013918528668749805
323,1,64,LDA,6,0.0,0.0,0.0,carbohydrate,0.0,1.0,0.07831770675807373,0.013778479124556509
324,1,65,LDA,6,0.0,0.0,0.0,grape,0.0,1.0,0.07350488678970049,0.012976253195942648
325,1,66,LDA,6,0.0,0.0,0.0,ethanol,0.0,1.0,0.07005083771138818,0.01237862133212086
326,1,67,LDA,6,0.0,0.0,0.0,fat,0.0,1.0,0.059863534475998875,0.010524229344118804
327,1,68,LDA,6,0.0,0.0,0.0,glucose,0.0,1.0,0.055167189666064514,0.009693998457527005
328,1,69,LDA,6,0.0,0.0,0.0,world health organization,0.0,1.0,0.05448188296213825,0.009559519108701514
329,1,70,LDA,0,0.0,0.0,0.0,green tea,0.0,1.0,0.3147596336470687,0.019440808867565967
330,1,71,LDA,2,0.0,0.0,0.0,vegetable,0.0,1.0,0.042931980437112216,0.012191497142159629
331,1,72,LDA,2,0.0,0.0,0.0,meat,0.0,1.0,0.042931980437112216,0.012191497142159629
332,1,73,LDA,3,0.0,0.0,0.0,manhattan,0.0,1.0,0.04352218078498196,0.013806714832210543
333,1,74,LDA,4,0.0,0.0,0.0,pale lager,0.0,1.0,0.11448853518047725,0.01376774428809714
334,1,75,LDA,5,0.0,0.0,0.0,united states,0.0,1.0,0.10077434740448217,0.026840443503783968
335,1,76,LDA,6,0.0,0.0,0.0,sugar,0.0,1.0,0.06578687367678193,0.012972126576948044
336,1,0,LDA,0,0.0,0.0,0.0,acid,1.0,0.0,0.0270153029133946,0.008251294678989357
337,1,1,LDA,0,0.0,0.0,0.0,develop,1.0,0.0,0.02756733841276564,0.008102561506816128
338,1,2,LDA,0,0.0,0.0,0.0,allow,1.0,0.0,0.02310927279834655,0.008095202969772453
339,1,3,LDA,0,0.0,0.0,0.0,alcohol,1.0,0.0,0.02307002971144637,0.00808542652675607
340,1,4,LDA,0,0.0,0.0,0.0,lead,1.0,0.0,0.02703382309798071,0.008065642418654912
341,1,5,LDA,0,0.0,0.0,0.0,example,1.0,0.0,0.02291438118714396,0.008046490928365364
342,1,6,LDA,0,0.0,0.0,0.0,health,1.0,0.0,0.02685867685180008,0.008036665914949899
343,1,7,LDA,0,0.0,0.0,0.0,need,1.0,0.0,0.0264338401422894,0.00801268987619708
344,1,8,LDA,0,0.0,0.0,0.0,method,1.0,0.0,0.022779901482000382,0.008012643442498205
345,1,9,LDA,0,0.0,0.0,0.0,level,1.0,0.0,0.022866170833289252,0.007986095292682044
346,1,10,LDA,1,0.0,0.0,0.0,range,1.0,0.0,0.02547299273118144,0.010240526687850509
347,1,11,LDA,1,0.0,0.0,0.0,female,1.0,0.0,0.025317102804684147,0.010193680577831212
348,1,12,LDA,1,0.0,0.0,0.0,occur,1.0,0.0,0.025314735561991,0.010183089167749413
349,1,13,LDA,1,0.0,0.0,0.0,shell,1.0,0.0,0.02525122544856331,0.010160642780819087
350,1,14,LDA,1,0.0,0.0,0.0,male,1.0,0.0,0.02519512940966008,0.010147520706542044
351,1,15,LDA,1,0.0,0.0,0.0,catch,1.0,0.0,0.02507432567260447,0.010101607186639144
352,1,16,LDA,1,0.0,0.0,0.0,breed,1.0,0.0,0.025048073473277924,0.010099806203593315
353,1,17,LDA,1,0.0,0.0,0.0,aquaculture,1.0,0.0,0.025012243122644988,0.010079740076547964
354,1,18,LDA,1,0.0,0.0,0.0,land,1.0,0.0,0.02494532720060699,0.010059951930386493
355,1,19,LDA,1,0.0,0.0,0.0,mushroom,1.0,0.0,0.024928939926731772,0.010054771498465438
356,1,20,LDA,2,0.0,0.0,0.0,juice,1.0,0.0,0.02184163072792881,0.009249319311703192
357,1,21,LDA,2,0.0,0.0,0.0,long,1.0,0.0,0.021723548456350026,0.00919554906938795
358,1,22,LDA,2,0.0,0.0,0.0,white,1.0,0.0,0.021522372434162572,0.009104869668358228
359,1,23,LDA,2,0.0,0.0,0.0,oil,1.0,0.0,0.021520588637151283,0.009099102736385893
360,1,24,LDA,2,0.0,0.0,0.0,green,1.0,0.0,0.021471911784191902,0.009075101999096924
361,1,25,LDA,2,0.0,0.0,0.0,cultivate,1.0,0.0,0.02142605351455265,0.009048076470143648
362,1,26,LDA,2,0.0,0.0,0.0,india,1.0,0.0,0.02139247501136129,0.009029277840099841
363,1,27,LDA,2,0.0,0.0,0.0,harvest,1.0,0.0,0.021334702123599128,0.00899996843356284
364,1,28,LDA,2,0.0,0.0,0.0,china,1.0,0.0,0.02125841918917686,0.008964780362459521
365,1,29,LDA,2,0.0,0.0,0.0,root,1.0,0.0,0.021239977453508304,0.00895113780011309
366,1,30,LDA,3,0.0,0.0,0.0,protein,1.0,0.0,0.023923738484455236,0.010220976158689644
367,1,31,LDA,3,0.0,0.0,0.0,study,1.0,0.0,0.02379839389949655,0.010198358834432016
368,1,32,LDA,3,0.0,0.0,0.0,effect,1.0,0.0,0.02379702043420264,0.010178546222397314
369,1,33,LDA,3,0.0,0.0,0.0,source,1.0,0.0,0.02414447618208013,0.010142172636302632
370,1,34,LDA,3,0.0,0.0,0.0,report,1.0,0.0,0.02405290691410653,0.010131410213878237
371,1,35,LDA,3,0.0,0.0,0.0,low,1.0,0.0,0.024016924286984327,0.010128853111626887
372,1,36,LDA,3,0.0,0.0,0.0,system,1.0,0.0,0.02394424044605184,0.01010488120277563
373,1,37,LDA,3,0.0,0.0,0.0,provide,1.0,0.0,0.02391651694091509,0.010100816957844852
374,1,38,LDA,3,0.0,0.0,0.0,consumption,1.0,0.0,0.023878932012981004,0.01008922729719021
375,1,39,LDA,3,0.0,0.0,0.0,sugar,1.0,0.0,0.023828161110959305,0.010080285724528315
376,1,40,LDA,4,0.0,0.0,0.0,vine,1.0,0.0,0.03908218445247043,0.01290939881042122
377,1,41,LDA,4,0.0,0.0,0.0,french,1.0,0.0,0.03899437335969844,0.012908314452682692
378,1,42,LDA,4,0.0,0.0,0.0,de,1.0,0.0,0.038562180145198084,0.01283600835558491
379,1,43,LDA,4,0.0,0.0,0.0,heat,1.0,0.0,0.037979908053270055,0.012746598637869241
380,1,44,LDA,4,0.0,0.0,0.0,vitamin,1.0,0.0,0.03561633301178409,0.012745817798889577
381,1,45,LDA,4,0.0,0.0,0.0,style,1.0,0.0,0.04130376128879769,0.012661862698316687
382,1,46,LDA,4,0.0,0.0,0.0,quality,1.0,0.0,0.042632769745807694,0.012619500751948742
383,1,47,LDA,4,0.0,0.0,0.0,france,1.0,0.0,0.04138747826720055,0.012612233390356215
384,1,48,LDA,4,0.0,0.0,0.0,winery,1.0,0.0,0.04176508672651176,0.012611161137285594
385,1,49,LDA,4,0.0,0.0,0.0,age,1.0,0.0,0.04145412720311078,0.012602057419565762
386,1,50,LDA,5,0.0,0.0,0.0,home,1.0,0.0,0.02606150442374876,0.010229018568343086
387,1,51,LDA,5,0.0,0.0,0.0,form,1.0,0.0,0.02486950886042945,0.01010573534678608
388,1,52,LDA,5,0.0,0.0,0.0,bacon,1.0,0.0,0.02470257454537142,0.010039936275465346
389,1,53,LDA,5,0.0,0.0,0.0,canada,1.0,0.0,0.024660115320266424,0.010023551632921507
390,1,54,LDA,5,0.0,0.0,0.0,sweet,1.0,0.0,0.02455321015599276,0.009980681779361391
391,1,55,LDA,5,0.0,0.0,0.0,spice,1.0,0.0,0.024521057819995112,0.009967709490308244
392,1,56,LDA,5,0.0,0.0,0.0,chicken,1.0,0.0,0.02444786455646653,0.00993796664104772
393,1,57,LDA,5,0.0,0.0,0.0,egg,1.0,0.0,0.02427806191010269,0.009867755623152456
394,1,58,LDA,5,0.0,0.0,0.0,meal,1.0,0.0,0.024243820618034484,0.009854566003695308
395,1,59,LDA,5,0.0,0.0,0.0,salt,1.0,0.0,0.024237849799278503,0.009851155836064898
396,1,60,LDA,6,0.0,0.0,0.0,bottle,1.0,0.0,0.031219574035344564,0.012363351237756144
397,1,61,LDA,6,0.0,0.0,0.0,create,1.0,0.0,0.03062944087259501,0.012153334145415858
398,1,62,LDA,6,0.0,0.0,0.0,history,1.0,0.0,0.030335777203624494,0.01204955188175974
399,1,63,LDA,6,0.0,0.0,0.0,location,1.0,0.0,0.029967289171998326,0.011913632432336587
400,1,64,LDA,6,0.0,0.0,0.0,eat,1.0,0.0,0.029768411234808587,0.01183964563657768
401,1,65,LDA,6,0.0,0.0,0.0,bread,1.0,0.0,0.029696744882151814,0.011812874552001728
402,1,66,LDA,6,0.0,0.0,0.0,popular,1.0,0.0,0.027138908453010046,0.01081316075643996
403,1,67,LDA,6,0.0,0.0,0.0,ingredient,1.0,0.0,0.027066320440444738,0.010782680631988796
404,1,68,LDA,6,0.0,0.0,0.0,recipe,1.0,0.0,0.026978845125258808,0.010746542173408657
405,1,69,LDA,6,0.0,0.0,0.0,meat,1.0,0.0,0.026891933409419054,0.01071053007333322
406,1,70,LDA,0,0.0,0.0,0.0,consume,1.0,0.0,0.02638012581657869,0.007956564253072519
407,1,71,LDA,3,0.0,0.0,0.0,level,1.0,0.0,0.023838196629222597,0.010078332377684464
408,1,72,LDA,4,0.0,0.0,0.0,wheat,1.0,0.0,0.04293950870222057,0.012504180562132957
409,1,73,LDA,4,0.0,0.0,0.0,german,1.0,0.0,0.04279747341925709,0.012213637270283023
410,1,74,LDA,4,0.0,0.0,0.0,italy,1.0,0.0,0.042759521533391014,0.012546757394525043
411,1,75,LDA,4,0.0,0.0,0.0,italian,1.0,0.0,0.04251385109661345,0.01229300996681746
412,1,76,LDA,4,0.0,0.0,0.0,blend,1.0,0.0,0.042307815966136315,0.012589400979723863
413,1,77,LDA,4,0.0,0.0,0.0,label,1.0,0.0,0.041810178130569836,0.012529851893883413
414,1,78,LDA,4,0.0,0.0,0.0,barrel,1.0,0.0,0.041717314367464016,0.012581068924972509
415,1,79,LDA,4,0.0,0.0,0.0,roman,1.0,0.0,0.041620956791079175,0.012520606084505472
