,article_id
0,0
1,1
2,2
3,5
4,6
5,7
6,8
7,9
8,10
9,11
10,12
11,13
12,15
13,16
14,18
15,20
16,22
17,23
18,31
19,32
20,33
21,34
22,35
23,36
24,38
25,39
26,40
27,41
28,42
29,43
30,44
31,45
32,47
33,48
34,49
35,51
36,52
37,55
38,56
39,60
40,61
41,62
42,63
43,65
44,67
45,68
46,69
47,72
48,73
49,74
50,75
51,76
52,78
53,79
54,81
55,82
56,84
57,85
58,87
59,89
60,90
61,94
62,95
63,96
64,98
65,99
66,100
67,102
68,103
69,104
70,106
71,107
72,108
73,109
74,110
75,111
76,112
77,113
78,114
79,115
80,116
81,117
82,118
83,119
84,120
85,121
86,122
87,123
88,124
89,125
90,126
91,127
92,128
93,129
94,130
95,131
96,132
97,133
98,134
99,135
100,136
101,137
102,138
103,139
104,140
105,141
106,142
107,143
108,144
109,145
110,146
111,147
112,148
113,149
114,150
115,152
116,154
117,155
118,156
119,159
120,161
121,162
122,163
123,164
124,165
125,166
126,167
127,168
128,169
129,171
130,172
131,173
132,174
133,175
134,176
135,177
136,178
137,179
138,180
139,181
140,182
141,183
142,185
143,186
144,187
145,188
146,190
147,192
148,193
149,196
150,197
151,198
152,199
153,200
154,201
155,202
156,203
157,204
158,205
159,206
160,207
161,208
162,209
163,210
164,211
165,212
166,213
167,214
168,215
169,216
170,217
171,218
172,219
173,220
174,221
175,222
176,223
177,224
178,225
179,226
180,227
181,228
182,229
183,230
184,231
185,232
186,233
187,234
188,235
189,236
190,237
191,238
192,239
193,240
194,241
195,242
196,243
197,244
198,245
199,246
200,247
201,248
202,249
203,250
204,251
205,252
206,253
207,254
208,255
209,256
210,257
211,258
212,259
213,260
214,261
215,262
216,263
217,264
218,265
219,266
220,267
221,268
222,269
223,270
224,271
225,272
226,273
227,274
228,275
229,276
230,277
231,278
232,279
233,280
234,281
235,283
236,284
237,286
238,287
239,288
240,290
241,291
242,292
243,293
244,294
245,295
246,296
247,297
248,298
249,299
250,300
251,301
252,302
253,303
254,304
255,305
256,306
257,307
258,308
259,309
260,310
261,311
262,312
263,313
264,314
265,315
266,316
267,317
268,318
269,319
270,320
271,321
272,322
273,323
274,324
275,325
276,326
277,327
278,329
279,330
280,331
281,332
282,333
283,334
284,335
285,336
286,337
287,338
288,339
289,340
290,341
291,342
292,343
293,344
294,345
295,346
296,347
297,348
298,349
299,350
300,351
301,352
302,353
303,354
304,356
305,357
306,358
307,359
308,361
309,362
310,363
311,364
312,365
313,366
314,367
315,368
316,369
317,370
318,371
319,372
320,373
321,374
322,375
323,377
324,379
325,380
326,381
327,382
328,383
329,384
330,385
331,388
332,389
333,390
334,392
335,393
336,394
337,395
338,396
339,397
340,398
341,399
342,400
343,401
344,402
345,403
346,404
347,405
348,406
349,407
350,408
351,409
352,410
353,411
354,412
355,413
356,415
357,416
358,417
359,418
360,419
361,420
362,421
363,422
364,423
365,424
366,425
367,426
368,427
369,428
370,429
371,430
372,431
373,432
374,433
375,434
376,435
377,436
378,437
379,438
380,439
381,440
382,441
383,442
384,443
385,445
386,446
387,447
388,448
389,449
390,451
391,452
392,453
393,454
394,455
395,456
396,457
397,459
398,460
399,462
400,476
401,477
402,478
403,479
404,481
405,482
406,483
407,492
408,493
409,494
410,495
411,497
412,498
413,500
414,501
415,504
416,506
417,507
418,508
419,509
420,510
421,511
422,512
423,513
424,514
425,515
426,516
427,519
428,520
429,521
430,522
431,523
432,524
433,526
434,527
435,528
436,529
437,530
438,531
439,532
440,533
441,534
442,535
443,537
444,538
445,539
446,541
447,542
448,543
449,544
450,546
451,548
452,549
453,550
454,551
455,552
456,553
457,554
458,555
459,557
460,559
461,560
462,561
463,562
464,563
465,564
466,565
467,566
468,567
469,568
470,569
471,570
472,574
473,575
474,576
475,579
476,581
477,583
478,584
479,586
480,587
481,588
482,589
483,590
484,591
485,592
486,593
487,594
488,595
489,596
490,598
491,599
492,600
493,601
494,603
495,604
496,605
497,606
498,607
499,608
500,609
501,610
502,611
503,612
504,613
505,614
506,615
507,617
508,618
509,619
510,620
511,621
512,622
513,623
514,624
515,625
516,626
517,627
518,629
519,630
520,632
521,633
522,636
523,637
524,639
525,640
526,641
527,643
528,644
529,646
530,647
531,649
532,650
533,651
534,652
535,653
536,655
537,657
538,659
539,660
540,662
541,663
542,664
543,665
544,666
545,667
546,668
547,669
548,670
549,671
550,676
551,677
552,678
553,680
554,682
555,684
556,685
557,687
558,688
559,689
560,690
561,693
562,694
563,695
564,696
565,697
566,698
567,699
568,700
569,701
570,702
571,704
572,706
573,708
574,709
575,710
576,711
577,712
578,713
579,715
580,717
581,718
582,719
583,720
584,721
585,722
586,723
587,724
588,727
589,730
590,731
591,733
592,734
593,736
594,737
595,738
596,739
597,741
598,742
599,743
600,744
601,745
602,746
603,747
604,749
605,750
606,751
607,752
608,753
609,754
610,755
611,756
612,758
613,759
614,760
615,761
616,762
617,763
618,764
619,765
620,766
621,767
622,768
623,769
624,770
625,771
626,772
627,774
628,775
629,776
630,777
631,778
632,779
633,780
634,781
635,782
636,784
637,785
638,786
639,787
640,788
641,789
642,790
643,791
644,792
645,793
646,794
647,795
648,796
649,798
650,799
651,800
652,801
653,802
654,803
655,804
656,805
657,806
658,808
659,810
660,811
661,812
662,813
663,814
664,815
665,816
666,817
667,818
668,820
669,821
670,822
671,823
672,824
673,825
674,826
675,828
676,829
677,830
678,831
679,832
680,833
681,834
682,835
683,837
684,838
685,839
686,840
687,843
688,844
689,846
690,848
691,849
692,850
693,851
694,853
695,854
696,855
697,856
698,857
699,858
700,859
701,860
702,862
703,863
704,864
705,865
706,866
707,867
708,869
709,870
710,871
711,872
712,873
713,874
714,875
715,877
716,878
717,879
718,880
719,881
720,882
721,883
722,884
723,885
724,886
725,888
726,890
727,891
728,892
729,893
730,897
731,898
732,899
733,900
734,901
735,902
736,903
737,906
738,908
739,909
740,910
741,911
742,913
743,914
744,915
745,916
746,918
747,919
748,922
749,923
750,926
751,929
752,930
753,931
754,932
755,933
756,934
757,935
758,936
759,937
760,942
761,944
762,945
763,946
764,947
765,948
766,949
767,951
768,952
769,953
770,954
771,955
772,956
773,957
774,959
775,961
776,962
777,963
778,964
779,965
780,966
781,967
782,969
783,970
784,971
785,973
786,974
787,975
788,976
789,977
790,981
791,982
792,983
793,984
794,986
795,988
796,989
797,990
798,991
799,992
800,993
801,994
802,995
803,997
804,998
805,999
806,1000
807,1001
808,1002
809,1003
810,1004
811,1005
812,1006
813,1007
814,1008
815,1009
816,1010
817,1011
818,1012
819,1014
820,1016
821,1017
822,1019
823,1020
824,1021
825,1022
826,1023
827,1024
828,1025
829,1026
830,1027
831,1028
832,1029
833,1030
834,1031
835,1032
836,1033
837,1035
838,1036
839,1037
840,1039
841,1041
842,1042
843,1044
844,1045
845,1047
846,1049
847,1051
848,1054
849,1056
850,1057
851,1059
852,1060
853,1062
854,1066
855,1067
856,1068
857,1070
858,1071
859,1072
860,1073
861,1074
862,1075
863,1076
864,1077
865,1078
866,1079
867,1080
868,1081
869,1082
870,1083
871,1084
872,1085
873,1086
874,1088
875,1090
876,1091
877,1093
878,1094
879,1097
880,1099
881,1100
882,1101
883,1102
884,1103
885,1104
886,1105
887,1106
888,1107
889,1108
890,1109
891,1110
892,1111
893,1117
894,1118
895,1119
896,1120
897,1121
898,1122
899,1123
900,1124
901,1125
902,1128
903,1129
904,1130
905,1131
906,1133
907,1135
908,1136
909,1137
910,1138
911,1139
912,1140
913,1141
914,1142
915,1144
916,1145
917,1147
918,1148
919,1149
920,1150
921,1151
922,1152
923,1153
924,1154
925,1155
926,1158
927,1159
928,1160
929,1162
930,1164
931,1165
932,1166
933,1167
934,1168
935,1169
936,1170
937,1171
938,1172
939,1173
940,1174
941,1175
942,1176
943,1177
944,1178
945,1179
946,1180
947,1181
948,1182
949,1183
950,1184
951,1185
952,1186
953,1187
954,1188
955,1189
956,1190
957,1195
958,1197
959,1199
960,1200
961,1201
962,1202
963,1203
964,1204
965,1205
966,1206
967,1207
968,1208
969,1209
970,1210
971,1212
972,1213
973,1214
974,1215
975,1216
976,1217
977,1219
978,1220
979,1221
980,1223
981,1224
982,1225
983,1226
984,1227
985,1228
986,1231
987,1232
988,1238
989,1239
990,1240
991,1241
992,1242
993,1243
994,1244
995,1247
996,1248
997,1249
998,1251
999,1253
1000,1254
1001,1255
1002,1256
1003,1258
1004,1260
1005,1261
1006,1264
1007,1265
1008,1266
1009,1267
1010,1269
1011,1270
1012,1271
1013,1272
1014,1273
1015,1274
1016,1275
1017,1276
1018,1277
1019,1279
1020,1280
1021,1282
1022,1283
1023,1284
1024,1285
1025,1286
1026,1288
1027,1289
1028,1291
1029,1292
1030,1294
1031,1297
1032,1299
1033,1300
1034,1303
1035,1304
1036,1305
1037,1306
1038,1307
1039,1308
1040,1310
1041,1311
1042,1314
1043,1317
1044,1318
1045,1319
1046,1320
1047,1321
1048,1327
1049,1328
1050,1331
1051,1332
1052,1334
1053,1335
1054,1336
1055,1337
1056,1338
1057,1346
1058,1347
1059,1349
1060,1355
1061,1358
1062,1362
1063,1363
1064,1364
1065,1366
1066,1367
1067,1368
1068,1372
1069,1373
1070,1374
1071,1375
1072,1377
1073,1378
1074,1381
1075,1382
1076,1383
1077,1398
1078,1399
1079,1400
1080,1401
1081,1402
1082,1407
1083,1408
1084,1411
1085,1412
1086,1413
1087,1416
1088,1417
1089,1418
1090,1419
1091,1422
1092,1425
1093,1427
1094,1428
1095,1432
1096,1434
1097,1435
1098,1436
1099,1437
1100,1440
1101,1441
1102,1443
1103,1444
1104,1445
1105,1446
1106,1447
1107,1448
1108,1450
1109,1451
1110,1452
1111,1455
1112,1457
1113,1459
1114,1462
1115,1465
1116,1467
1117,1468
1118,1469
1119,1470
1120,1472
1121,1477
1122,1478
1123,1480
1124,1481
1125,1482
1126,1484
1127,1485
1128,1486
1129,1487
1130,1488
1131,1489
1132,1490
1133,1491
1134,1492
1135,1494
1136,1496
1137,1500
1138,1501
1139,1502
1140,1505
1141,1507
1142,1508
1143,1509
1144,1511
1145,1514
1146,1515
1147,1517
1148,1518
1149,1520
1150,1521
1151,1522
1152,1523
1153,1526
1154,1527
1155,1528
1156,1532
1157,1533
1158,1535
1159,1536
1160,1537
1161,1541
1162,1544
1163,1545
1164,1548
1165,1549
1166,1551
1167,1552
1168,1553
1169,1554
1170,1555
1171,1559
1172,1560
1173,1562
1174,1563
1175,1568
1176,1569
1177,1571
1178,1573
1179,1575
1180,1576
1181,1579
1182,1581
1183,1583
1184,1584
1185,1585
1186,1589
1187,1590
1188,1592
1189,1593
1190,1595
1191,1597
1192,1598
1193,1599
1194,1601
1195,1602
1196,1603
1197,1605
1198,1606
1199,1607
1200,1608
1201,1611
1202,1612
1203,1614
1204,1615
1205,1617
1206,1618
1207,1620
1208,1622
1209,1623
1210,1627
1211,1629
1212,1631
1213,1632
1214,1635
1215,1636
1216,1637
1217,1638
1218,1641
1219,1642
1220,1644
1221,1645
1222,1649
1223,1650
1224,1651
1225,1654
1226,1658
1227,1660
1228,1662
1229,1664
1230,1666
1231,1668
1232,1669
1233,1670
1234,1672
1235,1678
1236,1679
1237,1680
1238,1682
1239,1683
1240,1684
1241,1685
1242,1687
1243,1688
1244,1689
1245,1690
1246,1692
1247,1693
1248,1694
1249,1697
1250,1698
1251,1699
1252,1700
1253,1703
1254,1704
1255,1708
1256,1710
1257,1711
1258,1712
1259,1713
1260,1714
1261,1716
1262,1724
1263,1731
1264,1732
1265,1734
1266,1736
1267,1737
1268,1738
1269,1739
1270,1742
1271,1748
1272,1751
1273,1755
1274,1762
1275,1765
1276,1769
1277,1773
1278,1774
1279,1776
1280,1780
1281,1782
1282,1783
1283,1785
1284,1787
1285,1790
1286,1792
1287,1793
1288,1794
1289,1795
1290,1798
1291,1800
1292,1803
1293,1805
1294,1806
1295,1809
1296,1812
1297,1814
1298,1815
1299,1817
1300,1818
1301,1820
1302,1821
1303,1823
1304,1824
1305,1826
1306,1828
1307,1830
1308,1831
1309,1842
1310,1843
1311,1844
1312,1845
1313,1847
1314,1851
1315,1852
1316,1853
1317,1854
1318,1855
1319,1857
1320,1864
1321,1865
1322,1866
1323,1867
1324,1868
1325,1869
1326,1870
1327,1871
1328,1874
1329,1876
1330,1878
1331,1879
1332,1880
1333,1881
1334,1883
1335,1885
1336,1887
1337,1888
1338,1889
1339,1891
1340,1892
1341,1893
1342,1894
1343,1896
1344,1899
1345,1900
1346,1901
1347,1902
1348,1903
1349,1904
1350,1905
1351,1906
1352,1910
1353,1911
1354,1915
1355,1916
1356,1920
1357,1922
1358,1923
1359,1925
1360,1926
1361,1927
1362,1932
1363,1933
1364,1936
1365,1939
1366,1941
1367,1942
1368,1943
1369,1944
1370,1947
1371,1948
1372,1949
1373,1950
1374,1952
1375,1954
1376,1957
1377,1959
1378,1960
1379,1962
1380,1964
1381,1966
1382,1969
1383,1971
1384,1972
1385,1973
1386,1974
1387,1981
1388,1982
1389,1985
1390,1986
1391,1987
1392,1988
1393,1989
1394,1990
1395,1991
1396,1992
1397,1993
1398,1994
1399,1996
1400,1997
1401,1998
1402,1999
1403,2001
1404,2003
1405,2005
1406,2006
1407,2009
1408,2012
1409,2013
1410,2015
1411,2016
1412,2017
1413,2018
1414,2019
1415,2021
1416,2022
1417,2026
1418,2029
1419,2032
1420,2033
1421,2035
1422,2036
1423,2037
1424,2040
1425,2042
1426,2044
1427,2046
1428,2048
1429,2049
1430,2050
1431,2051
1432,2056
1433,2057
1434,2058
1435,2059
1436,2060
1437,2062
1438,2064
1439,2065
1440,2066
1441,2067
1442,2068
1443,2070
1444,2074
1445,2078
1446,2083
1447,2085
1448,2087
1449,2089
1450,2090
1451,2094
1452,2095
1453,2096
1454,2097
1455,2099
1456,2100
1457,2101
1458,2102
1459,2107
1460,2109
1461,2112
1462,2113
1463,2114
1464,2116
1465,2118
1466,2119
1467,2120
1468,2121
1469,2122
1470,2123
1471,2124
1472,2125
1473,2126
1474,2128
1475,2129
1476,2145
1477,2150
1478,2151
1479,2152
1480,2155
1481,2156
1482,2157
1483,2158
1484,2159
1485,2160
1486,2162
1487,2163
1488,2164
1489,2165
1490,2166
1491,2169
1492,2170
1493,2173
1494,2177
1495,2178
1496,2181
1497,2184
1498,2185
1499,2186
1500,2187
1501,2188
1502,2189
1503,2194
1504,2195
1505,2197
1506,2200
1507,2204
1508,2206
1509,2207
1510,2210
1511,2221
1512,2222
1513,2224
1514,2225
1515,2226
1516,2228
1517,2229
1518,2230
1519,2232
1520,2233
1521,2234
1522,2236
1523,2240
1524,2241
1525,2242
1526,2243
1527,2244
1528,2246
1529,2248
1530,2249
1531,2251
1532,2252
1533,2253
1534,2255
1535,2256
1536,2261
1537,2262
1538,2263
1539,2264
1540,2265
1541,2267
1542,2269
1543,2270
1544,2275
1545,2279
1546,2283
1547,2285
1548,2286
1549,2289
1550,2293
1551,2295
1552,2296
1553,2297
1554,2298
1555,2302
1556,2304
1557,2305
1558,2306
1559,2307
1560,2309
1561,2310
1562,2311
1563,2313
1564,2314
1565,2315
1566,2319
1567,2323
1568,2324
1569,2327
1570,2328
1571,2330
1572,2331
1573,2333
1574,2334
1575,2336
1576,2339
1577,2342
1578,2343
1579,2347
1580,2349
1581,2351
1582,2352
1583,2353
1584,2355
1585,2359
1586,2360
1587,2361
1588,2363
1589,2364
1590,2373
1591,2377
1592,2378
1593,2380
1594,2381
1595,2383
1596,2385
1597,2387
1598,2389
1599,2391
1600,2392
1601,2393
1602,2394
1603,2396
1604,2397
1605,2399
1606,2400
1607,2402
1608,2405
1609,2407
1610,2408
1611,2413
1612,2418
1613,2419
1614,2420
1615,2422
1616,2424
1617,2428
1618,2429
1619,2430
1620,2431
1621,2434
1622,2436
1623,2438
1624,2439
1625,2440
1626,2441
1627,2442
1628,2443
1629,2446
1630,2451
1631,2455
1632,2457
1633,2459
1634,2460
1635,2462
1636,2464
1637,2466
1638,2468
1639,2471
1640,2472
1641,2473
1642,2474
1643,2475
1644,2476
1645,2478
1646,2479
1647,2480
1648,2481
1649,2482
1650,2483
1651,2484
1652,2485
1653,2486
1654,2487
1655,2488
1656,2489
1657,2490
1658,2491
1659,2492
1660,2493
1661,2494
1662,2495
1663,2496
1664,2497
1665,2498
1666,2499
1667,2500
1668,2501
1669,2502
1670,2503
1671,2504
1672,2505
1673,2506
1674,2507
1675,2508
1676,2509
1677,2510
1678,2511
1679,2513
1680,2514
1681,2515
1682,2516
1683,2517
1684,2518
1685,2519
1686,2520
1687,2521
1688,2522
1689,2523
1690,2524
1691,2525
1692,2526
1693,2527
1694,2528
1695,2529
1696,2530
1697,2531
1698,2532
1699,2533
1700,2534
1701,2536
1702,2537
1703,2538
1704,2539
1705,2540
1706,2541
1707,2542
1708,2543
1709,2544
1710,2545
1711,2546
1712,2547
1713,2548
1714,2549
1715,2550
1716,2551
1717,2552
1718,2553
1719,2554
1720,2555
1721,2556
1722,2557
1723,2558
1724,2559
1725,2560
1726,2561
1727,2562
1728,2563
1729,2564
1730,2565
1731,2566
1732,2567
1733,2568
1734,2569
1735,2570
1736,2571
1737,2572
1738,2573
1739,2574
1740,2575
1741,2576
1742,2577
1743,2578
1744,2579
1745,2580
1746,2581
1747,2582
1748,2583
1749,2584
1750,2585
1751,2587
1752,2589
1753,2590
1754,2591
1755,2592
1756,2594
1757,2595
1758,2596
1759,2597
1760,2598
1761,2600
1762,2601
1763,2602
1764,2603
1765,2604
1766,2605
1767,2606
1768,2607
1769,2608
1770,2609
1771,2610
1772,2611
1773,2612
1774,2614
1775,2615
1776,2617
1777,2619
1778,2620
1779,2622
1780,2623
1781,2624
1782,2625
1783,2626
1784,2627
1785,2628
1786,2629
1787,2630
1788,2632
1789,2633
1790,2634
1791,2636
1792,2640
1793,2643
1794,2645
1795,2646
1796,2648
1797,2649
1798,2653
1799,2654
1800,2655
1801,2657
1802,2658
1803,2659
1804,2661
1805,2662
1806,2665
1807,2666
1808,2667
1809,2668
1810,2669
1811,2671
1812,2672
1813,2673
1814,2674
1815,2676
1816,2680
1817,2681
1818,2683
1819,2684
1820,2685
1821,2686
1822,2688
1823,2689
1824,2690
1825,2691
1826,2692
1827,2695
1828,2698
1829,2699
1830,2700
1831,2701
1832,2702
1833,2703
1834,2704
1835,2705
1836,2706
1837,2707
1838,2708
1839,2709
1840,2710
1841,2711
1842,2712
1843,2713
1844,2714
1845,2715
1846,2718
1847,2719
1848,2733
1849,2734
1850,2739
1851,2740
1852,2741
1853,2742
1854,2743
1855,2744
1856,2745
1857,2746
1858,2747
1859,2748
1860,2751
1861,2752
1862,2753
1863,2754
1864,2755
1865,2756
1866,2757
1867,2760
1868,2761
1869,2763
1870,2770
1871,2772
1872,2773
1873,2774
1874,2782
1875,2783
1876,2785
1877,2786
1878,2787
1879,2788
1880,2791
1881,2796
1882,2800
1883,2803
1884,2807
1885,2809
1886,2811
1887,2814
1888,2817
1889,2818
1890,2819
1891,2820
1892,2828
1893,2831
1894,2833
1895,2834
1896,2835
1897,2839
1898,2840
1899,2841
1900,2844
1901,2849
1902,2850
1903,2851
1904,2852
1905,2853
1906,2854
1907,2858
1908,2861
1909,2863
1910,2864
1911,2865
1912,2868
1913,2870
1914,2871
1915,2876
1916,2878
1917,2879
1918,2880
1919,2883
1920,2884
1921,2885
1922,2888
1923,2895
1924,2897
1925,2898
1926,2899
1927,2900
1928,2901
1929,2902
1930,2905
1931,2909
1932,2910
1933,2912
1934,2913
1935,2914
1936,2915
1937,2916
1938,2917
1939,2918
1940,2919
1941,2920
1942,2921
1943,2922
1944,2923
1945,2925
1946,2926
1947,2929
1948,2930
1949,2936
1950,2937
1951,2938
1952,2939
1953,2940
1954,2944
1955,2953
1956,2955
1957,2956
1958,2958
1959,2959
1960,2961
1961,2962
1962,2963
1963,2964
1964,2965
1965,2966
1966,2967
1967,2970
1968,2972
1969,2974
1970,2975
1971,2976
1972,2979
1973,2981
1974,2982
1975,2983
1976,2985
1977,2986
1978,2987
1979,2988
1980,2989
1981,2990
1982,2992
1983,2993
1984,2996
1985,2997
1986,2998
1987,3000
1988,3001
1989,3003
1990,3004
1991,3005
1992,3006
1993,3007
1994,3008
1995,3009
1996,3011
1997,3012
1998,3013
1999,3014
2000,3015
2001,3016
2002,3018
2003,3021
2004,3024
2005,3027
2006,3034
2007,3040
2008,3044
2009,3046
2010,3048
2011,3049
2012,3050
2013,3052
2014,3053
2015,3054
2016,3058
2017,3062
2018,3067
2019,3068
2020,3070
2021,3077
2022,3083
2023,3084
2024,3085
2025,3087
2026,3090
2027,3091
2028,3093
2029,3098
2030,3099
2031,3101
2032,3104
2033,3105
2034,3107
2035,3108
2036,3109
2037,3111
2038,3114
2039,3116
2040,3117
2041,3119
2042,3122
2043,3124
2044,3125
2045,3131
2046,3135
2047,3138
2048,3139
2049,3140
2050,3141
2051,3144
2052,3147
2053,3152
2054,3153
2055,3154
2056,3155
2057,3161
2058,3164
2059,3165
2060,3166
2061,3167
2062,3168
2063,3169
2064,3173
2065,3174
2066,3175
2067,3177
2068,3178
2069,3181
2070,3182
2071,3183
2072,3184
2073,3191
2074,3192
2075,3204
2076,3207
2077,3209
2078,3211
2079,3212
2080,3213
2081,3214
2082,3215
2083,3218
2084,3220
2085,3221
2086,3224
2087,3227
2088,3231
2089,3233
2090,3236
2091,3237
2092,3238
2093,3239
2094,3240
2095,3241
2096,3242
2097,3246
2098,3251
2099,3252
2100,3253
2101,3255
2102,3256
2103,3260
2104,3279
2105,3280
2106,3282
2107,3283
2108,3284
2109,3285
2110,3286
2111,3288
2112,3289
2113,3294
2114,3296
2115,3299
2116,3302
2117,3303
2118,3304
2119,3305
2120,3306
2121,3307
2122,3308
2123,3309
2124,3313
2125,3314
2126,3315
2127,3316
2128,3319
2129,3321
2130,3322
2131,3325
2132,3326
2133,3328
2134,3329
2135,3330
2136,3331
2137,3337
2138,3338
2139,3341
2140,3342
2141,3344
2142,3347
2143,3348
2144,3355
2145,3356
2146,3360
2147,3363
2148,3364
2149,3368
2150,3369
2151,3370
2152,3374
2153,3375
2154,3376
2155,3379
2156,3380
2157,3381
2158,3383
2159,3386
2160,3391
2161,3392
2162,3393
2163,3394
2164,3398
2165,3399
2166,3400
2167,3402
2168,3405
2169,3406
2170,3407
2171,3408
2172,3409
2173,3410
2174,3413
2175,3414
2176,3415
2177,3417
2178,3418
2179,3419
2180,3420
2181,3429
2182,3430
2183,3435
2184,3436
2185,3437
2186,3440
2187,3441
2188,3446
2189,3447
2190,3448
2191,3449
2192,3456
2193,3457
2194,3459
2195,3461
2196,3462
2197,3463
2198,3466
2199,3467
2200,3470
2201,3473
2202,3474
2203,3477
2204,3478
2205,3480
2206,3481
2207,3488
2208,3490
2209,3493
2210,3495
2211,3498
2212,3499
2213,3500
2214,3503
2215,3504
2216,3506
2217,3507
2218,3510
2219,3511
2220,3513
2221,3515
2222,3516
2223,3517
2224,3518
2225,3519
2226,3523
2227,3524
2228,3525
2229,3526
2230,3527
2231,3528
2232,3534
2233,3536
2234,3537
2235,3538
2236,3539
2237,3544
2238,3545
2239,3546
2240,3547
2241,3550
2242,3553
2243,3557
2244,3558
2245,3560
2246,3561
2247,3562
2248,3563
2249,3564
2250,3565
2251,3566
2252,3568
2253,3571
2254,3572
2255,3573
2256,3574
2257,3576
2258,3579
2259,3581
2260,3582
2261,3583
2262,3588
2263,3589
2264,3591
2265,3598
2266,3599
2267,3600
2268,3602
2269,3603
2270,3604
2271,3605
2272,3606
2273,3608
2274,3610
2275,3611
2276,3612
2277,3613
2278,3614
2279,3616
2280,3619
2281,3622
2282,3623
2283,3624
2284,3625
2285,3626
2286,3628
2287,3629
2288,3630
2289,3633
2290,3634
2291,3635
2292,3636
2293,3637
2294,3638
2295,3639
2296,3640
2297,3642
2298,3644
2299,3645
2300,3647
2301,3648
2302,3651
2303,3653
2304,3654
2305,3655
2306,3657
2307,3658
2308,3659
2309,3661
2310,3662
2311,3663
2312,3664
2313,3666
2314,3667
2315,3671
2316,3673
2317,3675
2318,3678
2319,3680
2320,3684
2321,3685
2322,3689
2323,3691
2324,3692
2325,3693
2326,3694
2327,3696
2328,3697
2329,3698
2330,3700
2331,3701
2332,3703
2333,3707
2334,3709
2335,3712
2336,3713
2337,3716
2338,3719
2339,3720
2340,3723
2341,3725
2342,3736
2343,3738
2344,3741
2345,3742
2346,3744
2347,3745
2348,3748
2349,3749
2350,3750
2351,3753
2352,3757
2353,3758
2354,3759
2355,3762
2356,3763
2357,3764
2358,3767
2359,3771
2360,3775
2361,3777
2362,3778
2363,3779
2364,3781
2365,3782
2366,3794
2367,3795
2368,3797
2369,3798
2370,3800
2371,3801
2372,3802
2373,3804
2374,3807
2375,3810
2376,3811
2377,3814
2378,3816
2379,3817
2380,3821
2381,3824
2382,3826
2383,3828
2384,3832
2385,3833
2386,3834
2387,3835
2388,3836
2389,3837
2390,3838
2391,3840
2392,3841
2393,3842
2394,3844
2395,3846
2396,3850
2397,3851
2398,3852
2399,3853
2400,3854
2401,3855
2402,3856
2403,3857
2404,3858
2405,3859
2406,3860
2407,3861
2408,3862
2409,3863
2410,3865
2411,3868
2412,3869
2413,3871
2414,3872
2415,3873
2416,3874
2417,3880
2418,3881
2419,3885
2420,3887
2421,3890
2422,3893
2423,3894
2424,3896
2425,3897
2426,3898
2427,3900
2428,3903
2429,3905
2430,3907
2431,3908
2432,3914
2433,3917
2434,3918
2435,3919
2436,3920
2437,3921
2438,3923
2439,3926
2440,3933
2441,3935
2442,3936
2443,3939
2444,3940
2445,3941
2446,3942
2447,3944
2448,3945
2449,3946
2450,3948
2451,3950
2452,3958
2453,3959
2454,3960
2455,3961
2456,3962
2457,3964
2458,3965
2459,3966
2460,3968
2461,3970
2462,3972
2463,3974
2464,3975
2465,3977
2466,3978
2467,3981
2468,3984
2469,3987
2470,3990
2471,3991
2472,3993
2473,3994
2474,3995
2475,3997
2476,3998
2477,3999
2478,4000
2479,4003
2480,4005
2481,4006
2482,4008
2483,4009
2484,4010
2485,4011
2486,4012
2487,4013
2488,4014
2489,4015
2490,4018
2491,4021
2492,4022
2493,4023
2494,4024
2495,4025
2496,4026
2497,4030
2498,4031
2499,4032
2500,4033
2501,4034
2502,4035
2503,4036
2504,4037
2505,4038
2506,4040
2507,4041
2508,4045
2509,4046
2510,4047
2511,4048
2512,4050
2513,4051
2514,4053
2515,4054
2516,4055
2517,4058
2518,4060
2519,4061
2520,4062
2521,4066
2522,4067
2523,4068
2524,4069
2525,4071
2526,4072
2527,4073
2528,4074
2529,4075
2530,4078
2531,4079
2532,4080
2533,4084
2534,4085
2535,4088
2536,4089
2537,4090
2538,4091
2539,4095
2540,4097
2541,4100
2542,4101
2543,4103
2544,4104
2545,4107
2546,4108
2547,4109
2548,4110
2549,4111
2550,4112
2551,4113
2552,4115
2553,4116
2554,4121
2555,4122
2556,4124
2557,4128
2558,4131
2559,4132
2560,4135
2561,4138
2562,4141
2563,4143
2564,4145
2565,4146
2566,4151
2567,4153
2568,4159
2569,4166
2570,4172
2571,4175
2572,4176
2573,4178
2574,4179
2575,4185
2576,4188
2577,4189
2578,4190
2579,4191
2580,4192
2581,4193
2582,4199
2583,4202
2584,4204
2585,4207
2586,4208
2587,4213
2588,4221
2589,4223
2590,4224
2591,4226
2592,4227
2593,4228
2594,4230
2595,4231
2596,4234
2597,4236
2598,4239
2599,4242
2600,4244
2601,4246
2602,4254
2603,4258
2604,4260
2605,4263
2606,4265
2607,4266
2608,4267
2609,4268
2610,4273
2611,4282
2612,4283
2613,4285
2614,4286
2615,4289
2616,4290
2617,4292
2618,4293
2619,4295
2620,4296
2621,4298
2622,4299
2623,4300
2624,4304
2625,4307
2626,4309
2627,4311
2628,4312
2629,4313
2630,4314
2631,4315
2632,4316
2633,4321
2634,4323
2635,4325
2636,4326
2637,4327
2638,4329
2639,4330
2640,4332
2641,4335
2642,4336
2643,4343
2644,4355
2645,4358
2646,4359
2647,4362
2648,4363
2649,4364
2650,4365
2651,4372
2652,4373
2653,4374
2654,4375
2655,4376
2656,4378
2657,4379
2658,4380
2659,4382
2660,4385
2661,4386
2662,4389
2663,4392
2664,4395
2665,4396
2666,4397
2667,4399
2668,4400
2669,4401
2670,4402
2671,4403
2672,4405
2673,4406
2674,4407
2675,4408
2676,4409
2677,4410
2678,4411
2679,4414
2680,4415
2681,4417
2682,4419
2683,4420
2684,4421
2685,4423
2686,4425
2687,4427
2688,4428
2689,4431
2690,4432
2691,4433
2692,4434
2693,4436
2694,4437
2695,4438
2696,4439
2697,4444
2698,4445
2699,4446
2700,4447
2701,4448
2702,4449
2703,4450
2704,4452
2705,4454
2706,4455
2707,4458
2708,4459
2709,4463
2710,4466
2711,4467
2712,4468
2713,4470
2714,4471
2715,4474
2716,4475
2717,4476
2718,4477
2719,4479
2720,4480
2721,4481
2722,4484
2723,4486
2724,4489
2725,4490
2726,4493
2727,4494
2728,4495
2729,4496
2730,4497
2731,4499
2732,4503
2733,4507
2734,4508
2735,4510
2736,4511
2737,4512
2738,4513
2739,4514
2740,4516
2741,4520
2742,4523
2743,4524
2744,4526
2745,4527
2746,4528
2747,4531
2748,4532
2749,4533
2750,4534
2751,4535
2752,4536
2753,4537
2754,4538
2755,4539
2756,4540
2757,4541
2758,4542
2759,4543
2760,4544
2761,4545
2762,4547
2763,4548
2764,4549
2765,4550
2766,4551
2767,4554
2768,4555
2769,4557
2770,4558
2771,4559
2772,4561
2773,4562
2774,4563
2775,4567
2776,4569
2777,4570
2778,4572
2779,4574
2780,4575
2781,4579
2782,4585
2783,4589
2784,4598
2785,4599
2786,4600
2787,4601
2788,4603
2789,4604
2790,4605
2791,4610
2792,4611
2793,4612
2794,4616
2795,4617
2796,4618
2797,4619
2798,4620
2799,4621
2800,4624
2801,4626
2802,4627
2803,4628
2804,4629
2805,4630
2806,4631
2807,4633
2808,4636
2809,4640
2810,4645
2811,4648
2812,4649
2813,4650
2814,4654
2815,4659
2816,4660
2817,4661
2818,4663
2819,4665
2820,4666
2821,4667
2822,4670
2823,4671
2824,4672
2825,4674
2826,4675
2827,4676
2828,4677
2829,4678
2830,4679
2831,4681
2832,4682
2833,4685
2834,4688
2835,4690
2836,4691
2837,4693
2838,4696
2839,4697
2840,4702
2841,4707
2842,4708
2843,4710
2844,4712
2845,4714
2846,4715
2847,4718
2848,4719
2849,4726
2850,4728
2851,4730
2852,4732
2853,4733
2854,4734
2855,4737
2856,4739
2857,4740
2858,4741
2859,4745
2860,4754
2861,4755
2862,4756
2863,4761
2864,4763
2865,4764
2866,4770
2867,4771
2868,4772
2869,4773
2870,4775
2871,4777
2872,4778
2873,4779
2874,4781
2875,4782
2876,4784
2877,4786
2878,4788
2879,4790
2880,4791
2881,4792
2882,4793
2883,4794
2884,4795
2885,4796
2886,4797
2887,4798
2888,4801
2889,4803
2890,4804
2891,4805
2892,4806
2893,4807
2894,4808
2895,4809
2896,4811
2897,4812
2898,4816
2899,4817
2900,4820
2901,4824
2902,4825
2903,4827
2904,4831
2905,4832
2906,4833
2907,4834
2908,4838
2909,4841
2910,4845
2911,4846
2912,4847
2913,4848
2914,4849
2915,4850
2916,4851
2917,4853
2918,4854
2919,4855
2920,4857
2921,4859
2922,4860
2923,4863
2924,4865
2925,4867
2926,4868
2927,4869
2928,4870
2929,4871
2930,4876
2931,4878
2932,4880
2933,4883
2934,4885
2935,4887
2936,4889
2937,4890
2938,4891
2939,4892
2940,4895
2941,4896
2942,4898
2943,4901
2944,4902
2945,4903
2946,4906
2947,4907
2948,4908
2949,4911
2950,4913
2951,4917
2952,4918
2953,4921
2954,4924
2955,4926
2956,4931
2957,4937
2958,4939
2959,4940
2960,4941
2961,4942
2962,4943
2963,4945
2964,4949
2965,4952
2966,4953
2967,4954
2968,4955
2969,4958
2970,4959
2971,4962
2972,4963
2973,4973
2974,4984
2975,4985
2976,4986
2977,4987
2978,4990
2979,4993
2980,4998
2981,5002
2982,5005
2983,5006
2984,5007
2985,5008
2986,5009
2987,5010
2988,5011
2989,5014
2990,5018
2991,5019
2992,5025
2993,5026
2994,5027
2995,5028
2996,5030
2997,5037
2998,5039
2999,5042
3000,5044
3001,5045
3002,5047
3003,5051
3004,5059
3005,5060
3006,5061
3007,5063
3008,5066
3009,5068
3010,5069
3011,5072
3012,5073
3013,5076
3014,5077
3015,5078
3016,5083
3017,5085
3018,5086
3019,5092
3020,5093
3021,5094
3022,5095
3023,5096
3024,5097
3025,5098
3026,5099
3027,5102
3028,5104
3029,5105
3030,5108
3031,5111
3032,5113
3033,5114
3034,5115
3035,5118
3036,5119
3037,5133
3038,5134
3039,5136
3040,5137
3041,5138
3042,5140
3043,5141
3044,5142
3045,5147
3046,5154
3047,5157
3048,5162
3049,5174
3050,5176
3051,5177
3052,5178
3053,5180
3054,5181
3055,5183
3056,5184
3057,5186
3058,5188
3059,5191
3060,5195
3061,5199
3062,5202
3063,5205
3064,5206
3065,5208
3066,5210
3067,5211
3068,5212
3069,5213
3070,5214
3071,5216
3072,5217
3073,5218
3074,5219
3075,5220
3076,5221
3077,5223
3078,5230
3079,5233
3080,5239
3081,5240
3082,5699
3083,5718
3084,5755
3085,6199
3086,6410
3087,6425
3088,6433
3089,6445
3090,6456
3091,6461
3092,6462
3093,6482
3094,6483
3095,6485
3096,6768
3097,7023
3098,7093
3099,7166
3100,7193
3101,7375
3102,7399
3103,7401
3104,7406
3105,7534
3106,7538
3107,7587
3108,7588
3109,7636
3110,8323
3111,8474
3112,8482
3113,8484
3114,8619
3115,8637
3116,8969
3117,8980
3118,9016
3119,9169
3120,9186
3121,9317
3122,9336
3123,9337
3124,9340
3125,9370
3126,9658
3127,9681
3128,9720
3129,9768
3130,9770
3131,9866
3132,9917
3133,9932
3134,9941
3135,10572
3136,10575
3137,10576
3138,10578
3139,10594
3140,10613
3141,10675
3142,10723
3143,10724
3144,11018
3145,11059
3146,11193
3147,11195
3148,11338
3149,11940
3150,11943
3151,11961
3152,12178
3153,12210
3154,12211
3155,12239
3156,12243
3157,12511
3158,12513
3159,12528
3160,12531
3161,12532
3162,12538
3163,12541
3164,12543
3165,12546
3166,12548
3167,12595
3168,12653
3169,12836
3170,13119
3171,13214
3172,13225
3173,13408
3174,13449
3175,13453
3176,13458
3177,13672
3178,13674
3179,13696
3180,13771
3181,13809
3182,13810
3183,13829
3184,13872
3185,13951
3186,14081
3187,14368
3188,14404
3189,14529
3190,14548
3191,14605
3192,14606
3193,14616
3194,14657
3195,14660
3196,14661
3197,14669
3198,14680
3199,14683
3200,14687
3201,14710
3202,15100
3203,15139
3204,15305
3205,15392
3206,15404
3207,15407
3208,15422
3209,15434
3210,15438
3211,15446
3212,15535
3213,15536
3214,15540
3215,15737
3216,15746
3217,15780
3218,15792
3219,15794
3220,15795
3221,15796
3222,15797
3223,15799
3224,15801
3225,15802
3226,15807
3227,15809
3228,15810
3229,15811
3230,15815
3231,15817
3232,15818
3233,15821
3234,15831
3235,15848
3236,15855
3237,15859
3238,15895
3239,16283
3240,16305
3241,16307
3242,16308
3243,16311
3244,16312
3245,16313
3246,16318
3247,16320
3248,16323
3249,16332
3250,16352
3251,17592
3252,17818
3253,17822
3254,17828
3255,18175
3256,18211
3257,18216
3258,18328
3259,18402
3260,19376
3261,19383
3262,19389
3263,19534
3264,19605
3265,19616
3266,19741
3267,19742
3268,19743
3269,19757
3270,19764
3271,19771
3272,19773
3273,19782
3274,19789
3275,19795
3276,19797
3277,19805
3278,19814
3279,19816
3280,19823
3281,19826
3282,19830
3283,19832
3284,19836
3285,19846
3286,19848
3287,19856
3288,19858
3289,19866
3290,19871
3291,19873
3292,19877
3293,19898
3294,19899
3295,19904
3296,19907
3297,20055
3298,20083
3299,20328
3300,20549
3301,20738
3302,20829
3303,21323
3304,21409
3305,21624
3306,21759
3307,21892
3308,21924
3309,21958
3310,21968
3311,22349
3312,22953
3313,23173
3314,23192
3315,23195
3316,23206
3317,23306
3318,23321
3319,23332
3320,23405
3321,23439
3322,23536
3323,23545
3324,23577
3325,23679
3326,23838
3327,23888
3328,23900
3329,23963
3330,23974
3331,24144
3332,24192
3333,24193
3334,24194
3335,24208
3336,24516
3337,24534
3338,24536
3339,24538
3340,24539
3341,24540
3342,24665
3343,24718
3344,24722
3345,24725
3346,24733
3347,24738
3348,24741
3349,24742
3350,24743
3351,24969
3352,24986
3353,24989
3354,24998
3355,24999
3356,25618
3357,25702
3358,25710
3359,25716
3360,25968
3361,25973
3362,26016
3363,26091
3364,26162
3365,26178
3366,26410
3367,26414
3368,26473
3369,26546
3370,26573
3371,26674
3372,26683
3373,26694
3374,26709
3375,26713
3376,26725
3377,26726
3378,26753
3379,26757
3380,26766
3381,26775
3382,26777
3383,26802
3384,26823
3385,26825
3386,26889
3387,26929
3388,26963
3389,27095
3390,27109
3391,27111
3392,27398
3393,28032
3394,28100
3395,28119
3396,28126
3397,28136
3398,28141
3399,28146
3400,28147
3401,28148
3402,28149
3403,28150
3404,28151
3405,28152
3406,28153
3407,28156
3408,28157
3409,28159
3410,28165
3411,28286
3412,28583
3413,28640
3414,28656
3415,28684
3416,28685
3417,28686
3418,28692
3419,28695
3420,28699
3421,28700
3422,28702
3423,28745
3424,28998
3425,29158
3426,29387
3427,29421
3428,29661
3429,29680
3430,29682
3431,29683
3432,29685
3433,29691
3434,29701
3435,29709
3436,29762
3437,29830
3438,29836
3439,29837
3440,29839
3441,29841
3442,30171
3443,30798
3444,30949
3445,31064
3446,31112
3447,31146
3448,31647
3449,31756
3450,31772
3451,31773
3452,31781
3453,31784
3454,31791
3455,31826
3456,31940
3457,31945
3458,31961
3459,31965
3460,32251
3461,32310
3462,32317
3463,32321
3464,32368
3465,32370
3466,32556
3467,32576
3468,32577
3469,33098
3470,33102
3471,33109
3472,33176
3473,33209
3474,33250
3475,33284
3476,33285
3477,33303
3478,33309
3479,33310
3480,33316
3481,33327
3482,33368
3483,33417
3484,33447
3485,33448
3486,33449
3487,33452
3488,33483
3489,33484
3490,33487
3491,33519
3492,33522
3493,33524
3494,33528
3495,33530
3496,33531
3497,33534
3498,33535
3499,33538
3500,33541
3501,33558
3502,33580
3503,33616
3504,33631
3505,33632
3506,33639
3507,33640
3508,33644
3509,33646
3510,33672
3511,33682
3512,33773
3513,34349
3514,34374
3515,34513
3516,34762
3517,34799
3518,34846
3519,34850
3520,34885
3521,35114
3522,35151
3523,35211
3524,35413
3525,35650
3526,35698
3527,35890
3528,36416
3529,36574
3530,36706
3531,36918
3532,36970
3533,37024
3534,37259
3535,37331
3536,37756
3537,37761
3538,37856
3539,38060
3540,38110
3541,38207
3542,38218
3543,38236
3544,38339
3545,38388
3546,38462
3547,38767
3548,38876
3549,39036
3550,39084
3551,39130
3552,39150
3553,39307
3554,39546
3555,40327
3556,40349
3557,40404
3558,40436
3559,40468
3560,40500
3561,40520
3562,40531
3563,40629
3564,40639
3565,41127
3566,41151
3567,41173
3568,41182
3569,41188
3570,41243
3571,41265
3572,41267
3573,41271
3574,41272
3575,41273
3576,41276
3577,41284
3578,41328
3579,41351
3580,41548
3581,41579
3582,42025
3583,42046
3584,42057
3585,42058
3586,42105
3587,42124
3588,42209
3589,42210
3590,42213
3591,42218
3592,42224
3593,42225
3594,42282
3595,42311
3596,42352
3597,42356
3598,42475
3599,42478
3600,42502
3601,42607
3602,42608
3603,42615
3604,42708
3605,42751
3606,42759
3607,42775
3608,42875
3609,42877
3610,42880
3611,42926
3612,42988
3613,43005
3614,43038
3615,43075
3616,43077
3617,43093
3618,43139
3619,43151
3620,43231
3621,43244
3622,43725
3623,43726
3624,43785
3625,43820
3626,43883
3627,43888
3628,44045
3629,44066
3630,44319
3631,44382
3632,44411
3633,44413
3634,44531
3635,44568
3636,44674
3637,44841
3638,44858
3639,44925
3640,44942
3641,44970
3642,44989
3643,45914
3644,45919
3645,45923
3646,45924
3647,45928
3648,45929
3649,45930
3650,46202
3651,46280
3652,46287
3653,46288
3654,46295
3655,46688
3656,46706
3657,46712
3658,46788
3659,46792
3660,47084
3661,47095
3662,47105
3663,47783
3664,47899
3665,47910
3666,47920
3667,47935
3668,47960
3669,47965
3670,47968
3671,48091
3672,48133
3673,48252
3674,48254
3675,48268
3676,48278
3677,48286
3678,48297
3679,48328
3680,48346
3681,48412
3682,48425
3683,48430
3684,48434
3685,48435
3686,48438
3687,48439
3688,48442
3689,48449
3690,48453
3691,48473
3692,48498
3693,48513
3694,48531
3695,48547
3696,48548
3697,48552
3698,48558
3699,48570
3700,48582
3701,48589
3702,48593
3703,48597
3704,48604
3705,48613
3706,48627
3707,48633
3708,48639
3709,48666
3710,48667
3711,48669
3712,49275
3713,49299
3714,49311
3715,49323
3716,49499
3717,49508
3718,49523
3719,49552
3720,49820
3721,49923
3722,50107
3723,50191
3724,50193
3725,50330
3726,50336
3727,50337
3728,50338
3729,50378
3730,50386
3731,50538
3732,50638
3733,50643
3734,50650
3735,50953
3736,50957
3737,50968
3738,50972
3739,50975
3740,50978
3741,50980
3742,50981
3743,50982
3744,50983
3745,50984
3746,50985
3747,50987
3748,50988
3749,51049
3750,51369
3751,51376
3752,51481
3753,51492
3754,51502
3755,51551
3756,51613
3757,51615
3758,51662
3759,51742
3760,51771
3761,52007
3762,52028
3763,52029
3764,52030
3765,52086
3766,52234
3767,52318
3768,52333
3769,52338
3770,52367
3771,52425
3772,52445
3773,52491
3774,52517
3775,52523
3776,52616
3777,52618
3778,52627
3779,52633
3780,52662
3781,52671
3782,52683
3783,52861
3784,52927
3785,52994
3786,53006
3787,53047
3788,53057
3789,53058
3790,53059
3791,53060
3792,53061
3793,53064
3794,53067
3795,53079
3796,53080
3797,53093
3798,53186
3799,53193
3800,53195
3801,53216
3802,53228
3803,53288
3804,53444
3805,53595
3806,53596
3807,53601
3808,53618
3809,53700
3810,53712
3811,53713
3812,53731
3813,53734
3814,53752
3815,53755
3816,53963
3817,53964
3818,53982
3819,53985
3820,53997
3821,54006
3822,54009
3823,54031
3824,54033
3825,54045
3826,54049
3827,54069
3828,54071
3829,54092
3830,54103
3831,54105
3832,54106
3833,54110
3834,54117
3835,54153
3836,54181
3837,54187
3838,55176
3839,55968
3840,57185
3841,57217
3842,57223
3843,57234
3844,57272
3845,57497
3846,57505
3847,57516
3848,57710
3849,57749
3850,57819
3851,57824
3852,57867
3853,58159
3854,58161
3855,58167
3856,58181
3857,58203
3858,58230
3859,58364
3860,58365
3861,58382
3862,58385
3863,58493
3864,58494
3865,58511
3866,58518
3867,58520
3868,58521
3869,58529
3870,58556
3871,58559
3872,58634
3873,58694
3874,58764
3875,58806
3876,58994
3877,59028
3878,59346
3879,59348
3880,59527
3881,59696
3882,59794
3883,60018
3884,60019
3885,60026
3886,60071
3887,60136
3888,60142
3889,60145
3890,60153
3891,60154
3892,60157
3893,60173
3894,60185
3895,60198
3896,60208
3897,60453
3898,60454
3899,60458
3900,60470
3901,60477
3902,60478
3903,61162
3904,61347
3905,61787
3906,61839
3907,61845
3908,61894
3909,61920
3910,61923
3911,61928
3912,61931
3913,61951
3914,62048
3915,62173
3916,62291
3917,62308
3918,62310
3919,62344
3920,62351
3921,62354
3922,62377
3923,63035
3924,63358
3925,63707
3926,63890
3927,63962
3928,64065
3929,64975
3930,64984
3931,65023
3932,65078
3933,65294
3934,65329
3935,65583
3936,65587
3937,65592
3938,65604
3939,65606
3940,65607
3941,65608
3942,65622
3943,65632
3944,65649
3945,65657
3946,65676
3947,65695
3948,65728
3949,65781
3950,65868
3951,65894
3952,65917
3953,65952
3954,66310
3955,66375
3956,66376
3957,66377
3958,66385
3959,66387
3960,66396
3961,66398
3962,66399
3963,66473
3964,66489
3965,66491
3966,66493
3967,66494
3968,66496
3969,66498
3970,66519
3971,66521
3972,66532
3973,66560
3974,66562
3975,66564
3976,66573
3977,66589
3978,66590
3979,66621
3980,66639
3981,66730
3982,66735
3983,66736
3984,66744
3985,66755
3986,66761
3987,66762
3988,66839
3989,66860
3990,66916
3991,66936
3992,66940
3993,66947
3994,67003
3995,67016
3996,67027
3997,67060
3998,67161
3999,67301
4000,67305
4001,67398
4002,67522
4003,67726
4004,67775
4005,67811
4006,67820
4007,67836
4008,68071
4009,68119
4010,68122
4011,68127
4012,68134
4013,68135
4014,68143
4015,68145
4016,68635
4017,68893
4018,68961
4019,68984
4020,68988
4021,68999
4022,69051
4023,69054
4024,69056
4025,69060
4026,69061
4027,69066
4028,69069
4029,69083
4030,69085
4031,69086
4032,69087
4033,69088
4034,69107
4035,69112
4036,69113
4037,69135
4038,69144
4039,69217
4040,69218
4041,69274
4042,69320
4043,69325
4044,69331
4045,69332
4046,70220
4047,70366
4048,70367
4049,70370
4050,70371
4051,70377
4052,70385
4053,70387
4054,70392
4055,70399
4056,70537
4057,70600
4058,70688
4059,70717
4060,70718
4061,70721
4062,70769
4063,70779
4064,70792
4065,70798
4066,70805
4067,70820
4068,70838
4069,70841
4070,71464
4071,71527
4072,71553
4073,71576
4074,71648
4075,71664
4076,71702
4077,71767
4078,71774
4079,71777
4080,71781
4081,71785
4082,71788
4083,71804
4084,71815
4085,71818
4086,71821
4087,71826
4088,71833
4089,71834
4090,71835
4091,71839
4092,71849
4093,71854
4094,71856
4095,71857
4096,71859
4097,71861
4098,71867
4099,71872
4100,71879
4101,71883
4102,71885
4103,71901
4104,71902
4105,71906
4106,71911
4107,71913
4108,71915
4109,71919
4110,71928
4111,71934
4112,71935
4113,71959
4114,71964
4115,72090
4116,72104
4117,72453
4118,72461
4119,72482
4120,72489
4121,72490
4122,72618
4123,72866
4124,73651
4125,73652
4126,73733
4127,73897
4128,73928
4129,73982
4130,73983
4131,74004
4132,74015
4133,74034
4134,74035
4135,74042
4136,74046
4137,74047
4138,74053
4139,74057
4140,74066
4141,74067
4142,74068
4143,74069
4144,74071
4145,74092
4146,74093
4147,74102
4148,74108
4149,74118
4150,74119
4151,74126
4152,74128
4153,74129
4154,74130
4155,74144
4156,74146
4157,74147
4158,74164
4159,74165
4160,74166
4161,74167
4162,74168
4163,74169
4164,74188
4165,74191
4166,74206
4167,74211
4168,74212
4169,74214
4170,74215
4171,74217
4172,74219
4173,74221
4174,74222
4175,74223
4176,74225
4177,74229
4178,74230
4179,74233
4180,74234
4181,74237
4182,74238
4183,74239
4184,74241
4185,74246
4186,74249
4187,74251
4188,74255
4189,74256
4190,74257
4191,74259
4192,74261
4193,74262
4194,74264
4195,74266
4196,74267
4197,74268
4198,74269
4199,74271
4200,74272
4201,74274
4202,74275
4203,74278
4204,74280
4205,74284
4206,74285
4207,74288
4208,74289
4209,74291
4210,74293
4211,74296
4212,74297
4213,74298
4214,74299
4215,74300
4216,74303
4217,74306
4218,74312
4219,74315
4220,74316
4221,74319
4222,74324
4223,74325
4224,74328
4225,74329
4226,74332
4227,74335
4228,74338
4229,74341
4230,74344
4231,74347
4232,74349
4233,74350
4234,74351
4235,74354
4236,74357
4237,74360
4238,74362
4239,74365
4240,74367
4241,74368
4242,74371
4243,74375
4244,74378
4245,74382
4246,74384
4247,74385
4248,74386
4249,74389
4250,74392
4251,74395
4252,74398
4253,74399
4254,74401
4255,74402
4256,74403
4257,74408
4258,74409
4259,74413
4260,74420
4261,74422
4262,74423
4263,74424
4264,74427
4265,74428
4266,74443
4267,74445
4268,74446
4269,74454
4270,74460
4271,74465
4272,74471
4273,74472
4274,74475
4275,74476
4276,74477
4277,74478
4278,74479
4279,74481
4280,74482
4281,74485
4282,74486
4283,74488
4284,74489
4285,74492
4286,74493
4287,74494
4288,74495
4289,74497
4290,74499
4291,74501
4292,74504
4293,74507
4294,74509
4295,74511
4296,74512
4297,74515
4298,74519
4299,74520
4300,74521
4301,74527
4302,74529
4303,74530
4304,74534
4305,74537
4306,74541
4307,74544
4308,74554
4309,74556
4310,74558
4311,74561
4312,74563
4313,74565
4314,74566
4315,74567
4316,74569
4317,74570
4318,74572
4319,74573
4320,74574
4321,74578
4322,74580
4323,74584
4324,74585
4325,74586
4326,74587
4327,74588
4328,74590
4329,74591
4330,74592
4331,74593
4332,74594
4333,74595
4334,74597
4335,74599
4336,74600
4337,74601
4338,74602
4339,74603
4340,74604
4341,74607
4342,74608
4343,74610
4344,74611
4345,74612
4346,74613
4347,74615
4348,74617
4349,75761
4350,76115
4351,76166
4352,76567
4353,77279
4354,77678
4355,80007
4356,80723
4357,82405
4358,82440
4359,82463
4360,82466
4361,82467
4362,82468
4363,82486
4364,83252
4365,83253
4366,83254
4367,83256
4368,83257
4369,83259
4370,83260
4371,83261
4372,83262
4373,83265
4374,83267
4375,83268
4376,83269
4377,83270
4378,83271
4379,83272
4380,83273
4381,83274
4382,83275
4383,83276
4384,83277
4385,83278
4386,83279
4387,83280
4388,83281
4389,83282
4390,83283
4391,83284
4392,83285
4393,83287
4394,83288
4395,83289
4396,83290
4397,83292
4398,83293
4399,83294
4400,83295
4401,83296
4402,83297
4403,83298
4404,83299
4405,83301
4406,83302
4407,83303
4408,83304
4409,83305
4410,83306
4411,83307
4412,83309
4413,83311
4414,83312
4415,83313
4416,83314
4417,83315
4418,83316
4419,83317
4420,83319
4421,83320
4422,83321
4423,83322
4424,83323
