,Unnamed: 0.1,alg,country,h_cat,key_phrases,key_words,kmeans_augmented,kmeans_plain,label,lda,links,pmi,tfidf,h_cat_tfidf,h_cat_pmi,links_tfidf,links_pmi,key_words_tfidf,key_words_pmi,key_phrases_tfidf,key_phrases_pmi,lda_tfidf,lda_pmi,share,avg_borda,cluster_num
0,0,kmeans_augmented,0,1.0,0.0,0.0,1.0,,food_politics,0.0,0.0,0.07706224011288977,0.01918128001940493,0.02032077059020552,0.16918848316764934,0.0,0.0,0.0,0.0,0.0,0.0,0.0,0.0,0.125,0.3125,0
1,1,kmeans_augmented,0,1.0,0.0,0.0,1.0,,nutrition,0.0,0.0,0.07407089388870705,0.01884807877404647,0.01601779404738712,0.0881334592382751,0.0,0.0,0.0,0.0,0.0,0.0,0.0,0.0,0.875,2.9375,0
2,2,kmeans_augmented,0,1.0,0.0,0.0,1.0,,health,0.0,0.0,0.07365947683228613,0.01768628256283448,0.015992847987147348,0.17584217891395612,0.0,0.0,0.0,0.0,0.0,0.0,0.0,0.0,0.5625,1.6875,0
3,9,kmeans_augmented,0,0.0,1.0,0.0,1.0,,health,0.0,0.0,0.016491559177596704,0.003049864957641082,0.0,0.0,0.0,0.0,0.0,0.0,0.011475864451167196,0.040691714686457436,0.0,0.0,0.5625,1.6875,0
4,3,kmeans_augmented,0,0.0,0.0,1.0,1.0,,health,0.0,0.0,0.015086819606941788,0.003868697327867693,0.0,0.0,0.0,0.0,0.007529549628738133,0.04496837661603408,0.0,0.0,0.0,0.0,0.5625,1.6875,0
5,3,kmeans_augmented,0,1.0,0.0,0.0,1.0,,food_additives,0.0,0.0,0.07450862172731547,0.01693739713738491,0.015939270517867057,0.17416349462838135,0.0,0.0,0.0,0.0,0.0,0.0,0.0,0.0,0.875,3.6875,0
6,4,kmeans_augmented,0,1.0,0.0,0.0,1.0,,food_and_drink,0.0,0.0,0.043500741139751366,0.016908635085539362,0.015682222498055853,0.16622893906444594,0.0,0.0,0.0,0.0,0.0,0.0,0.0,0.0,0.5625,2.0,0
7,10,kmeans_augmented,1,1.0,0.0,0.0,1.0,,cuisine,0.0,0.0,0.04373120367997796,0.01856050509836678,0.021406509001798083,0.06814170327476875,0.0,0.0,0.0,0.0,0.0,0.0,0.0,0.0,0.6896551724137931,2.7241379310344827,1
8,14,kmeans_augmented,1,0.0,1.0,0.0,1.0,,cuisine,0.0,0.0,0.013102821923663207,0.004353199775122989,0.0,0.0,0.0,0.0,0.0,0.0,0.005942884504447118,0.026069729019962736,0.0,0.0,0.6896551724137931,2.7241379310344827,1
9,11,kmeans_augmented,1,1.0,0.0,0.0,1.0,,cuisine_by_country,0.0,0.0,0.042417164817178006,0.01847822534895653,0.0184007927736594,0.0660983551259711,0.0,0.0,0.0,0.0,0.0,0.0,0.0,0.0,0.4137931034482759,1.4482758620689655,1
10,12,kmeans_augmented,1,1.0,0.0,0.0,1.0,,food_and_drink_by_country,0.0,0.0,0.03976290802330852,0.016612040984488062,0.016958036041116297,0.0656948979037316,0.0,0.0,0.0,0.0,0.0,0.0,0.0,0.0,0.5862068965517241,1.7241379310344829,1
11,13,kmeans_augmented,1,1.0,0.0,0.0,1.0,,culture_by_country,0.0,0.0,0.03923938843932685,0.016576323421510643,0.016503764670151008,0.06303473220117868,0.0,0.0,0.0,0.0,0.0,0.0,0.0,0.0,0.1724137931034483,0.6206896551724138,1
12,14,kmeans_augmented,1,1.0,0.0,0.0,1.0,,cuisine_by_region,0.0,0.0,0.040068104384135175,0.01611750113049635,0.016076590921345592,0.055345614875124655,0.0,0.0,0.0,0.0,0.0,0.0,0.0,0.0,0.3793103448275862,1.137931034482759,1
13,20,kmeans_augmented,2,1.0,0.0,0.0,1.0,,births_by_decade,0.0,0.0,0.04858006611585158,0.011184037806178423,0.021356312713822816,0.05264564276657345,0.0,0.0,0.0,0.0,0.0,0.0,0.0,0.0,0.0,0.0,2
14,21,kmeans_augmented,2,1.0,0.0,0.0,1.0,,years,0.0,0.0,0.04400054279504647,0.01083062138985565,0.019743152408893783,0.04664739135071537,0.0,0.0,0.0,0.0,0.0,0.0,0.0,0.0,0.0,0.0,2
15,22,kmeans_augmented,2,1.0,0.0,0.0,1.0,,20th-century_births,0.0,0.0,0.05032330535702899,0.01067767116588727,0.01910812626511281,0.04787622770266428,0.0,0.0,0.0,0.0,0.0,0.0,0.0,0.0,0.0,0.0,2
16,23,kmeans_augmented,2,1.0,0.0,0.0,1.0,,people,0.0,0.0,0.04781708804980328,0.009413457686809084,0.01863569310896289,0.0463594768608704,0.0,0.0,0.0,0.0,0.0,0.0,0.0,0.0,0.2857142857142857,0.2857142857142857,2
17,24,kmeans_augmented,2,1.0,0.0,0.0,1.0,,survivors,0.0,0.0,0.04811564629187248,0.009352094075075494,0.018516690314538568,0.05102432413724583,0.0,0.0,0.0,0.0,0.0,0.0,0.0,0.0,0.14285714285714285,0.14285714285714285,2
18,30,kmeans_augmented,3,1.0,0.0,0.0,1.0,,companies_by_industry_and_year_of_establishment,0.0,0.0,0.03379536947498805,0.012073334151378406,0.008841342021951654,0.026023462689019453,0.0,0.0,0.0,0.0,0.0,0.0,0.0,0.0,0.043478260869565216,0.08695652173913042,3
19,31,kmeans_augmented,3,1.0,0.0,0.0,1.0,,food_product_brands,0.0,0.0,0.031695466268059226,0.010679388224702059,0.008841342021951654,0.026023462689019453,0.0,0.0,0.0,0.0,0.0,0.0,0.0,0.0,0.8260869565217391,3.782608695652174,3
20,32,kmeans_augmented,3,1.0,0.0,0.0,1.0,,food_and_drink_companies_by_year_of_establishment,0.0,0.0,0.030863128952347763,0.01051320440853211,0.008821714174244596,0.025978924395884114,0.0,0.0,0.0,0.0,0.0,0.0,0.0,0.0,0.39130434782608703,0.9565217391304348,3
21,33,kmeans_augmented,3,1.0,0.0,0.0,1.0,,brands,0.0,0.0,0.03155160628844838,0.010387318513913028,0.008442331000479577,0.02478601460219556,0.0,0.0,0.0,0.0,0.0,0.0,0.0,0.0,0.6086956521739131,2.3043478260869565,3
22,31,kmeans_augmented,3,0.0,0.0,1.0,1.0,,brands,0.0,0.0,0.0196638658878052,0.006562885705786989,0.0,0.0,0.0,0.0,0.005330753794794843,0.017164554049631714,0.0,0.0,0.0,0.0,0.6086956521739131,2.3043478260869565,3
23,34,kmeans_augmented,3,1.0,0.0,0.0,1.0,,establishments_in_the_united_states_by_year,0.0,0.0,0.030695843382040008,0.009968341022904965,0.008161569404661189,0.02393750113860881,0.0,0.0,0.0,0.0,0.0,0.0,0.0,0.0,0.043478260869565216,0.13043478260869565,3
24,40,kmeans_augmented,4,1.0,0.0,0.0,1.0,,alcoholic_drinks_by_country,0.0,0.0,0.0939387476190363,0.02128353758555313,0.0244056599458926,0.12331750907567718,0.0,0.0,0.0,0.0,0.0,0.0,0.0,0.0,0.5384615384615384,1.8461538461538465,4
25,41,kmeans_augmented,4,1.0,0.0,0.0,1.0,,alcoholic_drinks,0.0,0.0,0.08782255591771182,0.02058959858913212,0.020239301845431268,0.10666474747940304,0.0,0.0,0.0,0.0,0.0,0.0,0.0,0.0,0.4615384615384616,1.6153846153846154,4
26,42,kmeans_augmented,4,1.0,0.0,0.0,1.0,,fermented_drinks,0.0,0.0,0.08373093884625524,0.019332802272801184,0.018851390354116152,0.09750809008328268,0.0,0.0,0.0,0.0,0.0,0.0,0.0,0.0,0.6153846153846154,1.5384615384615383,4
27,43,kmeans_augmented,4,1.0,0.0,0.0,1.0,,wine,0.0,0.0,0.07305147446342633,0.015662085690639243,0.017095041611043624,0.0967104835777277,0.0,0.0,0.0,0.0,0.0,0.0,0.0,0.0,0.07692307692307693,0.38461538461538464,4
28,40,kmeans_augmented,4,0.0,1.0,0.0,1.0,,wine,0.0,0.0,0.03659026485995512,0.009706710180928313,0.0,0.0,0.0,0.0,0.0,0.0,0.008771192831759684,0.04842773500212663,0.0,0.0,0.07692307692307693,0.38461538461538464,4
29,40,kmeans_augmented,4,0.0,0.0,0.0,1.0,,wine,0.0,1.0,0.22838253589052315,0.04604365190216866,0.0,0.0,0.016807894824409073,0.05529084877265463,0.0,0.0,0.0,0.0,0.0,0.0,0.07692307692307693,0.38461538461538464,4
30,44,kmeans_augmented,4,1.0,0.0,0.0,1.0,,alcohol,0.0,0.0,0.06959597285631568,0.01479111800394657,0.01594438482075876,0.08776784437802385,0.0,0.0,0.0,0.0,0.0,0.0,0.0,0.0,0.6923076923076923,2.3076923076923075,4
31,43,kmeans_augmented,4,0.0,1.0,0.0,1.0,,alcohol,0.0,0.0,0.02951225431396305,0.006610650310846243,0.0,0.0,0.0,0.0,0.0,0.0,0.006415035609944376,0.0383199328330643,0.0,0.0,0.6923076923076923,2.3076923076923075,4
32,41,kmeans_augmented,4,0.0,0.0,1.0,1.0,,alcohol,0.0,0.0,0.02301415663637446,0.005370041157228254,0.0,0.0,0.0,0.0,0.00460819918043953,0.014125849074284413,0.0,0.0,0.0,0.0,0.6923076923076923,2.3076923076923075,4
33,47,kmeans_augmented,4,1.0,0.0,0.0,1.0,,beer,0.0,0.0,0.06613603427712374,0.01326542873796896,0.015505919321427447,0.07086373448069128,0.0,0.0,0.0,0.0,0.0,0.0,0.0,0.0,0.07692307692307693,0.07692307692307693,4
34,41,kmeans_augmented,4,0.0,1.0,0.0,1.0,,beer,0.0,0.0,0.03584132413312311,0.009137705038899845,0.0,0.0,0.0,0.0,0.0,0.0,0.007471580641426605,0.03980167512495,0.0,0.0,0.07692307692307693,0.07692307692307693,4
35,41,kmeans_augmented,4,0.0,0.0,0.0,1.0,,beer,0.0,1.0,0.178085433676488,0.033984809777423644,0.0,0.0,0.016643465739924,0.05391584702976583,0.0,0.0,0.0,0.0,0.0,0.0,0.07692307692307693,0.07692307692307693,4
36,50,kmeans_augmented,5,1.0,0.0,0.0,1.0,,fishing,0.0,0.0,0.3056119760906384,0.038768918345361066,0.013445469557200995,0.04403294976890042,0.0,0.0,0.0,0.0,0.0,0.0,0.0,0.0,0.6,2.0,5
37,73,kmeans_augmented,5,0.0,1.0,0.0,1.0,,fishing,0.0,0.0,0.09288695227875488,0.00933379090619673,0.0,0.0,0.0,0.0,0.0,0.0,0.004632931822358029,0.0328757475217815,0.0,0.0,0.6,2.0,5
38,53,kmeans_augmented,5,0.0,0.0,1.0,1.0,,fishing,0.0,0.0,0.06664485294593793,0.008739167781702046,0.0,0.0,0.0,0.0,0.007675080348358231,0.0254379307055067,0.0,0.0,0.0,0.0,0.6,2.0,5
39,51,kmeans_augmented,5,1.0,0.0,0.0,1.0,,fishing_industry,0.0,0.0,0.3002534812464365,0.03739773527670917,0.013227758607771124,0.044724650307440376,0.0,0.0,0.0,0.0,0.0,0.0,0.0,0.0,0.8,2.4,5
40,52,kmeans_augmented,5,1.0,0.0,0.0,1.0,,animal-based_seafood,0.0,0.0,0.2821162111224749,0.03314581600590423,0.0128889256481092,0.042647821197641364,0.0,0.0,0.0,0.0,0.0,0.0,0.0,0.0,0.6,1.2,5
41,53,kmeans_augmented,5,1.0,0.0,0.0,1.0,,primary_industries,0.0,0.0,0.1981482688247786,0.03182139419297974,0.01082461693847066,0.04096222113804207,0.0,0.0,0.0,0.0,0.0,0.0,0.0,0.0,0.0,0.0,5
42,54,kmeans_augmented,5,1.0,0.0,0.0,1.0,,seafood,0.0,0.0,0.20423210607202205,0.02840579768991627,0.010613380385567198,0.039257625116877234,0.0,0.0,0.0,0.0,0.0,0.0,0.0,0.0,0.8,4.0,5
43,60,kmeans_augmented,6,1.0,0.0,0.0,1.0,,edible_plants,0.0,0.0,0.07628642043029611,0.024691042857334502,0.020801037019673733,0.08132839518117059,0.0,0.0,0.0,0.0,0.0,0.0,0.0,0.0,0.8636363636363636,3.0909090909090913,6
44,61,kmeans_augmented,6,1.0,0.0,0.0,1.0,,plants_and_humans,0.0,0.0,0.07546736060176631,0.021673339221840875,0.019240527863323927,0.07898119376701075,0.0,0.0,0.0,0.0,0.0,0.0,0.0,0.0,0.2272727272727273,0.5909090909090909,6
45,62,kmeans_augmented,6,1.0,0.0,0.0,1.0,,flora_by_continent,0.0,0.0,0.07593480664594061,0.02020116508404037,0.018371600798528655,0.07541430114527478,0.0,0.0,0.0,0.0,0.0,0.0,0.0,0.0,0.045454545454545456,0.045454545454545456,6
46,63,kmeans_augmented,6,1.0,0.0,0.0,1.0,,plant_products,0.0,0.0,0.06884944164541422,0.01927304193597117,0.017917065828439546,0.08222856144556097,0.0,0.0,0.0,0.0,0.0,0.0,0.0,0.0,0.6818181818181818,2.4545454545454546,6
47,64,kmeans_augmented,6,1.0,0.0,0.0,1.0,,types_of_food,0.0,0.0,0.061987981895879535,0.018552940656881758,0.01745923286999936,0.0450361388949108,0.0,0.0,0.0,0.0,0.0,0.0,0.0,0.0,0.6363636363636364,2.5454545454545454,6
48,1,kmeans_augmented,0,0.0,1.0,0.0,1.0,,protein,0.0,0.0,0.01953569428277497,0.0037740844431867603,0.0,0.0,0.0,0.0,0.0,0.0,0.0077631006476236546,0.08802028367365708,0.0,0.0,0.0,0.0,0
49,1,kmeans_augmented,0,0.0,0.0,0.0,1.0,,protein,0.0,1.0,0.09403102881616916,0.016679134681321674,0.0,0.0,0.0,0.0,0.0035279061410959578,0.015506045628878437,0.0,0.0,0.0,0.0,0.0,0.0,0
50,2,kmeans_augmented,0,0.0,1.0,0.0,1.0,,acid,0.0,0.0,0.019137006644350987,0.003697062311693153,0.0,0.0,0.0,0.0,0.0,0.0,0.007350550424754581,0.05672409505533716,0.0,0.0,0.0,0.0,0
51,3,kmeans_augmented,0,0.0,1.0,0.0,1.0,,diet,0.0,0.0,0.01835019262944804,0.003673040723084753,0.0,0.0,0.0,0.0,0.0,0.0,0.007098978959733983,0.06039726276153226,0.0,0.0,0.125,0.1875,0
52,4,kmeans_augmented,0,0.0,1.0,0.0,1.0,,intake,0.0,0.0,0.01938807524464131,0.003485995073626704,0.0,0.0,0.0,0.0,0.0,0.0,0.007019778464243051,0.08520464695986231,0.0,0.0,0.1875,0.625,0
53,10,kmeans_augmented,1,0.0,1.0,0.0,1.0,,dish,0.0,0.0,0.01832693917915756,0.006492930306944007,0.0,0.0,0.0,0.0,0.0,0.0,0.0069378037932818215,0.0257031092675486,0.0,0.0,0.3448275862068966,1.1724137931034482,1
54,74,kmeans_augmented,1,0.0,0.0,1.0,1.0,,dish,0.0,0.0,0.01744542413456129,0.006524053900342151,0.0,0.0,0.0,0.0,0.0041679546494316645,0.052084996999494405,0.0,0.0,0.0,0.0,0.3448275862068966,1.1724137931034482,1
55,11,kmeans_augmented,1,0.0,1.0,0.0,1.0,,meat,0.0,0.0,0.01523138054469481,0.005419187154836221,0.0,0.0,0.0,0.0,0.0,0.0,0.006886343680533738,0.02607521386964677,0.0,0.0,0.10344827586206896,0.27586206896551724,1
56,17,kmeans_augmented,1,0.0,0.0,0.0,1.0,,meat,0.0,1.0,0.039772737911154224,0.012918481566768171,0.0,0.0,0.024951930835136138,0.11246576930120918,0.0,0.0,0.0,0.0,0.0,0.0,0.10344827586206896,0.27586206896551724,1
57,12,kmeans_augmented,1,0.0,1.0,0.0,1.0,,bread,0.0,0.0,0.013427592723480505,0.004508024935872507,0.0,0.0,0.0,0.0,0.0,0.0,0.006500102760820847,0.0266673749816852,0.0,0.0,0.03448275862068965,0.13793103448275862,1
58,76,kmeans_augmented,1,0.0,0.0,1.0,1.0,,bread,0.0,0.0,0.012132147078952282,0.004061798809586389,0.0,0.0,0.0,0.0,0.0042112101073362536,0.04837863268766037,0.0,0.0,0.0,0.0,0.03448275862068965,0.13793103448275862,1
59,11,kmeans_augmented,1,0.0,0.0,0.0,1.0,,bread,0.0,1.0,0.05014981884683429,0.01623767315590427,0.0,0.0,0.01997294489004102,0.333366114453792,0.0,0.0,0.0,0.0,0.0,0.0,0.03448275862068965,0.13793103448275862,1
60,13,kmeans_augmented,1,0.0,1.0,0.0,1.0,,cooked,0.0,0.0,0.013134792022200676,0.004382931545616126,0.0,0.0,0.0,0.0,0.0,0.0,0.006399159314559135,0.027224539469735114,0.0,0.0,0.2413793103448276,0.8965517241379308,1
61,11,kmeans_augmented,1,0.0,0.0,1.0,1.0,,cooked,0.0,0.0,0.015109004261541138,0.005757983204255658,0.0,0.0,0.0,0.0,0.004866300314935828,0.03430963491089819,0.0,0.0,0.0,0.0,0.2413793103448276,0.8965517241379308,1
62,15,kmeans_augmented,1,0.0,1.0,0.0,1.0,,served,0.0,0.0,0.01290231782711748,0.004324447877770721,0.0,0.0,0.0,0.0,0.0,0.0,0.0052704248105013155,0.02361762930423241,0.0,0.0,0.13793103448275862,0.3103448275862069,1
63,12,kmeans_augmented,1,0.0,0.0,1.0,1.0,,served,0.0,0.0,0.013850235860722909,0.005553897776001025,0.0,0.0,0.0,0.0,0.006967915889344463,0.026513376271443158,0.0,0.0,0.0,0.0,0.13793103448275862,0.3103448275862069,1
64,16,kmeans_augmented,1,0.0,1.0,0.0,1.0,,cheese,0.0,0.0,0.012172223775675766,0.0040528367707670715,0.0,0.0,0.0,0.0,0.0,0.0,0.005151575887787391,0.023466457101643343,0.0,0.0,0.10344827586206896,0.3103448275862069,1
65,13,kmeans_augmented,1,0.0,0.0,0.0,1.0,,cheese,0.0,1.0,0.04591066915611818,0.014860129568042491,0.0,0.0,0.01960966554863636,0.320726640919999,0.0,0.0,0.0,0.0,0.0,0.0,0.10344827586206896,0.3103448275862069,1
66,20,kmeans_augmented,2,0.0,1.0,0.0,1.0,,restaurant,0.0,0.0,0.03822255967588172,0.010497654740684946,0.0,0.0,0.0,0.0,0.0,0.0,0.0055885850236902035,0.016969147443877727,0.0,0.0,0.5714285714285714,2.142857142857143,2
67,20,kmeans_augmented,2,0.0,0.0,1.0,1.0,,restaurant,0.0,0.0,0.02857981633167803,0.007792713564424363,0.0,0.0,0.0,0.0,0.0050655611811345575,0.01634364519883677,0.0,0.0,0.0,0.0,0.5714285714285714,2.142857142857143,2
68,22,kmeans_augmented,2,0.0,0.0,0.0,1.0,,restaurant,0.0,1.0,0.17743146004872146,0.031003629801738337,0.0,0.0,0.01786221924184794,0.08680214686794484,0.0,0.0,0.0,0.0,0.0,0.0,0.5714285714285714,2.142857142857143,2
69,21,kmeans_augmented,2,0.0,1.0,0.0,1.0,,chef,0.0,0.0,0.03593242508214135,0.006721071207783909,0.0,0.0,0.0,0.0,0.0,0.0,0.005281020066337031,0.01761928846304877,0.0,0.0,0.42857142857142855,1.2857142857142858,2
70,21,kmeans_augmented,2,0.0,0.0,1.0,1.0,,chef,0.0,0.0,0.033295021637560145,0.006979572637414401,0.0,0.0,0.0,0.0,0.004822523332148479,0.020767220414239004,0.0,0.0,0.0,0.0,0.42857142857142855,1.2857142857142858,2
71,21,kmeans_augmented,2,0.0,0.0,0.0,1.0,,chef,0.0,1.0,0.2128993510773873,0.0333484406841358,0.0,0.0,0.020324824054235496,0.09873561848777324,0.0,0.0,0.0,0.0,0.0,0.0,0.42857142857142855,1.2857142857142858,2
72,22,kmeans_augmented,2,0.0,1.0,0.0,1.0,,kitchen,0.0,0.0,0.024508403605885645,0.00443772618706743,0.0,0.0,0.0,0.0,0.0,0.0,0.004998705005515339,0.016440307632615458,0.0,0.0,0.8571428571428571,3.0,2
73,27,kmeans_augmented,2,0.0,0.0,1.0,1.0,,kitchen,0.0,0.0,0.029558545469331836,0.005862805343535585,0.0,0.0,0.0,0.0,0.0058054760577451936,0.016420968268733974,0.0,0.0,0.0,0.0,0.8571428571428571,3.0,2
74,23,kmeans_augmented,2,0.0,1.0,0.0,1.0,,london,0.0,0.0,0.02284555822586706,0.004360146103289114,0.0,0.0,0.0,0.0,0.0,0.0,0.0048273154923417355,0.016021856012423445,0.0,0.0,0.0,0.0,2
75,24,kmeans_augmented,2,0.0,1.0,0.0,1.0,,street,0.0,0.0,0.022282895900470383,0.0042245811034375535,0.0,0.0,0.0,0.0,0.0,0.0,0.004620208332081578,0.015474918666780546,0.0,0.0,0.0,0.0,2
76,78,kmeans_augmented,2,0.0,0.0,1.0,1.0,,street,0.0,0.0,0.02704052322856058,0.005689742564763786,0.0,0.0,0.0,0.0,0.002883310165178357,0.04027806798095765,0.0,0.0,0.0,0.0,0.0,0.0,2
77,27,kmeans_augmented,2,0.0,1.0,0.0,1.0,,new_york_city,0.0,0.0,0.024025238493693632,0.0041852451147324395,0.0,0.0,0.0,0.0,0.0,0.0,0.004352356951660859,0.014502045128929518,0.0,0.0,0.0,0.0,2
78,27,kmeans_augmented,2,0.0,1.0,0.0,1.0,,new_york_city,0.0,0.0,0.024025238493693632,0.0041852451147324395,0.0,0.0,0.0,0.0,0.0,0.0,0.004352356951660859,0.014502045128929518,0.0,0.0,0.05263157894736842,0.05263157894736842,2
80,20,kmeans_augmented,2,0.0,0.0,0.0,1.0,,new_york_city,0.0,1.0,0.2450389646534929,0.040903583547626916,0.0,0.0,0.021720443458964456,0.1051455618292346,0.0,0.0,0.0,0.0,0.0,0.0,0.0,0.0,2
81,20,kmeans_augmented,2,0.0,0.0,0.0,1.0,,new_york_city,0.0,1.0,0.2450389646534929,0.040903583547626916,0.0,0.0,0.021720443458964456,0.1051455618292346,0.0,0.0,0.0,0.0,0.0,0.0,0.05263157894736842,0.05263157894736842,2
83,29,kmeans_augmented,2,0.0,1.0,0.0,1.0,,opened,0.0,0.0,0.019300930459507364,0.004007815748157541,0.0,0.0,0.0,0.0,0.0,0.0,0.008688965544255838,0.023999425470327185,0.0,0.0,0.0,0.0,2
84,22,kmeans_augmented,2,0.0,0.0,1.0,1.0,,opened,0.0,0.0,0.024689479821549527,0.00680162779088041,0.0,0.0,0.0,0.0,0.008409004761168914,0.023509703527832968,0.0,0.0,0.0,0.0,0.0,0.0,2
85,30,kmeans_augmented,3,0.0,1.0,0.0,1.0,,company,0.0,0.0,0.02738426830703173,0.009737606668058807,0.0,0.0,0.0,0.0,0.0,0.0,0.004115033057934774,0.013071313946301844,0.0,0.0,0.2608695652173913,0.7826086956521741,3
86,30,kmeans_augmented,3,0.0,0.0,1.0,1.0,,company,0.0,0.0,0.020268680967625158,0.00780603530836548,0.0,0.0,0.0,0.0,0.0053914224942692044,0.012800021618516191,0.0,0.0,0.0,0.0,0.2608695652173913,0.7826086956521741,3
87,31,kmeans_augmented,3,0.0,1.0,0.0,1.0,,chain,0.0,0.0,0.02064583089434184,0.006015120991757682,0.0,0.0,0.0,0.0,0.0,0.0,0.00401570682327551,0.013042164678030741,0.0,0.0,0.13043478260869565,0.39130434782608703,3
88,32,kmeans_augmented,3,0.0,1.0,0.0,1.0,,locations,0.0,0.0,0.020317756565390248,0.005765926783587397,0.0,0.0,0.0,0.0,0.0,0.0,0.0037984383402969273,0.012116132618533159,0.0,0.0,0.0,0.0,3
89,33,kmeans_augmented,3,0.0,1.0,0.0,1.0,,brand,0.0,0.0,0.01826452417664431,0.005601261150685704,0.0,0.0,0.0,0.0,0.0,0.0,0.0037546142750203115,0.01180635665572748,0.0,0.0,0.3043478260869565,0.9565217391304348,3
90,34,kmeans_augmented,3,0.0,1.0,0.0,1.0,,stores,0.0,0.0,0.01901499109388112,0.005346891914715563,0.0,0.0,0.0,0.0,0.0,0.0,0.003746745665430525,0.012146681618749669,0.0,0.0,0.2608695652173913,0.6521739130434783,3
91,42,kmeans_augmented,4,0.0,1.0,0.0,1.0,,brewery,0.0,0.0,0.03309092427281148,0.007070285747090901,0.0,0.0,0.0,0.0,0.0,0.0,0.006648782568379126,0.031306411854735615,0.0,0.0,0.15384615384615385,0.6153846153846154,4
92,44,kmeans_augmented,4,0.0,0.0,0.0,1.0,,brewery,0.0,1.0,0.11731979583417285,0.02056475622330505,0.0,0.0,0.04749403186428018,0.3189666602510639,0.0,0.0,0.0,0.0,0.0,0.0,0.15384615384615385,0.6153846153846154,4
93,44,kmeans_augmented,4,0.0,1.0,0.0,1.0,,grapes,0.0,0.0,0.030561029985072118,0.006301614831824051,0.0,0.0,0.0,0.0,0.0,0.0,0.00586469785223722,0.040281677830552864,0.0,0.0,0.07692307692307693,0.3076923076923077,4
94,84,kmeans_augmented,4,0.0,0.0,1.0,1.0,,grapes,0.0,0.0,0.01949792227600268,0.003919222709862017,0.0,0.0,0.0,0.0,0.005209400055925693,0.015687187861090808,0.0,0.0,0.0,0.0,0.07692307692307693,0.3076923076923077,4
95,50,kmeans_augmented,5,0.0,1.0,0.0,1.0,,species,0.0,0.0,0.07147461981716466,0.016385390203669126,0.0,0.0,0.0,0.0,0.0,0.0,0.007333470932899231,0.02676921860683773,0.0,0.0,0.2,0.2,5
96,55,kmeans_augmented,5,0.0,0.0,1.0,1.0,,species,0.0,0.0,0.03855370218730162,0.007856181173588751,0.0,0.0,0.0,0.0,0.006640024414659626,0.019732980626691248,0.0,0.0,0.0,0.0,0.2,0.2,5
97,50,kmeans_augmented,5,0.0,0.0,0.0,1.0,,species,0.0,1.0,0.3895131086142322,0.04761106171098011,0.0,0.0,0.016112940263072768,0.13352527053835522,0.0,0.0,0.0,0.0,0.0,0.0,0.2,0.2,5
98,51,kmeans_augmented,5,0.0,1.0,0.0,1.0,,fish,0.0,0.0,0.0721782803524706,0.013896594002189388,0.0,0.0,0.0,0.0,0.0,0.0,0.006151105071319552,0.022719331890424986,0.0,0.0,0.2,0.8,5
99,51,kmeans_augmented,5,0.0,0.0,0.0,1.0,,fish,0.0,1.0,0.4351225125219982,0.04024110842134517,0.0,0.0,0.01575274749348138,0.12987537703844573,0.0,0.0,0.0,0.0,0.0,0.0,0.2,0.8,5
100,52,kmeans_augmented,5,0.0,1.0,0.0,1.0,,fisheries,0.0,0.0,0.10875406188458957,0.010361112875200593,0.0,0.0,0.0,0.0,0.0,0.0,0.004043055364468609,0.016630322726242826,0.0,0.0,0.4,1.2,5
101,51,kmeans_augmented,5,0.0,0.0,1.0,1.0,,fisheries,0.0,0.0,0.09297687279351227,0.009282786409397541,0.0,0.0,0.0,0.0,0.0046617016643910655,0.03133600279498072,0.0,0.0,0.0,0.0,0.4,1.2,5
102,53,kmeans_augmented,5,0.0,1.0,0.0,1.0,,females,0.0,0.0,0.10169263535478087,0.009954896204471715,0.0,0.0,0.0,0.0,0.0,0.0,0.0040428440694908335,0.015798688794756252,0.0,0.0,0.0,0.0,5
103,54,kmeans_augmented,5,0.0,0.0,1.0,1.0,,females,0.0,0.0,0.08224468519106115,0.008051097324698988,0.0,0.0,0.0,0.0,0.006704317065994793,0.01786638659285746,0.0,0.0,0.0,0.0,0.0,0.0,5
104,54,kmeans_augmented,5,0.0,1.0,0.0,1.0,,sea,0.0,0.0,0.08482097277089698,0.009587254136384678,0.0,0.0,0.0,0.0,0.0,0.0,0.004025582887344337,0.017789188717038783,0.0,0.0,0.4,1.0,5
105,52,kmeans_augmented,5,0.0,0.0,1.0,1.0,,sea,0.0,0.0,0.0677468576532629,0.008996904066767527,0.0,0.0,0.0,0.0,0.008646134849739931,0.023729577968146127,0.0,0.0,0.0,0.0,0.4,1.0,5
106,59,kmeans_augmented,5,0.0,1.0,0.0,1.0,,waters,0.0,0.0,0.07411999661427178,0.006865267501767474,0.0,0.0,0.0,0.0,0.0,0.0,0.004719173895134635,0.0231675067903342,0.0,0.0,0.0,0.0,5
107,50,kmeans_augmented,5,0.0,0.0,1.0,1.0,,waters,0.0,0.0,0.07699522003969787,0.010563284272131136,0.0,0.0,0.0,0.0,0.004737951674927575,0.03289789441298868,0.0,0.0,0.0,0.0,0.0,0.0,5
108,60,kmeans_augmented,6,0.0,1.0,0.0,1.0,,plant,0.0,0.0,0.0320447413161883,0.008588164805000667,0.0,0.0,0.0,0.0,0.0,0.0,0.0040572080036284115,0.021115934996570558,0.0,0.0,0.13636363636363635,0.2727272727272727,6
109,61,kmeans_augmented,6,0.0,1.0,0.0,1.0,,leaves,0.0,0.0,0.03328032100431683,0.008299438004075224,0.0,0.0,0.0,0.0,0.0,0.0,0.003695819567656204,0.01811585680033649,0.0,0.0,0.045454545454545456,0.2272727272727273,6
110,61,kmeans_augmented,6,0.0,0.0,1.0,1.0,,leaves,0.0,0.0,0.02755981396736968,0.007818281668579567,0.0,0.0,0.0,0.0,0.004960532556670839,0.02114911770960352,0.0,0.0,0.0,0.0,0.045454545454545456,0.2272727272727273,6
111,62,kmeans_augmented,6,0.0,1.0,0.0,1.0,,fruit,0.0,0.0,0.029598458481757163,0.008237784540862476,0.0,0.0,0.0,0.0,0.0,0.0,0.0036828752114147975,0.014059427850613706,0.0,0.0,0.18181818181818185,0.3181818181818182,6
112,61,kmeans_augmented,6,0.0,0.0,0.0,1.0,,fruit,0.0,1.0,0.15348253907003664,0.03475553287287507,0.0,0.0,0.016135437029338867,0.0739881306708516,0.0,0.0,0.0,0.0,0.0,0.0,0.18181818181818185,0.3181818181818182,6
113,63,kmeans_augmented,6,0.0,1.0,0.0,1.0,,seeds,0.0,0.0,0.031056123879427473,0.007454814591828039,0.0,0.0,0.0,0.0,0.0,0.0,0.003636181893907981,0.019206876857977825,0.0,0.0,0.045454545454545456,0.13636363636363635,6
114,64,kmeans_augmented,6,0.0,0.0,1.0,1.0,,seeds,0.0,0.0,0.026301016153626226,0.006887266733050357,0.0,0.0,0.0,0.0,0.0043034835473024675,0.0154669978173604,0.0,0.0,0.0,0.0,0.045454545454545456,0.13636363636363635,6
115,64,kmeans_augmented,6,0.0,1.0,0.0,1.0,,cultivars,0.0,0.0,0.030887652293285613,0.0070231214370604965,0.0,0.0,0.0,0.0,0.0,0.0,0.0033399272638418988,0.01719891852131714,0.0,0.0,0.13636363636363635,0.3636363636363637,6
116,67,kmeans_augmented,6,0.0,0.0,1.0,1.0,,cultivars,0.0,0.0,0.025860846624501586,0.00578221716286929,0.0,0.0,0.0,0.0,0.0038169446722005436,0.015405290507087119,0.0,0.0,0.0,0.0,0.13636363636363635,0.3636363636363637,6
117,65,kmeans_augmented,6,0.0,1.0,0.0,1.0,,tree,0.0,0.0,0.028992747144494527,0.0066721701532479255,0.0,0.0,0.0,0.0,0.0,0.0,0.003249726420154234,0.017649350984001624,0.0,0.0,0.0,0.0,6
118,93,kmeans_augmented,6,0.0,0.0,1.0,1.0,,tree,0.0,0.0,0.02087309160305344,0.004918180491571717,0.0,0.0,0.0,0.0,0.004662155941484878,0.01898818679896808,0.0,0.0,0.0,0.0,0.0,0.0,6
119,64,kmeans_augmented,6,0.0,0.0,0.0,1.0,,tree,0.0,1.0,0.1155159841885098,0.023618833243674246,0.0,0.0,0.02607890583404137,0.13114376778704895,0.0,0.0,0.0,0.0,0.0,0.0,0.0,0.0,6
120,66,kmeans_augmented,6,0.0,1.0,0.0,1.0,,flowers,0.0,0.0,0.02753779125102055,0.006138253733335071,0.0,0.0,0.0,0.0,0.0,0.0,0.0031391167982775976,0.01614011604245387,0.0,0.0,0.0,0.0,6
121,63,kmeans_augmented,6,0.0,0.0,1.0,1.0,,flowers,0.0,0.0,0.02969755631536605,0.007158790137773274,0.0,0.0,0.0,0.0,0.0043134723916085135,0.0175672533104546,0.0,0.0,0.0,0.0,0.0,0.0,6
122,0,kmeans_augmented,0,0.0,0.0,1.0,1.0,,effects,0.0,0.0,0.0177215492694129,0.004583530130357793,0.0,0.0,0.0,0.0,0.0,0.0,0.002978505300454373,0.01607958372862264,0.0,0.0,0.0,0.0,0
123,1,kmeans_augmented,0,0.0,0.0,1.0,1.0,,studies,0.0,0.0,0.017441506497975878,0.004382590539339086,0.0,0.0,0.0,0.0,0.0,0.0,0.002968281338582301,0.015856916258270067,0.0,0.0,0.0,0.0,0
124,2,kmeans_augmented,0,0.0,0.0,1.0,1.0,,increase,0.0,0.0,0.014726889011258584,0.00408971529814723,0.0,0.0,0.0,0.0,0.00881642879488395,0.04346059390709557,0.0,0.0,0.0,0.0,0.0,0.0,0
125,4,kmeans_augmented,0,0.0,0.0,1.0,1.0,,processing,0.0,0.0,0.01559690574415898,0.0038050225479524377,0.0,0.0,0.0,0.0,0.00636655342024497,0.033667001694921546,0.0,0.0,0.0,0.0,0.1875,0.3125,0
126,10,kmeans_augmented,1,0.0,0.0,1.0,1.0,,dishes,0.0,0.0,0.017094103224460932,0.006525176212297761,0.0,0.0,0.0,0.0,0.004957365003873096,0.04882929784064306,0.0,0.0,0.0,0.0,0.4827586206896552,1.7931034482758617,1
127,13,kmeans_augmented,1,0.0,0.0,1.0,1.0,,preparation,0.0,0.0,0.01490854227586636,0.0054143413454479285,0.0,0.0,0.0,0.0,0.006726247002006245,0.0245813684355539,0.0,0.0,0.0,0.0,0.06896551724137931,0.13793103448275862,1
128,14,kmeans_augmented,1,0.0,0.0,1.0,1.0,,traditional,0.0,0.0,0.01366626150868228,0.0052294043613677395,0.0,0.0,0.0,0.0,0.006389009939298054,0.023780292567115568,0.0,0.0,0.0,0.0,0.2413793103448276,0.6206896551724138,1
129,23,kmeans_augmented,2,0.0,0.0,1.0,1.0,,award,0.0,0.0,0.030830729253368064,0.006523522351697996,0.0,0.0,0.0,0.0,0.007155399386986544,0.020185981911543287,0.0,0.0,0.0,0.0,0.14285714285714285,0.42857142857142855,2
130,24,kmeans_augmented,2,0.0,0.0,1.0,1.0,,work,0.0,0.0,0.02396974485538254,0.0064668627525354214,0.0,0.0,0.0,0.0,0.006787266496061837,0.020416368467746457,0.0,0.0,0.0,0.0,0.0,0.0,2
131,32,kmeans_augmented,3,0.0,0.0,1.0,1.0,,operations,0.0,0.0,0.018341056883133502,0.005565000727249832,0.0,0.0,0.0,0.0,0.007815919186172386,0.021035062352496768,0.0,0.0,0.0,0.0,0.08695652173913042,0.13043478260869565,3
132,33,kmeans_augmented,3,0.0,0.0,1.0,1.0,,marketing,0.0,0.0,0.01669332822356771,0.005451218401490447,0.0,0.0,0.0,0.0,0.006619670623040778,0.01864123997791458,0.0,0.0,0.0,0.0,0.21739130434782608,0.4782608695652174,3
133,34,kmeans_augmented,3,0.0,0.0,1.0,1.0,,united,0.0,0.0,0.012937518031602929,0.005295938719671164,0.0,0.0,0.0,0.0,0.006336080876713626,0.014730183602985381,0.0,0.0,0.0,0.0,0.0,0.0,3
135,40,kmeans_augmented,4,0.0,0.0,1.0,1.0,,beers,0.0,0.0,0.026766227670930298,0.00582830814657924,0.0,0.0,0.0,0.0,0.0046432467192830465,0.014357372153701082,0.0,0.0,0.0,0.0,0.07692307692307693,0.3076923076923077,4
136,42,kmeans_augmented,4,0.0,0.0,1.0,1.0,,wines,0.0,0.0,0.02315179826290208,0.0053611075505556535,0.0,0.0,0.0,0.0,0.007260768839885924,0.040088343288554866,0.0,0.0,0.0,0.0,0.2307692307692308,0.5384615384615384,4
137,43,kmeans_augmented,4,0.0,0.0,1.0,1.0,,bottle,0.0,0.0,0.023658151971205986,0.0052907200531871965,0.0,0.0,0.0,0.0,0.006541765621744666,0.03327519154641618,0.0,0.0,0.0,0.0,0.0,0.0,4
138,44,kmeans_augmented,4,0.0,0.0,1.0,1.0,,produced,0.0,0.0,0.013871246473730984,0.005125848604974422,0.0,0.0,0.0,0.0,0.006220097922713697,0.03768344900917685,0.0,0.0,0.0,0.0,0.07692307692307693,0.2307692307692308,4
139,60,kmeans_augmented,6,0.0,0.0,1.0,1.0,,cultivation,0.0,0.0,0.02989876970855232,0.007820062385050558,0.0,0.0,0.0,0.0,0.00505543929550197,0.016837998407609404,0.0,0.0,0.0,0.0,0.2727272727272727,0.6818181818181818,6
140,62,kmeans_augmented,6,0.0,0.0,1.0,1.0,,plants,0.0,0.0,0.02568370871130808,0.007739482444463238,0.0,0.0,0.0,0.0,0.0044977931218771645,0.017818214072032525,0.0,0.0,0.0,0.0,0.5,1.5909090909090908,6
141,0,kmeans_augmented,0,0.0,0.0,0.0,1.0,,organic_compound,0.0,1.0,0.10756106947167804,0.01861399887764814,0.0,0.0,0.0,0.0,0.0035737717311333634,0.01616107332240228,0.0,0.0,0.0,0.0,0.5625,2.0,0
142,3,kmeans_augmented,0,0.0,0.0,0.0,1.0,,carbohydrate,0.0,1.0,0.0937071561566416,0.016284691359266606,0.0,0.0,0.0,0.0,0.003446106207382687,0.015106591942500852,0.0,0.0,0.0,0.0,0.0,0.0,0
143,4,kmeans_augmented,0,0.0,0.0,0.0,1.0,,chemical_formula,0.0,1.0,0.07371025612045219,0.01263200013607078,0.0,0.0,0.03949764731534156,0.4609899266629413,0.0,0.0,0.0,0.0,0.0,0.0,0.125,0.25,0
144,10,kmeans_augmented,1,0.0,0.0,0.0,1.0,,pork,0.0,1.0,0.05815351426441636,0.01882283078618716,0.0,0.0,0.020376667703508256,0.3470426729954861,0.0,0.0,0.0,0.0,0.0,0.0,0.03448275862068965,0.06896551724137931,1
145,12,kmeans_augmented,1,0.0,0.0,0.0,1.0,,sugar,0.0,1.0,0.04684564966694224,0.015196692374446456,0.0,0.0,0.019733998518599968,0.20368192997477733,0.0,0.0,0.0,0.0,0.0,0.0,0.0,0.0,1
146,14,kmeans_augmented,1,0.0,0.0,0.0,1.0,,beef,0.0,1.0,0.043122021103672484,0.014099434455667215,0.0,0.0,0.034750479513796034,0.1606320258242719,0.0,0.0,0.0,0.0,0.0,0.0,0.0,0.0,1
147,23,kmeans_augmented,2,0.0,0.0,0.0,1.0,,food_network,0.0,1.0,0.19652247791758828,0.03078317601612535,0.0,0.0,0.01770201695800279,0.08563803644347677,0.0,0.0,0.0,0.0,0.0,0.0,0.7142857142857143,2.8571428571428568,2
148,24,kmeans_augmented,2,0.0,0.0,0.0,1.0,,celebrity_chef,0.0,1.0,0.1901536939109998,0.029429201733101887,0.0,0.0,0.017631484810534063,0.062190040233188276,0.0,0.0,0.0,0.0,0.0,0.0,0.7142857142857143,3.0,2
149,30,kmeans_augmented,3,0.0,0.0,0.0,1.0,,united_states,0.0,1.0,0.12608536113821864,0.03779690344939623,0.0,0.0,0.01403267272018098,0.049381669664070094,0.0,0.0,0.0,0.0,0.0,0.0,0.0,0.0,3
150,31,kmeans_augmented,3,0.0,0.0,0.0,1.0,,the_coca-cola_company,0.0,1.0,0.11069800741845737,0.02897387971013797,0.0,0.0,0.013543480272839584,0.047358507612615716,0.0,0.0,0.0,0.0,0.0,0.0,0.043478260869565216,0.21739130434782608,3
151,32,kmeans_augmented,3,0.0,0.0,0.0,1.0,,soft_drink,0.0,1.0,0.10522051310151123,0.02775169870931271,0.0,0.0,0.012975662059914158,0.04525262802830747,0.0,0.0,0.0,0.0,0.0,0.0,0.21739130434782608,0.43478260869565216,3
152,33,kmeans_augmented,3,0.0,0.0,0.0,1.0,,fast_food,0.0,1.0,0.07861254356680702,0.020578188787864136,0.0,0.0,0.012287852500301472,0.04281139666639298,0.0,0.0,0.0,0.0,0.0,0.0,0.4782608695652174,1.608695652173913,3
153,34,kmeans_augmented,3,0.0,0.0,0.0,1.0,,united_kingdom,0.0,1.0,0.07599615066775815,0.020204632023518874,0.0,0.0,0.03146462056904936,0.10355024989227714,0.0,0.0,0.0,0.0,0.0,0.0,0.043478260869565216,0.043478260869565216,3
154,42,kmeans_augmented,4,0.0,0.0,0.0,1.0,,cocktail,0.0,1.0,0.15765477349397067,0.02825087064614071,0.0,0.0,0.015360038418099747,0.049093919110895536,0.0,0.0,0.0,0.0,0.0,0.0,0.38461538461538464,1.0769230769230769,4
155,43,kmeans_augmented,4,0.0,0.0,0.0,1.0,,alcoholic_beverage,0.0,1.0,0.15529934713154606,0.02773312453345742,0.0,0.0,0.015151539412046262,0.048072288567454234,0.0,0.0,0.0,0.0,0.0,0.0,0.6923076923076923,2.5384615384615383,4
156,52,kmeans_augmented,5,0.0,0.0,0.0,1.0,,mollusc,0.0,1.0,0.481197897789054,0.037395871610054116,0.0,0.0,0.0152437238457389,0.1125513349236164,0.0,0.0,0.0,0.0,0.0,0.0,0.0,0.0,5
157,53,kmeans_augmented,5,0.0,0.0,0.0,1.0,,atlantic_ocean,0.0,1.0,0.4661604634831461,0.03688739002278493,0.0,0.0,0.014239700339003297,0.11692173671115855,0.0,0.0,0.0,0.0,0.0,0.0,0.2,0.4,5
158,54,kmeans_augmented,5,0.0,0.0,0.0,1.0,,crustacean,0.0,1.0,0.4633449990790201,0.03568113644327197,0.0,0.0,0.03651930526121926,0.1639750853560504,0.0,0.0,0.0,0.0,0.0,0.0,0.0,0.0,5
159,60,kmeans_augmented,6,0.0,0.0,0.0,1.0,,flowering_plant,0.0,1.0,0.17207125103562554,0.03646806772918392,0.0,0.0,0.01705451545933086,0.07808615604702811,0.0,0.0,0.0,0.0,0.0,0.0,0.13636363636363635,0.2727272727272727,6
160,62,kmeans_augmented,6,0.0,0.0,0.0,1.0,,genus,0.0,1.0,0.159325232440394,0.03464681591566058,0.0,0.0,0.0158632856558341,0.07029423741083142,0.0,0.0,0.0,0.0,0.0,0.0,0.0,0.0,6
161,63,kmeans_augmented,6,0.0,0.0,0.0,1.0,,cultivar,0.0,1.0,0.13346374543557646,0.0278894378383357,0.0,0.0,0.014603950283021206,0.06639855025195895,0.0,0.0,0.0,0.0,0.0,0.0,0.18181818181818185,0.5454545454545454,6
162,0,kmeans_plain,0,1.0,0.0,0.0,,1.0,food_politics,0.0,0.0,0.07836233139479745,0.01945058764397653,0.02032077059020552,0.16918848316764934,0.0,0.0,0.0,0.0,0.0,0.0,0.0,0.0,0.2,0.45,0
163,1,kmeans_plain,0,1.0,0.0,0.0,,1.0,nutrition,0.0,0.0,0.07481227241088922,0.018986133983960304,0.01601779404738712,0.0881334592382751,0.0,0.0,0.0,0.0,0.0,0.0,0.0,0.0,0.7,2.75,0
164,2,kmeans_plain,0,1.0,0.0,0.0,,1.0,health,0.0,0.0,0.07435518012196791,0.017799753613635085,0.015992847987147348,0.17584217891395612,0.0,0.0,0.0,0.0,0.0,0.0,0.0,0.0,0.35,1.2,0
165,9,kmeans_plain,0,0.0,1.0,0.0,,1.0,health,0.0,0.0,0.016717715105032938,0.0030751116616218863,0.0,0.0,0.0,0.0,0.0,0.0,0.0069378037932818215,0.0257031092675486,0.0,0.0,0.35,1.2,0
166,3,kmeans_plain,0,0.0,0.0,1.0,,1.0,health,0.0,0.0,0.015120276057317325,0.00386716629167536,0.0,0.0,0.0,0.0,0.007529549628738133,0.04496837661603408,0.0,0.0,0.0,0.0,0.35,1.2,0
167,3,kmeans_plain,0,1.0,0.0,0.0,,1.0,food_additives,0.0,0.0,0.07580976937636774,0.01717520035932215,0.015939270517867057,0.17416349462838135,0.0,0.0,0.0,0.0,0.0,0.0,0.0,0.0,0.55,1.8,0
168,4,kmeans_plain,0,1.0,0.0,0.0,,1.0,food_and_drink,0.0,0.0,0.043989679888288336,0.01708413544312969,0.015682222498055853,0.16622893906444594,0.0,0.0,0.0,0.0,0.0,0.0,0.0,0.0,0.75,2.85,0
169,10,kmeans_plain,1,1.0,0.0,0.0,,1.0,companies_by_industry_and_year_of_establishment,0.0,0.0,0.03381466490004514,0.012080227406813285,0.021406509001798083,0.06814170327476875,0.0,0.0,0.0,0.0,0.0,0.0,0.0,0.0,0.1176470588235294,0.29411764705882354,1
170,11,kmeans_plain,1,1.0,0.0,0.0,,1.0,food_product_brands,0.0,0.0,0.03148207689640449,0.010607489363090337,0.0184007927736594,0.0660983551259711,0.0,0.0,0.0,0.0,0.0,0.0,0.0,0.0,0.8823529411764706,3.4705882352941178,1
171,12,kmeans_plain,1,1.0,0.0,0.0,,1.0,food_and_drink_companies_by_year_of_establishment,0.0,0.0,0.030880750218248345,0.010519206909789709,0.016958036041116297,0.0656948979037316,0.0,0.0,0.0,0.0,0.0,0.0,0.0,0.0,0.35294117647058826,1.0,1
172,13,kmeans_plain,1,1.0,0.0,0.0,,1.0,brands,0.0,0.0,0.03144630180902221,0.010352650511316215,0.016503764670151008,0.06303473220117868,0.0,0.0,0.0,0.0,0.0,0.0,0.0,0.0,0.5294117647058824,1.7058823529411764,1
173,11,kmeans_plain,1,0.0,0.0,1.0,,1.0,brands,0.0,0.0,0.019651162803818657,0.006558646005984806,0.0,0.0,0.0,0.0,0.004866300314935828,0.03430963491089819,0.0,0.0,0.0,0.0,0.5294117647058824,1.7058823529411764,1
174,14,kmeans_plain,1,1.0,0.0,0.0,,1.0,establishments_in_the_united_states_by_year,0.0,0.0,0.03071336913644788,0.009974032435075893,0.016076590921345592,0.055345614875124655,0.0,0.0,0.0,0.0,0.0,0.0,0.0,0.0,0.05882352941176471,0.05882352941176471,1
175,20,kmeans_plain,2,1.0,0.0,0.0,,1.0,births_by_decade,0.0,0.0,0.048517236909256745,0.011169573350320887,0.021356312713822816,0.05264564276657345,0.0,0.0,0.0,0.0,0.0,0.0,0.0,0.0,0.16666666666666666,0.6666666666666666,2
176,21,kmeans_plain,2,1.0,0.0,0.0,,1.0,years,0.0,0.0,0.04394363634319105,0.01081661401186586,0.019743152408893783,0.04664739135071537,0.0,0.0,0.0,0.0,0.0,0.0,0.0,0.0,0.16666666666666666,0.8333333333333334,2
177,21,kmeans_plain,2,1.0,0.0,0.0,,1.0,years,0.0,0.0,0.04394363634319105,0.01081661401186586,0.019743152408893783,0.04664739135071537,0.0,0.0,0.0,0.0,0.0,0.0,0.0,0.0,0.05555555555555555,0.1111111111111111,2
178,22,kmeans_plain,2,1.0,0.0,0.0,,1.0,20th-century_births,0.0,0.0,0.05025822159733891,0.0106638616003335,0.01910812626511281,0.04787622770266428,0.0,0.0,0.0,0.0,0.0,0.0,0.0,0.0,0.0,0.0,2
179,23,kmeans_plain,2,1.0,0.0,0.0,,1.0,people,0.0,0.0,0.04775524561227592,0.009401283144346215,0.01863569310896289,0.0463594768608704,0.0,0.0,0.0,0.0,0.0,0.0,0.0,0.0,0.2,0.6666666666666666,2
180,23,kmeans_plain,2,1.0,0.0,0.0,,1.0,people,0.0,0.0,0.04775524561227592,0.009401283144346215,0.01863569310896289,0.0463594768608704,0.0,0.0,0.0,0.0,0.0,0.0,0.0,0.0,0.0,0.0,2
181,24,kmeans_plain,2,1.0,0.0,0.0,,1.0,victims,0.0,0.0,0.04805341772523968,0.00933999889493852,0.018516690314538568,0.05102432413724583,0.0,0.0,0.0,0.0,0.0,0.0,0.0,0.0,0.0,0.0,2
182,30,kmeans_plain,3,1.0,0.0,0.0,,1.0,alcoholic_drinks_by_country,0.0,0.0,0.0939387476190363,0.02128353758555313,0.008841342021951654,0.026023462689019453,0.0,0.0,0.0,0.0,0.0,0.0,0.0,0.0,0.38461538461538464,0.9230769230769232,3
183,31,kmeans_plain,3,1.0,0.0,0.0,,1.0,alcoholic_drinks,0.0,0.0,0.08782255591771182,0.02058959858913212,0.008841342021951654,0.026023462689019453,0.0,0.0,0.0,0.0,0.0,0.0,0.0,0.0,0.9230769230769232,3.3846153846153846,3
184,32,kmeans_plain,3,1.0,0.0,0.0,,1.0,fermented_drinks,0.0,0.0,0.08373093884625524,0.019332802272801184,0.008821714174244596,0.025978924395884114,0.0,0.0,0.0,0.0,0.0,0.0,0.0,0.0,0.38461538461538464,1.0,3
185,33,kmeans_plain,3,1.0,0.0,0.0,,1.0,wine,0.0,0.0,0.07305147446342633,0.015662085690639243,0.008442331000479577,0.02478601460219556,0.0,0.0,0.0,0.0,0.0,0.0,0.0,0.0,0.15384615384615385,0.4615384615384616,3
186,30,kmeans_plain,3,0.0,1.0,0.0,,1.0,wine,0.0,0.0,0.03659026485995512,0.009706710180928313,0.0,0.0,0.0,0.0,0.0,0.0,0.00401570682327551,0.013042164678030741,0.0,0.0,0.15384615384615385,0.4615384615384616,3
187,30,kmeans_plain,3,0.0,0.0,0.0,,1.0,wine,0.0,1.0,0.22838253589052315,0.04604365190216866,0.0,0.0,0.01403267272018098,0.049381669664070094,0.0,0.0,0.0,0.0,0.0,0.0,0.15384615384615385,0.4615384615384616,3
188,34,kmeans_plain,3,1.0,0.0,0.0,,1.0,alcohol,0.0,0.0,0.06959597285631568,0.01479111800394657,0.008161569404661189,0.02393750113860881,0.0,0.0,0.0,0.0,0.0,0.0,0.0,0.0,0.6923076923076923,2.769230769230769,3
189,33,kmeans_plain,3,0.0,1.0,0.0,,1.0,alcohol,0.0,0.0,0.02951225431396305,0.006610650310846243,0.0,0.0,0.0,0.0,0.0,0.0,0.003746745665430525,0.012146681618749669,0.0,0.0,0.6923076923076923,2.769230769230769,3
190,31,kmeans_plain,3,0.0,0.0,1.0,,1.0,alcohol,0.0,0.0,0.02301415663637446,0.005370041157228254,0.0,0.0,0.0,0.0,0.005330753794794843,0.017164554049631714,0.0,0.0,0.0,0.0,0.6923076923076923,2.769230769230769,3
191,37,kmeans_plain,3,1.0,0.0,0.0,,1.0,beer,0.0,0.0,0.06613603427712374,0.01326542873796896,0.007823853643309613,0.023123047541575646,0.0,0.0,0.0,0.0,0.0,0.0,0.0,0.0,0.3076923076923077,0.6153846153846154,3
192,31,kmeans_plain,3,0.0,1.0,0.0,,1.0,beer,0.0,0.0,0.03584132413312311,0.009137705038899845,0.0,0.0,0.0,0.0,0.0,0.0,0.0037984383402969273,0.012116132618533159,0.0,0.0,0.3076923076923077,0.6153846153846154,3
193,31,kmeans_plain,3,0.0,0.0,0.0,,1.0,beer,0.0,1.0,0.178085433676488,0.033984809777423644,0.0,0.0,0.013543480272839584,0.047358507612615716,0.0,0.0,0.0,0.0,0.0,0.0,0.3076923076923077,0.6153846153846154,3
194,40,kmeans_plain,4,1.0,0.0,0.0,,1.0,fishing,0.0,0.0,0.2889272934485904,0.03704296626823756,0.0244056599458926,0.12331750907567718,0.0,0.0,0.0,0.0,0.0,0.0,0.0,0.0,0.625,1.75,4
195,72,kmeans_plain,4,0.0,1.0,0.0,,1.0,fishing,0.0,0.0,0.08869433318491632,0.00904925812902038,0.0,0.0,0.0,0.0,0.0,0.0,0.004632931822358029,0.0328757475217815,0.0,0.0,0.625,1.75,4
196,43,kmeans_plain,4,0.0,0.0,1.0,,1.0,fishing,0.0,0.0,0.06255690404251467,0.008285833781679939,0.0,0.0,0.0,0.0,0.006541765621744666,0.03327519154641618,0.0,0.0,0.0,0.0,0.625,1.75,4
197,41,kmeans_plain,4,1.0,0.0,0.0,,1.0,fishing_industry,0.0,0.0,0.28377381468167073,0.03573282684914985,0.020239301845431268,0.10666474747940304,0.0,0.0,0.0,0.0,0.0,0.0,0.0,0.0,0.125,0.5,4
198,42,kmeans_plain,4,1.0,0.0,0.0,,1.0,animal-based_seafood,0.0,0.0,0.2663540359586375,0.03167019861896238,0.018851390354116152,0.09750809008328268,0.0,0.0,0.0,0.0,0.0,0.0,0.0,0.0,0.625,2.5,4
199,43,kmeans_plain,4,1.0,0.0,0.0,,1.0,primary_industries,0.0,0.0,0.1924789056148908,0.031137382998799475,0.017095041611043624,0.0967104835777277,0.0,0.0,0.0,0.0,0.0,0.0,0.0,0.0,0.0,0.0,4
200,44,kmeans_plain,4,1.0,0.0,0.0,,1.0,seafood,0.0,0.0,0.1933578047272876,0.0271412010073749,0.01594438482075876,0.08776784437802385,0.0,0.0,0.0,0.0,0.0,0.0,0.0,0.0,1.0,3.875,4
201,50,kmeans_plain,5,1.0,0.0,0.0,,1.0,cuisine,0.0,0.0,0.04382438984191515,0.018587382183443583,0.013445469557200995,0.04403294976890042,0.0,0.0,0.0,0.0,0.0,0.0,0.0,0.0,0.65625,2.65625,5
202,54,kmeans_plain,5,0.0,1.0,0.0,,1.0,cuisine,0.0,0.0,0.01316408530097039,0.004366030222655428,0.0,0.0,0.0,0.0,0.0,0.0,0.003503767660272547,0.015650900169675182,0.0,0.0,0.65625,2.65625,5
203,51,kmeans_plain,5,1.0,0.0,0.0,,1.0,cuisine_by_country,0.0,0.0,0.04251776221784122,0.01851259061219462,0.013227758607771124,0.044724650307440376,0.0,0.0,0.0,0.0,0.0,0.0,0.0,0.0,0.53125,1.75,5
204,52,kmeans_plain,5,1.0,0.0,0.0,,1.0,food_and_drink_by_country,0.0,0.0,0.039835865010492674,0.01663018382714407,0.0128889256481092,0.042647821197641364,0.0,0.0,0.0,0.0,0.0,0.0,0.0,0.0,0.59375,1.96875,5
205,53,kmeans_plain,5,1.0,0.0,0.0,,1.0,culture_by_country,0.0,0.0,0.03931344406625016,0.01659598571007691,0.01082461693847066,0.04096222113804207,0.0,0.0,0.0,0.0,0.0,0.0,0.0,0.0,0.125,0.40625,5
206,54,kmeans_plain,5,1.0,0.0,0.0,,1.0,cuisine_by_region,0.0,0.0,0.04023382569990819,0.0161700283286209,0.010613380385567198,0.039257625116877234,0.0,0.0,0.0,0.0,0.0,0.0,0.0,0.0,0.5,1.65625,5
207,60,kmeans_plain,6,1.0,0.0,0.0,,1.0,edible_plants,0.0,0.0,0.07612675226764047,0.02464944998268968,0.020801037019673733,0.08132839518117059,0.0,0.0,0.0,0.0,0.0,0.0,0.0,0.0,0.7307692307692307,2.6153846153846154,6
208,61,kmeans_plain,6,1.0,0.0,0.0,,1.0,plants_and_humans,0.0,0.0,0.07529928756907918,0.021636829768327814,0.019240527863323927,0.07898119376701075,0.0,0.0,0.0,0.0,0.0,0.0,0.0,0.0,0.19230769230769232,0.38461538461538464,6
209,62,kmeans_plain,6,1.0,0.0,0.0,,1.0,flora_by_continent,0.0,0.0,0.07575792110355307,0.020167135556333718,0.018371600798528655,0.07541430114527478,0.0,0.0,0.0,0.0,0.0,0.0,0.0,0.0,0.1153846153846154,0.15384615384615385,6
210,63,kmeans_plain,6,1.0,0.0,0.0,,1.0,plant_products,0.0,0.0,0.06869386948574815,0.01924057586226585,0.017917065828439546,0.08222856144556097,0.0,0.0,0.0,0.0,0.0,0.0,0.0,0.0,0.6538461538461539,2.3076923076923075,6
211,64,kmeans_plain,6,1.0,0.0,0.0,,1.0,types_of_food,0.0,0.0,0.06185298621745789,0.018521687617490387,0.01745923286999936,0.0450361388949108,0.0,0.0,0.0,0.0,0.0,0.0,0.0,0.0,0.7307692307692307,2.8461538461538463,6
212,1,kmeans_plain,0,0.0,1.0,0.0,,1.0,protein,0.0,0.0,0.019792337537896047,0.003805326217514169,0.0,0.0,0.0,0.0,0.0,0.0,0.007350550424754581,0.05672409505533716,0.0,0.0,0.1,0.2,0
213,1,kmeans_plain,0,0.0,0.0,0.0,,1.0,protein,0.0,1.0,0.09570648180986076,0.016872015727545108,0.0,0.0,0.0,0.0,0.0035279061410959578,0.015506045628878437,0.0,0.0,0.0,0.0,0.1,0.2,0
214,2,kmeans_plain,0,0.0,1.0,0.0,,1.0,acid,0.0,0.0,0.019388412282020616,0.0037276664987893897,0.0,0.0,0.0,0.0,0.0,0.0,0.007098978959733983,0.06039726276153226,0.0,0.0,0.0,0.0,0
215,3,kmeans_plain,0,0.0,1.0,0.0,,1.0,diet,0.0,0.0,0.018584144255909447,0.0037034460600859297,0.0,0.0,0.0,0.0,0.0,0.0,0.007019778464243051,0.08520464695986231,0.0,0.0,0.2,0.6,0
216,4,kmeans_plain,0,0.0,1.0,0.0,,1.0,intake,0.0,0.0,0.019663223599800963,0.0035148520515338386,0.0,0.0,0.0,0.0,0.0,0.0,0.006057763547651802,0.03866174317413492,0.0,0.0,0.1,0.15,0
217,10,kmeans_plain,1,0.0,1.0,0.0,,1.0,company,0.0,0.0,0.02738426830703173,0.009737606668058807,0.0,0.0,0.0,0.0,0.0,0.0,0.006886343680533738,0.02607521386964677,0.0,0.0,0.2352941176470588,0.5882352941176471,1
218,10,kmeans_plain,1,0.0,0.0,1.0,,1.0,company,0.0,0.0,0.02019636030306781,0.007778182599944992,0.0,0.0,0.0,0.0,0.004957365003873096,0.04882929784064306,0.0,0.0,0.0,0.0,0.2352941176470588,0.5882352941176471,1
219,11,kmeans_plain,1,0.0,1.0,0.0,,1.0,chain,0.0,0.0,0.02064583089434184,0.006015120991757682,0.0,0.0,0.0,0.0,0.0,0.0,0.006500102760820847,0.0266673749816852,0.0,0.0,0.4117647058823529,1.1764705882352942,1
220,12,kmeans_plain,1,0.0,1.0,0.0,,1.0,locations,0.0,0.0,0.020317756565390248,0.005765926783587397,0.0,0.0,0.0,0.0,0.0,0.0,0.006399159314559135,0.027224539469735114,0.0,0.0,0.17647058823529413,0.35294117647058826,1
221,13,kmeans_plain,1,0.0,1.0,0.0,,1.0,brand,0.0,0.0,0.01826452417664431,0.005601261150685704,0.0,0.0,0.0,0.0,0.0,0.0,0.005942884504447118,0.026069729019962736,0.0,0.0,0.2352941176470588,0.5294117647058824,1
222,14,kmeans_plain,1,0.0,1.0,0.0,,1.0,stores,0.0,0.0,0.01901499109388112,0.005346891914715563,0.0,0.0,0.0,0.0,0.0,0.0,0.0052704248105013155,0.02361762930423241,0.0,0.0,0.17647058823529413,0.5882352941176471,1
223,20,kmeans_plain,2,0.0,1.0,0.0,,1.0,restaurant,0.0,0.0,0.03797963363604773,0.010430936192389807,0.0,0.0,0.0,0.0,0.0,0.0,0.005281020066337031,0.01761928846304877,0.0,0.0,0.5,1.6666666666666667,2
224,20,kmeans_plain,2,0.0,0.0,1.0,,1.0,restaurant,0.0,0.0,0.028510970041207263,0.007773941595585037,0.0,0.0,0.0,0.0,0.0050655611811345575,0.01634364519883677,0.0,0.0,0.0,0.0,0.5,1.6666666666666667,2
225,23,kmeans_plain,2,0.0,0.0,0.0,,1.0,restaurant,0.0,1.0,0.17112262715808746,0.029901250779616008,0.0,0.0,0.01770201695800279,0.08563803644347677,0.0,0.0,0.0,0.0,0.0,0.0,0.5,1.6666666666666667,2
226,21,kmeans_plain,2,0.0,1.0,0.0,,1.0,chef,0.0,0.0,0.03545041878888816,0.006630913123208514,0.0,0.0,0.0,0.0,0.0,0.0,0.004998705005515339,0.016440307632615458,0.0,0.0,0.6666666666666666,3.0,2
227,21,kmeans_plain,2,0.0,0.0,1.0,,1.0,chef,0.0,0.0,0.03321481682783402,0.006962759454307109,0.0,0.0,0.0,0.0,0.004822523332148479,0.020767220414239004,0.0,0.0,0.0,0.0,0.6666666666666666,3.0,2
228,21,kmeans_plain,2,0.0,0.0,0.0,,1.0,chef,0.0,1.0,0.2126625989494169,0.033311355957214316,0.0,0.0,0.020324824054235496,0.09873561848777324,0.0,0.0,0.0,0.0,0.0,0.0,0.6666666666666666,3.0,2
229,22,kmeans_plain,2,0.0,1.0,0.0,,1.0,kitchen,0.0,0.0,0.02448571333311106,0.004433617669054476,0.0,0.0,0.0,0.0,0.0,0.0,0.0048273154923417355,0.016021856012423445,0.0,0.0,0.5,1.1666666666666667,2
230,27,kmeans_plain,2,0.0,0.0,1.0,,1.0,kitchen,0.0,0.0,0.029487341505539406,0.005848682355655946,0.0,0.0,0.0,0.0,0.0058054760577451936,0.016420968268733974,0.0,0.0,0.0,0.0,0.5,1.1666666666666667,2
231,23,kmeans_plain,2,0.0,1.0,0.0,,1.0,london,0.0,0.0,0.02282440744199029,0.004356109410160847,0.0,0.0,0.0,0.0,0.0,0.0,0.004620208332081578,0.015474918666780546,0.0,0.0,0.0,0.0,2
232,24,kmeans_plain,2,0.0,1.0,0.0,,1.0,street,0.0,0.0,0.02226226603839042,0.004220669918558408,0.0,0.0,0.0,0.0,0.0,0.0,0.004551768078700933,0.015454075256238988,0.0,0.0,0.0,0.0,2
233,77,kmeans_plain,2,0.0,0.0,1.0,,1.0,street,0.0,0.0,0.026975384961222884,0.00567603647005794,0.0,0.0,0.0,0.0,0.003541786952397003,0.04670628489104988,0.0,0.0,0.0,0.0,0.0,0.0,2
234,26,kmeans_plain,2,0.0,1.0,0.0,,1.0,new_york_city,0.0,0.0,0.024002995542922026,0.004181370347741944,0.0,0.0,0.0,0.0,0.0,0.0,0.004352356951660859,0.014502045128929518,0.0,0.0,0.0,0.0,2
235,20,kmeans_plain,2,0.0,0.0,0.0,,1.0,new_york_city,0.0,1.0,0.2447664720600501,0.04085809721618668,0.0,0.0,0.021720443458964456,0.1051455618292346,0.0,0.0,0.0,0.0,0.0,0.0,0.0,0.0,2
236,28,kmeans_plain,2,0.0,1.0,0.0,,1.0,building,0.0,0.0,0.02324600225378913,0.004109345029797192,0.0,0.0,0.0,0.0,0.0,0.0,0.008688965544255838,0.023999425470327185,0.0,0.0,0.04,0.04,2
237,29,kmeans_plain,2,0.0,1.0,0.0,,1.0,series,0.0,0.0,0.023866104723918414,0.0040861486584887466,0.0,0.0,0.0,0.0,0.0,0.0,0.004115033057934774,0.013071313946301844,0.0,0.0,0.13333333333333333,0.4,2
238,32,kmeans_plain,3,0.0,1.0,0.0,,1.0,brewery,0.0,0.0,0.03309092427281148,0.007070285747090901,0.0,0.0,0.0,0.0,0.0,0.0,0.0037546142750203115,0.01180635665572748,0.0,0.0,0.15384615384615385,0.2307692307692308,3
239,34,kmeans_plain,3,0.0,0.0,0.0,,1.0,brewery,0.0,1.0,0.11731979583417285,0.02056475622330505,0.0,0.0,0.03146462056904936,0.10355024989227714,0.0,0.0,0.0,0.0,0.0,0.0,0.15384615384615385,0.2307692307692308,3
240,34,kmeans_plain,3,0.0,1.0,0.0,,1.0,grapes,0.0,0.0,0.030561029985072118,0.006301614831824051,0.0,0.0,0.0,0.0,0.0,0.0,0.003430841074054659,0.011157401106370856,0.0,0.0,0.0,0.0,3
241,81,kmeans_plain,3,0.0,0.0,1.0,,1.0,grapes,0.0,0.0,0.01949792227600268,0.003919222709862017,0.0,0.0,0.0,0.0,0.004563551241330619,0.01977282073166893,0.0,0.0,0.0,0.0,0.0,0.0,3
242,40,kmeans_plain,4,0.0,1.0,0.0,,1.0,species,0.0,0.0,0.0690195138269201,0.015885895343903958,0.0,0.0,0.0,0.0,0.0,0.0,0.007471580641426605,0.03980167512495,0.0,0.0,0.25,0.375,4
243,45,kmeans_plain,4,0.0,0.0,1.0,,1.0,species,0.0,0.0,0.03751144604308975,0.007681421405911375,0.0,0.0,0.0,0.0,0.0061838404333892216,0.03554674448462273,0.0,0.0,0.0,0.0,0.25,0.375,4
244,40,kmeans_plain,4,0.0,0.0,0.0,,1.0,species,0.0,1.0,0.3824871483856062,0.04729589378218207,0.0,0.0,0.016807894824409073,0.05529084877265463,0.0,0.0,0.0,0.0,0.0,0.0,0.25,0.375,4
245,41,kmeans_plain,4,0.0,1.0,0.0,,1.0,fish,0.0,0.0,0.06960074627466839,0.01347296800451356,0.0,0.0,0.0,0.0,0.0,0.0,0.006648782568379126,0.031306411854735615,0.0,0.0,0.75,2.5,4
246,41,kmeans_plain,4,0.0,0.0,0.0,,1.0,fish,0.0,1.0,0.41170348785346855,0.038763371544643266,0.0,0.0,0.016643465739924,0.05391584702976583,0.0,0.0,0.0,0.0,0.0,0.0,0.75,2.5,4
247,42,kmeans_plain,4,0.0,1.0,0.0,,1.0,fisheries,0.0,0.0,0.10370554532874704,0.010045263050553107,0.0,0.0,0.0,0.0,0.0,0.0,0.006415035609944376,0.0383199328330643,0.0,0.0,0.0,0.0,4
248,41,kmeans_plain,4,0.0,0.0,1.0,,1.0,fisheries,0.0,0.0,0.08680794774988287,0.008801252835556092,0.0,0.0,0.0,0.0,0.00460819918043953,0.014125849074284413,0.0,0.0,0.0,0.0,0.0,0.0,4
249,43,kmeans_plain,4,0.0,1.0,0.0,,1.0,females,0.0,0.0,0.09935045681100436,0.00988122549564632,0.0,0.0,0.0,0.0,0.0,0.0,0.00586469785223722,0.040281677830552864,0.0,0.0,0.0,0.0,4
250,44,kmeans_plain,4,0.0,0.0,1.0,,1.0,females,0.0,0.0,0.07857772291098993,0.007815205122759981,0.0,0.0,0.0,0.0,0.006220097922713697,0.03768344900917685,0.0,0.0,0.0,0.0,0.0,0.0,4
251,44,kmeans_plain,4,0.0,1.0,0.0,,1.0,sea,0.0,0.0,0.08120087065377979,0.00929499474549668,0.0,0.0,0.0,0.0,0.0,0.0,0.005634038396300092,0.02374364333751284,0.0,0.0,0.375,1.0,4
252,42,kmeans_plain,4,0.0,0.0,1.0,,1.0,sea,0.0,0.0,0.06360386570161541,0.008530200301571188,0.0,0.0,0.0,0.0,0.007260768839885924,0.040088343288554866,0.0,0.0,0.0,0.0,0.375,1.0,4
253,49,kmeans_plain,4,0.0,1.0,0.0,,1.0,waters,0.0,0.0,0.07062508651028153,0.006655985587487652,0.0,0.0,0.0,0.0,0.0,0.0,0.007333470932899231,0.02676921860683773,0.0,0.0,0.0,0.0,4
254,40,kmeans_plain,4,0.0,0.0,1.0,,1.0,waters,0.0,0.0,0.07232210321791381,0.010015326385056086,0.0,0.0,0.0,0.0,0.0046432467192830465,0.014357372153701082,0.0,0.0,0.0,0.0,0.0,0.0,4
255,50,kmeans_plain,5,0.0,1.0,0.0,,1.0,dish,0.0,0.0,0.01840596337173189,0.006512067310972885,0.0,0.0,0.0,0.0,0.0,0.0,0.006151105071319552,0.022719331890424986,0.0,0.0,0.3125,1.0,5
256,87,kmeans_plain,5,0.0,0.0,1.0,,1.0,dish,0.0,0.0,0.017532964762406362,0.0065493630228550285,0.0,0.0,0.0,0.0,0.004166027893445246,0.03020522149611858,0.0,0.0,0.0,0.0,0.3125,1.0,5
257,51,kmeans_plain,5,0.0,1.0,0.0,,1.0,meat,0.0,0.0,0.015225611921111304,0.0054098796396892255,0.0,0.0,0.0,0.0,0.0,0.0,0.004043055364468609,0.016630322726242826,0.0,0.0,0.125,0.34375,5
258,57,kmeans_plain,5,0.0,0.0,0.0,,1.0,meat,0.0,1.0,0.03998517772743799,0.012955960583250013,0.0,0.0,0.019119178978359158,0.08790782765044751,0.0,0.0,0.0,0.0,0.0,0.0,0.125,0.34375,5
259,52,kmeans_plain,5,0.0,1.0,0.0,,1.0,bread,0.0,0.0,0.01348940395640087,0.004521311708913611,0.0,0.0,0.0,0.0,0.0,0.0,0.0040428440694908335,0.015798688794756252,0.0,0.0,0.0625,0.15625,5
260,88,kmeans_plain,5,0.0,0.0,1.0,,1.0,bread,0.0,0.0,0.012244068446505385,0.004092437561106733,0.0,0.0,0.0,0.0,0.0038170730131318756,0.02804037398697446,0.0,0.0,0.0,0.0,0.0625,0.15625,5
261,51,kmeans_plain,5,0.0,0.0,0.0,,1.0,bread,0.0,1.0,0.050414968962782684,0.016284781789894374,0.0,0.0,0.01575274749348138,0.12987537703844573,0.0,0.0,0.0,0.0,0.0,0.0,0.0625,0.15625,5
262,53,kmeans_plain,5,0.0,1.0,0.0,,1.0,cooked,0.0,0.0,0.013195795179315696,0.00439584962338404,0.0,0.0,0.0,0.0,0.0,0.0,0.004025582887344337,0.017789188717038783,0.0,0.0,0.21875,0.53125,5
263,51,kmeans_plain,5,0.0,0.0,1.0,,1.0,cooked,0.0,0.0,0.015239162636233813,0.005801416526516018,0.0,0.0,0.0,0.0,0.0046617016643910655,0.03133600279498072,0.0,0.0,0.0,0.0,0.21875,0.53125,5
264,55,kmeans_plain,5,0.0,1.0,0.0,,1.0,served,0.0,0.0,0.012961853104114532,0.004337193583106732,0.0,0.0,0.0,0.0,0.0,0.0,0.003462560421997189,0.014947137302245473,0.0,0.0,0.0625,0.15625,5
265,52,kmeans_plain,5,0.0,0.0,1.0,,1.0,served,0.0,0.0,0.013967048628496794,0.005595791651573268,0.0,0.0,0.0,0.0,0.008646134849739931,0.023729577968146127,0.0,0.0,0.0,0.0,0.0625,0.15625,5
266,56,kmeans_plain,5,0.0,1.0,0.0,,1.0,cheese,0.0,0.0,0.012228944494694142,0.004064781940350611,0.0,0.0,0.0,0.0,0.0,0.0,0.003448386147407604,0.014735389381841513,0.0,0.0,0.03125,0.0625,5
267,53,kmeans_plain,5,0.0,0.0,0.0,,1.0,cheese,0.0,1.0,0.0461530598337195,0.014903241681345,0.0,0.0,0.014239700339003297,0.11692173671115855,0.0,0.0,0.0,0.0,0.0,0.0,0.03125,0.0625,5
268,60,kmeans_plain,6,0.0,1.0,0.0,,1.0,plant,0.0,0.0,0.03196898701287311,0.0085732883719416,0.0,0.0,0.0,0.0,0.0,0.0,0.003695819567656204,0.01811585680033649,0.0,0.0,0.2307692307692308,0.6923076923076923,6
269,61,kmeans_plain,6,0.0,1.0,0.0,,1.0,leaves,0.0,0.0,0.03319795352750489,0.008285061704050843,0.0,0.0,0.0,0.0,0.0,0.0,0.0036828752114147975,0.014059427850613706,0.0,0.0,0.0,0.0,6
270,61,kmeans_plain,6,0.0,0.0,1.0,,1.0,leaves,0.0,0.0,0.02752697434752342,0.007813315988465372,0.0,0.0,0.0,0.0,0.004960532556670839,0.02114911770960352,0.0,0.0,0.0,0.0,0.0,0.0,6
271,62,kmeans_plain,6,0.0,1.0,0.0,,1.0,fruit,0.0,0.0,0.0295300093861158,0.00822351503706746,0.0,0.0,0.0,0.0,0.0,0.0,0.003636181893907981,0.019206876857977825,0.0,0.0,0.3076923076923077,0.8461538461538461,6
272,61,kmeans_plain,6,0.0,0.0,0.0,,1.0,fruit,0.0,1.0,0.15318728637891876,0.03472261598340002,0.0,0.0,0.016135437029338867,0.0739881306708516,0.0,0.0,0.0,0.0,0.0,0.0,0.3076923076923077,0.8461538461538461,6
273,63,kmeans_plain,6,0.0,1.0,0.0,,1.0,seeds,0.0,0.0,0.0309771641834694,0.0074419013498536295,0.0,0.0,0.0,0.0,0.0,0.0,0.0033399272638418988,0.01719891852131714,0.0,0.0,0.1153846153846154,0.2307692307692308,6
274,64,kmeans_plain,6,0.0,0.0,1.0,,1.0,seeds,0.0,0.0,0.0262667885303549,0.006882892374987137,0.0,0.0,0.0,0.0,0.0043034835473024675,0.0154669978173604,0.0,0.0,0.0,0.0,0.1153846153846154,0.2307692307692308,6
275,64,kmeans_plain,6,0.0,1.0,0.0,,1.0,cultivars,0.0,0.0,0.030805703865110712,0.0070109559746716855,0.0,0.0,0.0,0.0,0.0,0.0,0.003249726420154234,0.017649350984001624,0.0,0.0,0.19230769230769232,0.5,6
276,67,kmeans_plain,6,0.0,0.0,1.0,,1.0,cultivars,0.0,0.0,0.025819571038228576,0.005778544662696136,0.0,0.0,0.0,0.0,0.0038169446722005436,0.015405290507087119,0.0,0.0,0.0,0.0,0.19230769230769232,0.5,6
277,65,kmeans_plain,6,0.0,1.0,0.0,,1.0,tree,0.0,0.0,0.028916591697725227,0.006660612609244378,0.0,0.0,0.0,0.0,0.0,0.0,0.0031391167982775976,0.01614011604245387,0.0,0.0,0.07692307692307693,0.15384615384615385,6
278,93,kmeans_plain,6,0.0,0.0,1.0,,1.0,tree,0.0,0.0,0.02084215650416804,0.004915056773074444,0.0,0.0,0.0,0.0,0.004662155941484878,0.01898818679896808,0.0,0.0,0.0,0.0,0.07692307692307693,0.15384615384615385,6
279,64,kmeans_plain,6,0.0,0.0,0.0,,1.0,tree,0.0,1.0,0.11524956349743253,0.02359646389815866,0.0,0.0,0.02607890583404137,0.13114376778704895,0.0,0.0,0.0,0.0,0.0,0.0,0.07692307692307693,0.15384615384615385,6
280,66,kmeans_plain,6,0.0,1.0,0.0,,1.0,flowers,0.0,0.0,0.02746345255983145,0.006127621040223456,0.0,0.0,0.0,0.0,0.0,0.0,0.0031177088338897145,0.013107676230141802,0.0,0.0,0.038461538461538464,0.1153846153846154,6
281,63,kmeans_plain,6,0.0,0.0,1.0,,1.0,flowers,0.0,0.0,0.029654836826669962,0.007154243325144136,0.0,0.0,0.0,0.0,0.0043134723916085135,0.0175672533104546,0.0,0.0,0.0,0.0,0.038461538461538464,0.1153846153846154,6
282,0,kmeans_plain,0,0.0,0.0,1.0,,1.0,effects,0.0,0.0,0.017935857909091697,0.004627079725952126,0.0,0.0,0.0,0.0,0.0,0.0,0.002978505300454373,0.01607958372862264,0.0,0.0,0.0,0.0,0
283,1,kmeans_plain,0,0.0,0.0,1.0,,1.0,studies,0.0,0.0,0.017655265405627164,0.004424230943179711,0.0,0.0,0.0,0.0,0.0,0.0,0.002968281338582301,0.015856916258270067,0.0,0.0,0.0,0.0,0
284,2,kmeans_plain,0,0.0,0.0,1.0,,1.0,increase,0.0,0.0,0.014899596315718612,0.004128573000019993,0.0,0.0,0.0,0.0,0.00881642879488395,0.04346059390709557,0.0,0.0,0.0,0.0,0.0,0.0,0
285,4,kmeans_plain,0,0.0,0.0,1.0,,1.0,processing,0.0,0.0,0.01579080116779285,0.0038411752923389374,0.0,0.0,0.0,0.0,0.00636655342024497,0.033667001694921546,0.0,0.0,0.0,0.0,0.25,0.75,0
286,12,kmeans_plain,1,0.0,0.0,1.0,,1.0,operations,0.0,0.0,0.018447461306099533,0.00559728570924196,0.0,0.0,0.0,0.0,0.006967915889344463,0.026513376271443158,0.0,0.0,0.0,0.0,0.17647058823529413,0.2352941176470588,1
287,13,kmeans_plain,1,0.0,0.0,1.0,,1.0,marketing,0.0,0.0,0.016682544141147254,0.005447696851578634,0.0,0.0,0.0,0.0,0.006726247002006245,0.0245813684355539,0.0,0.0,0.0,0.0,0.1176470588235294,0.4117647058823529,1
288,14,kmeans_plain,1,0.0,0.0,1.0,,1.0,united,0.0,0.0,0.012974367099858093,0.005311022788105279,0.0,0.0,0.0,0.0,0.006389009939298054,0.023780292567115568,0.0,0.0,0.0,0.0,0.05882352941176471,0.29411764705882354,1
289,22,kmeans_plain,2,0.0,0.0,1.0,,1.0,opened,0.0,0.0,0.024630005013186858,0.0067852432614233064,0.0,0.0,0.0,0.0,0.008409004761168914,0.023509703527832968,0.0,0.0,0.0,0.0,0.0,0.0,2
290,23,kmeans_plain,2,0.0,0.0,1.0,,1.0,work,0.0,0.0,0.024139737195691284,0.0065127254490468574,0.0,0.0,0.0,0.0,0.007155399386986544,0.020185981911543287,0.0,0.0,0.0,0.0,0.16666666666666666,0.16666666666666666,2
291,24,kmeans_plain,2,0.0,0.0,1.0,,1.0,award,0.0,0.0,0.03075646070954785,0.006507807754042596,0.0,0.0,0.0,0.0,0.006787266496061837,0.020416368467746457,0.0,0.0,0.0,0.0,0.0,0.0,2
292,30,kmeans_plain,3,0.0,0.0,1.0,,1.0,beers,0.0,0.0,0.026766227670930298,0.00582830814657924,0.0,0.0,0.0,0.0,0.0053914224942692044,0.012800021618516191,0.0,0.0,0.0,0.0,0.07692307692307693,0.07692307692307693,3
293,32,kmeans_plain,3,0.0,0.0,1.0,,1.0,wines,0.0,0.0,0.02315179826290208,0.0053611075505556535,0.0,0.0,0.0,0.0,0.007815919186172386,0.021035062352496768,0.0,0.0,0.0,0.0,0.2307692307692308,0.38461538461538464,3
294,33,kmeans_plain,3,0.0,0.0,1.0,,1.0,bottle,0.0,0.0,0.023658151971205986,0.0052907200531871965,0.0,0.0,0.0,0.0,0.006619670623040778,0.01864123997791458,0.0,0.0,0.0,0.0,0.15384615384615385,0.4615384615384616,3
295,34,kmeans_plain,3,0.0,0.0,1.0,,1.0,produced,0.0,0.0,0.013871246473730984,0.005125848604974422,0.0,0.0,0.0,0.0,0.006336080876713626,0.014730183602985381,0.0,0.0,0.0,0.0,0.07692307692307693,0.38461538461538464,3
296,50,kmeans_plain,5,0.0,0.0,1.0,,1.0,dishes,0.0,0.0,0.017241259180957626,0.0065743965853313074,0.0,0.0,0.0,0.0,0.004737951674927575,0.03289789441298868,0.0,0.0,0.0,0.0,0.5625,1.6875,5
297,53,kmeans_plain,5,0.0,0.0,1.0,,1.0,preparation,0.0,0.0,0.015039799373103712,0.0054551825261430435,0.0,0.0,0.0,0.0,0.007675080348358231,0.0254379307055067,0.0,0.0,0.0,0.0,0.21875,0.5,5
298,54,kmeans_plain,5,0.0,0.0,1.0,,1.0,traditional,0.0,0.0,0.013783786472240073,0.005268850534932323,0.0,0.0,0.0,0.0,0.006704317065994793,0.01786638659285746,0.0,0.0,0.0,0.0,0.25,0.625,5
299,60,kmeans_plain,6,0.0,0.0,1.0,,1.0,cultivation,0.0,0.0,0.02985980677818028,0.007815095573937409,0.0,0.0,0.0,0.0,0.00505543929550197,0.016837998407609404,0.0,0.0,0.0,0.0,0.1153846153846154,0.3461538461538461,6
300,62,kmeans_plain,6,0.0,0.0,1.0,,1.0,plants,0.0,0.0,0.025654960283221395,0.007734566812653358,0.0,0.0,0.0,0.0,0.0044977931218771645,0.017818214072032525,0.0,0.0,0.0,0.0,0.19230769230769232,0.6923076923076923,6
301,0,kmeans_plain,0,0.0,0.0,0.0,,1.0,organic_compound,0.0,1.0,0.10954635897893183,0.01882925510325697,0.0,0.0,0.0,0.0,0.0035737717311333634,0.01616107332240228,0.0,0.0,0.0,0.0,0.15,0.35,0
302,2,kmeans_plain,0,0.0,0.0,0.0,,1.0,carbohydrate,0.0,1.0,0.09542379925154218,0.01647301097936768,0.0,0.0,0.0,0.0,0.0035490825776080506,0.015278477469870131,0.0,0.0,0.0,0.0,0.1,0.3,0
303,4,kmeans_plain,0,0.0,0.0,0.0,,1.0,chemical_formula,0.0,1.0,0.07511599781837151,0.012778079261198805,0.0,0.0,0.03949764731534156,0.4609899266629413,0.0,0.0,0.0,0.0,0.0,0.0,0.15,0.5,0
304,10,kmeans_plain,1,0.0,0.0,0.0,,1.0,united_states,0.0,1.0,0.12600001840020714,0.03777132005732272,0.0,0.0,0.020376667703508256,0.3470426729954861,0.0,0.0,0.0,0.0,0.0,0.0,0.05882352941176471,0.05882352941176471,1
305,11,kmeans_plain,1,0.0,0.0,0.0,,1.0,the_coca-cola_company,0.0,1.0,0.11062307983796564,0.02895426831193157,0.0,0.0,0.01997294489004102,0.333366114453792,0.0,0.0,0.0,0.0,0.0,0.0,0.1176470588235294,0.29411764705882354,1
306,12,kmeans_plain,1,0.0,0.0,0.0,,1.0,soft_drink,0.0,1.0,0.105149293043909,0.02773291456235907,0.0,0.0,0.019733998518599968,0.20368192997477733,0.0,0.0,0.0,0.0,0.0,0.0,0.05882352941176471,0.2352941176470588,1
307,13,kmeans_plain,1,0.0,0.0,0.0,,1.0,fast_food,0.0,1.0,0.07855933350618241,0.02056426013699919,0.0,0.0,0.01960966554863636,0.320726640919999,0.0,0.0,0.0,0.0,0.0,0.0,0.4705882352941176,1.8823529411764703,1
308,14,kmeans_plain,1,0.0,0.0,0.0,,1.0,united_kingdom,0.0,1.0,0.07594471155129154,0.02019095622006448,0.0,0.0,0.034750479513796034,0.1606320258242719,0.0,0.0,0.0,0.0,0.0,0.0,0.13333333333333333,0.4,1
309,14,kmeans_plain,1,0.0,0.0,0.0,,1.0,united_kingdom,0.0,1.0,0.07594471155129154,0.02019095622006448,0.0,0.0,0.034750479513796034,0.1606320258242719,0.0,0.0,0.0,0.0,0.0,0.0,0.0,0.0,1
310,22,kmeans_plain,2,0.0,0.0,0.0,,1.0,food_network,0.0,1.0,0.19630393749176947,0.03074894396050553,0.0,0.0,0.01786221924184794,0.08680214686794484,0.0,0.0,0.0,0.0,0.0,0.0,0.8333333333333334,3.0,2
311,24,kmeans_plain,2,0.0,0.0,0.0,,1.0,celebrity_chef,0.0,1.0,0.18994223581379546,0.029396475348077582,0.0,0.0,0.017631484810534063,0.062190040233188276,0.0,0.0,0.0,0.0,0.0,0.0,0.6666666666666666,2.1666666666666665,2
312,27,kmeans_plain,2,0.0,0.0,0.0,,1.0,the_new_york_times,0.0,1.0,0.15448771412074164,0.02638579822301319,0.0,0.0,0.015591797709836515,0.055006951605925176,0.0,0.0,0.0,0.0,0.0,0.0,0.0,0.0,2
313,32,kmeans_plain,3,0.0,0.0,0.0,,1.0,cocktail,0.0,1.0,0.15765477349397067,0.02825087064614071,0.0,0.0,0.012975662059914158,0.04525262802830747,0.0,0.0,0.0,0.0,0.0,0.0,0.3076923076923077,0.6923076923076923,3
314,33,kmeans_plain,3,0.0,0.0,0.0,,1.0,alcoholic_beverage,0.0,1.0,0.15529934713154606,0.02773312453345742,0.0,0.0,0.012287852500301472,0.04281139666639298,0.0,0.0,0.0,0.0,0.0,0.0,0.8461538461538461,3.2307692307692313,3
315,42,kmeans_plain,4,0.0,0.0,0.0,,1.0,mollusc,0.0,1.0,0.4525778498793179,0.036022617724103145,0.0,0.0,0.015360038418099747,0.049093919110895536,0.0,0.0,0.0,0.0,0.0,0.0,0.0,0.0,4
316,43,kmeans_plain,4,0.0,0.0,0.0,,1.0,atlantic_ocean,0.0,1.0,0.4387586788906364,0.035532808634240465,0.0,0.0,0.015151539412046262,0.048072288567454234,0.0,0.0,0.0,0.0,0.0,0.0,0.25,0.625,4
317,44,kmeans_plain,4,0.0,0.0,0.0,,1.0,crustacean,0.0,1.0,0.4356180904522613,0.03437085118540153,0.0,0.0,0.04749403186428018,0.3189666602510639,0.0,0.0,0.0,0.0,0.0,0.0,0.375,0.75,4
318,50,kmeans_plain,5,0.0,0.0,0.0,,1.0,pork,0.0,1.0,0.05743491890418428,0.018546256314562658,0.0,0.0,0.016112940263072768,0.13352527053835522,0.0,0.0,0.0,0.0,0.0,0.0,0.0,0.0,5
319,52,kmeans_plain,5,0.0,0.0,0.0,,1.0,sugar,0.0,1.0,0.04707991433452848,0.015240780921620331,0.0,0.0,0.0152437238457389,0.1125513349236164,0.0,0.0,0.0,0.0,0.0,0.0,0.03125,0.125,5
320,54,kmeans_plain,5,0.0,0.0,0.0,,1.0,beef,0.0,1.0,0.043355515224843724,0.014140339645152326,0.0,0.0,0.03651930526121926,0.1639750853560504,0.0,0.0,0.0,0.0,0.0,0.0,0.03125,0.0625,5
321,60,kmeans_plain,6,0.0,0.0,0.0,,1.0,flowering_plant,0.0,1.0,0.17170627534583696,0.0364335289016769,0.0,0.0,0.01705451545933086,0.07808615604702811,0.0,0.0,0.0,0.0,0.0,0.0,0.15384615384615385,0.5,6
322,62,kmeans_plain,6,0.0,0.0,0.0,,1.0,genus,0.0,1.0,0.15900113201230387,0.03461400199177888,0.0,0.0,0.0158632856558341,0.07029423741083142,0.0,0.0,0.0,0.0,0.0,0.0,0.038461538461538464,0.19230769230769232,6
323,63,kmeans_plain,6,0.0,0.0,0.0,,1.0,cultivar,0.0,1.0,0.1331729311868452,0.027863023812511267,0.0,0.0,0.014603950283021206,0.06639855025195895,0.0,0.0,0.0,0.0,0.0,0.0,0.038461538461538464,0.19230769230769232,6
324,38,kmeans_plain,3,0.0,0.0,0.0,,1.0,style,1.0,0.0,0.0308964913324713,0.010245855238672372,0.0,0.0,0.0,0.0,0.0,0.0,0.0,0.0,0.008964780362459521,0.02125841918917686,0.047619047619047616,0.09523809523809523,3
325,0,LDA,0,1.0,0.0,0.0,,,cookbooks,0.0,0.0,0.16918848316764934,0.02032077059020552,0.02032077059020552,0.16918848316764934,0.0,0.0,0.0,0.0,0.0,0.0,0.0,0.0,0.0,0.0,0
326,8,LDA,0,0.0,0.0,1.0,,,cookbooks,0.0,0.0,0.04882929784064306,0.004957365003873096,0.0,0.0,0.0,0.0,0.004957365003873096,0.04882929784064306,0.0,0.0,0.0,0.0,0.0,0.0,0
327,1,LDA,0,1.0,0.0,0.0,,,british_cuisine,0.0,0.0,0.0881334592382751,0.01601779404738712,0.01601779404738712,0.0881334592382751,0.0,0.0,0.0,0.0,0.0,0.0,0.0,0.0,0.3333333333333333,1.3333333333333333,0
328,5,LDA,0,0.0,0.0,0.0,,,british_cuisine,0.0,1.0,0.3672195725882469,0.02268094367882697,0.0,0.0,0.02268094367882697,0.3672195725882469,0.0,0.0,0.0,0.0,0.0,0.0,0.3333333333333333,1.3333333333333333,0
329,2,LDA,0,1.0,0.0,0.0,,,handbooks_and_manuals_by_subject,0.0,0.0,0.17584217891395612,0.015992847987147348,0.015992847987147348,0.17584217891395612,0.0,0.0,0.0,0.0,0.0,0.0,0.0,0.0,0.3333333333333333,1.6666666666666667,0
330,3,LDA,0,1.0,0.0,0.0,,,books_by_type,0.0,0.0,0.17416349462838135,0.015939270517867057,0.015939270517867057,0.17416349462838135,0.0,0.0,0.0,0.0,0.0,0.0,0.0,0.0,0.0,0.0,0
331,4,LDA,0,1.0,0.0,0.0,,,books_about_food_and_drink,0.0,0.0,0.16622893906444594,0.015682222498055853,0.015682222498055853,0.16622893906444594,0.0,0.0,0.0,0.0,0.0,0.0,0.0,0.0,0.0,0.0,0
332,10,LDA,1,1.0,0.0,0.0,,,edible_plants,0.0,0.0,0.06814170327476875,0.021406509001798083,0.021406509001798083,0.06814170327476875,0.0,0.0,0.0,0.0,0.0,0.0,0.0,0.0,0.6956521739130435,2.652173913043478,1
333,11,LDA,1,1.0,0.0,0.0,,,plants_and_humans,0.0,0.0,0.0660983551259711,0.0184007927736594,0.0184007927736594,0.0660983551259711,0.0,0.0,0.0,0.0,0.0,0.0,0.0,0.0,0.3478260869565217,0.9130434782608696,1
334,12,LDA,1,1.0,0.0,0.0,,,flora_by_continent,0.0,0.0,0.0656948979037316,0.016958036041116297,0.016958036041116297,0.0656948979037316,0.0,0.0,0.0,0.0,0.0,0.0,0.0,0.0,0.0,0.0,1
335,13,LDA,1,1.0,0.0,0.0,,,ethnobotany,0.0,0.0,0.06303473220117868,0.016503764670151008,0.016503764670151008,0.06303473220117868,0.0,0.0,0.0,0.0,0.0,0.0,0.0,0.0,0.08695652173913042,0.08695652173913042,1
336,14,LDA,1,1.0,0.0,0.0,,,types_of_food,0.0,0.0,0.055345614875124655,0.016076590921345592,0.016076590921345592,0.055345614875124655,0.0,0.0,0.0,0.0,0.0,0.0,0.0,0.0,0.6956521739130435,3.0869565217391304,1
337,20,LDA,2,1.0,0.0,0.0,,,cuisine,0.0,0.0,0.05264564276657345,0.021356312713822816,0.021356312713822816,0.05264564276657345,0.0,0.0,0.0,0.0,0.0,0.0,0.0,0.0,0.7692307692307693,3.0769230769230766,2
338,24,LDA,2,0.0,1.0,0.0,,,cuisine,0.0,0.0,0.016021856012423445,0.0048273154923417355,0.0,0.0,0.0,0.0,0.0,0.0,0.0048273154923417355,0.016021856012423445,0.0,0.0,0.7692307692307693,3.0769230769230766,2
339,26,LDA,2,0.0,0.0,1.0,,,cuisine,0.0,0.0,0.017002641214740887,0.005501156395463115,0.0,0.0,0.0,0.0,0.005501156395463115,0.017002641214740887,0.0,0.0,0.0,0.0,0.7692307692307693,3.0769230769230766,2
340,21,LDA,2,1.0,0.0,0.0,,,cuisine_by_country,0.0,0.0,0.04664739135071537,0.019743152408893783,0.019743152408893783,0.04664739135071537,0.0,0.0,0.0,0.0,0.0,0.0,0.0,0.0,0.5384615384615384,2.1923076923076925,2
341,22,LDA,2,1.0,0.0,0.0,,,food_and_drink_by_country,0.0,0.0,0.04787622770266428,0.01910812626511281,0.01910812626511281,0.04787622770266428,0.0,0.0,0.0,0.0,0.0,0.0,0.0,0.0,0.4230769230769231,1.5,2
342,23,LDA,2,1.0,0.0,0.0,,,culture_by_country,0.0,0.0,0.0463594768608704,0.01863569310896289,0.01863569310896289,0.0463594768608704,0.0,0.0,0.0,0.0,0.0,0.0,0.0,0.0,0.1153846153846154,0.4615384615384616,2
343,24,LDA,2,1.0,0.0,0.0,,,cuisine_by_continent,0.0,0.0,0.05102432413724583,0.018516690314538568,0.018516690314538568,0.05102432413724583,0.0,0.0,0.0,0.0,0.0,0.0,0.0,0.0,0.4615384615384616,1.2692307692307692,2
344,30,LDA,3,1.0,0.0,0.0,,,restaurants_by_year_of_establishment,0.0,0.0,0.026023462689019453,0.008841342021951654,0.008841342021951654,0.026023462689019453,0.0,0.0,0.0,0.0,0.0,0.0,0.0,0.0,0.14285714285714285,0.5714285714285714,3
345,31,LDA,3,1.0,0.0,0.0,,,restaurants_by_time,0.0,0.0,0.026023462689019453,0.008841342021951654,0.008841342021951654,0.026023462689019453,0.0,0.0,0.0,0.0,0.0,0.0,0.0,0.0,0.07142857142857142,0.14285714285714285,3
346,32,LDA,3,1.0,0.0,0.0,,,restaurants_by_century_of_establishment,0.0,0.0,0.025978924395884114,0.008821714174244596,0.008821714174244596,0.025978924395884114,0.0,0.0,0.0,0.0,0.0,0.0,0.0,0.0,0.07142857142857142,0.35714285714285715,3
347,33,LDA,3,1.0,0.0,0.0,,,restaurants_by_type,0.0,0.0,0.02478601460219556,0.008442331000479577,0.008442331000479577,0.02478601460219556,0.0,0.0,0.0,0.0,0.0,0.0,0.0,0.0,0.6428571428571429,2.071428571428572,3
348,34,LDA,3,1.0,0.0,0.0,,,restaurants,0.0,0.0,0.02393750113860881,0.008161569404661189,0.008161569404661189,0.02393750113860881,0.0,0.0,0.0,0.0,0.0,0.0,0.0,0.0,0.5714285714285714,2.571428571428572,3
349,30,LDA,3,0.0,0.0,1.0,,,restaurants,0.0,0.0,0.021035062352496768,0.007815919186172386,0.0,0.0,0.0,0.0,0.007815919186172386,0.021035062352496768,0.0,0.0,0.0,0.0,0.5714285714285714,2.571428571428572,3
350,36,LDA,3,1.0,0.0,0.0,,,years,0.0,0.0,0.0226838574315474,0.00787660483884586,0.00787660483884586,0.0226838574315474,0.0,0.0,0.0,0.0,0.0,0.0,0.0,0.0,0.0,0.0,3
351,37,LDA,3,1.0,0.0,0.0,,,births_by_decade,0.0,0.0,0.023123047541575646,0.007823853643309613,0.007823853643309613,0.023123047541575646,0.0,0.0,0.0,0.0,0.0,0.0,0.0,0.0,0.047619047619047616,0.14285714285714285,3
352,40,LDA,4,1.0,0.0,0.0,,,alcoholic_drinks,0.0,0.0,0.12331750907567718,0.0244056599458926,0.0244056599458926,0.12331750907567718,0.0,0.0,0.0,0.0,0.0,0.0,0.0,0.0,0.75,2.5,4
353,41,LDA,4,1.0,0.0,0.0,,,alcoholic_drinks_by_country,0.0,0.0,0.10666474747940304,0.020239301845431268,0.020239301845431268,0.10666474747940304,0.0,0.0,0.0,0.0,0.0,0.0,0.0,0.0,0.25,0.75,4
354,42,LDA,4,1.0,0.0,0.0,,,fermented_drinks,0.0,0.0,0.09750809008328268,0.018851390354116152,0.018851390354116152,0.09750809008328268,0.0,0.0,0.0,0.0,0.0,0.0,0.0,0.0,0.375,1.25,4
355,43,LDA,4,1.0,0.0,0.0,,,alcohol,0.0,0.0,0.0967104835777277,0.017095041611043624,0.017095041611043624,0.0967104835777277,0.0,0.0,0.0,0.0,0.0,0.0,0.0,0.0,0.875,3.625,4
356,42,LDA,4,0.0,1.0,0.0,,,alcohol,0.0,0.0,0.03980167512495,0.007471580641426605,0.0,0.0,0.0,0.0,0.0,0.0,0.007471580641426605,0.03980167512495,0.0,0.0,0.875,3.625,4
357,41,LDA,4,0.0,0.0,1.0,,,alcohol,0.0,0.0,0.03327519154641618,0.006541765621744666,0.0,0.0,0.0,0.0,0.006541765621744666,0.03327519154641618,0.0,0.0,0.0,0.0,0.875,3.625,4
358,44,LDA,4,1.0,0.0,0.0,,,drug_culture,0.0,0.0,0.08776784437802385,0.01594438482075876,0.01594438482075876,0.08776784437802385,0.0,0.0,0.0,0.0,0.0,0.0,0.0,0.0,0.0,0.0,4
359,45,LDA,4,1.0,0.0,0.0,,,beer,0.0,0.0,0.09954134727049588,0.0158424520281522,0.0158424520281522,0.09954134727049588,0.0,0.0,0.0,0.0,0.0,0.0,0.0,0.0,0.125,0.125,4
360,40,LDA,4,0.0,1.0,0.0,,,beer,0.0,0.0,0.05444602623475302,0.012312261702713323,0.0,0.0,0.0,0.0,0.0,0.0,0.012312261702713323,0.05444602623475302,0.0,0.0,0.125,0.125,4
361,40,LDA,4,0.0,0.0,0.0,,,beer,0.0,1.0,0.3189666602510639,0.04749403186428018,0.0,0.0,0.04749403186428018,0.3189666602510639,0.0,0.0,0.0,0.0,0.0,0.0,0.125,0.125,4
362,50,LDA,5,1.0,0.0,0.0,,,food_product_brands,0.0,0.0,0.04403294976890042,0.013445469557200995,0.013445469557200995,0.04403294976890042,0.0,0.0,0.0,0.0,0.0,0.0,0.0,0.0,0.7222222222222222,3.1666666666666665,5
363,51,LDA,5,1.0,0.0,0.0,,,brands,0.0,0.0,0.044724650307440376,0.013227758607771124,0.013227758607771124,0.044724650307440376,0.0,0.0,0.0,0.0,0.0,0.0,0.0,0.0,0.7222222222222222,2.555555555555556,5
364,51,LDA,5,0.0,0.0,1.0,,,brands,0.0,0.0,0.0254379307055067,0.007675080348358231,0.0,0.0,0.0,0.0,0.007675080348358231,0.0254379307055067,0.0,0.0,0.0,0.0,0.7222222222222222,2.555555555555556,5
365,52,LDA,5,1.0,0.0,0.0,,,companies_by_year_of_establishment,0.0,0.0,0.042647821197641364,0.0128889256481092,0.0128889256481092,0.042647821197641364,0.0,0.0,0.0,0.0,0.0,0.0,0.0,0.0,0.0,0.0,5
366,53,LDA,5,1.0,0.0,0.0,,,brands_by_company,0.0,0.0,0.04096222113804207,0.01082461693847066,0.01082461693847066,0.04096222113804207,0.0,0.0,0.0,0.0,0.0,0.0,0.0,0.0,0.6666666666666666,1.9444444444444444,5
367,54,LDA,5,1.0,0.0,0.0,,,food_and_drink_companies_by_country,0.0,0.0,0.039257625116877234,0.010613380385567198,0.010613380385567198,0.039257625116877234,0.0,0.0,0.0,0.0,0.0,0.0,0.0,0.0,0.3888888888888889,1.1666666666666667,5
368,60,LDA,6,1.0,0.0,0.0,,,nutrition,0.0,0.0,0.08132839518117059,0.020801037019673733,0.020801037019673733,0.08132839518117059,0.0,0.0,0.0,0.0,0.0,0.0,0.0,0.0,0.7222222222222222,2.7777777777777777,6
369,61,LDA,6,1.0,0.0,0.0,,,health,0.0,0.0,0.07898119376701075,0.019240527863323927,0.019240527863323927,0.07898119376701075,0.0,0.0,0.0,0.0,0.0,0.0,0.0,0.0,0.5555555555555556,1.9444444444444444,6
370,67,LDA,6,0.0,0.0,1.0,,,health,0.0,0.0,0.01460636901517505,0.003710691031216091,0.0,0.0,0.0,0.0,0.003710691031216091,0.01460636901517505,0.0,0.0,0.0,0.0,0.5555555555555556,1.9444444444444444,6
371,62,LDA,6,1.0,0.0,0.0,,,food_politics,0.0,0.0,0.07541430114527478,0.018371600798528655,0.018371600798528655,0.07541430114527478,0.0,0.0,0.0,0.0,0.0,0.0,0.0,0.0,0.2777777777777778,0.9444444444444444,6
372,63,LDA,6,1.0,0.0,0.0,,,branches_of_biology,0.0,0.0,0.08222856144556097,0.017917065828439546,0.017917065828439546,0.08222856144556097,0.0,0.0,0.0,0.0,0.0,0.0,0.0,0.0,0.05555555555555555,0.2222222222222222,6
373,64,LDA,6,1.0,0.0,0.0,,,food_and_drink,0.0,0.0,0.0450361388949108,0.01745923286999936,0.01745923286999936,0.0450361388949108,0.0,0.0,0.0,0.0,0.0,0.0,0.0,0.0,0.6111111111111112,2.333333333333333,6
374,74,LDA,0,1.0,0.0,0.0,,,tea,0.0,0.0,0.14913045827511945,0.012527361858640793,0.012527361858640793,0.14913045827511945,0.0,0.0,0.0,0.0,0.0,0.0,0.0,0.0,0.6666666666666666,3.333333333333333,0
375,3,LDA,0,0.0,1.0,0.0,,,tea,0.0,0.0,0.05672409505533716,0.007350550424754581,0.0,0.0,0.0,0.0,0.0,0.0,0.007350550424754581,0.05672409505533716,0.0,0.0,0.6666666666666666,3.333333333333333,0
376,0,LDA,0,0.0,0.0,0.0,,,tea,0.0,1.0,0.4609899266629413,0.03949764731534156,0.0,0.0,0.03949764731534156,0.4609899266629413,0.0,0.0,0.0,0.0,0.0,0.0,0.6666666666666666,3.333333333333333,0
377,77,LDA,3,1.0,0.0,0.0,,,20th-century_births,0.0,0.0,0.021181645265637133,0.006875703357523588,0.006875703357523588,0.021181645265637133,0.0,0.0,0.0,0.0,0.0,0.0,0.0,0.0,0.047619047619047616,0.2380952380952381,3
378,81,LDA,6,1.0,0.0,0.0,,,wine,0.0,0.0,0.058732713912693364,0.012558252097289582,0.012558252097289582,0.058732713912693364,0.0,0.0,0.0,0.0,0.0,0.0,0.0,0.0,0.0,0.0,6
379,60,LDA,6,0.0,0.0,0.0,,,wine,0.0,1.0,0.13114376778704895,0.02607890583404137,0.0,0.0,0.02607890583404137,0.13114376778704895,0.0,0.0,0.0,0.0,0.0,0.0,0.0,0.0,6
380,0,LDA,0,0.0,1.0,0.0,,,book,0.0,0.0,0.0786946661669482,0.0105974225549179,0.0,0.0,0.0,0.0,0.0,0.0,0.0105974225549179,0.0786946661669482,0.0,0.0,0.0,0.0,0
381,0,LDA,0,0.0,0.0,1.0,,,book,0.0,0.0,0.04346059390709557,0.00881642879488395,0.0,0.0,0.0,0.0,0.00881642879488395,0.04346059390709557,0.0,0.0,0.0,0.0,0.0,0.0,0
382,1,LDA,0,0.0,1.0,0.0,,,recipes,0.0,0.0,0.06692786546614476,0.010237963262222548,0.0,0.0,0.0,0.0,0.0,0.0,0.010237963262222548,0.06692786546614476,0.0,0.0,0.3333333333333333,1.0,0
383,3,LDA,0,0.0,0.0,1.0,,,recipes,0.0,0.0,0.028419927499778355,0.006103977590137153,0.0,0.0,0.0,0.0,0.006103977590137153,0.028419927499778355,0.0,0.0,0.0,0.0,0.3333333333333333,1.0,0
384,2,LDA,0,0.0,1.0,0.0,,,cookery,0.0,0.0,0.08802028367365708,0.0077631006476236546,0.0,0.0,0.0,0.0,0.0,0.0,0.0077631006476236546,0.08802028367365708,0.0,0.0,0.6666666666666666,1.3333333333333333,0
385,5,LDA,0,0.0,0.0,1.0,,,cookery,0.0,0.0,0.06948042380486759,0.0057651339287769655,0.0,0.0,0.0,0.0,0.0057651339287769655,0.06948042380486759,0.0,0.0,0.0,0.0,0.6666666666666666,1.3333333333333333,0
386,4,LDA,0,0.0,1.0,0.0,,,cookbook,0.0,0.0,0.06039726276153226,0.007098978959733983,0.0,0.0,0.0,0.0,0.0,0.0,0.007098978959733983,0.06039726276153226,0.0,0.0,0.3333333333333333,1.0,0
387,1,LDA,0,0.0,0.0,0.0,,,cookbook,0.0,1.0,0.4921696089754166,0.035107567214000115,0.0,0.0,0.035107567214000115,0.4921696089754166,0.0,0.0,0.0,0.0,0.0,0.0,0.3333333333333333,1.0,0
388,5,LDA,0,0.0,1.0,0.0,,,edition,0.0,0.0,0.08520464695986231,0.007019778464243051,0.0,0.0,0.0,0.0,0.0,0.0,0.007019778464243051,0.08520464695986231,0.0,0.0,0.0,0.0,0
389,4,LDA,0,0.0,0.0,1.0,,,edition,0.0,0.0,0.06128308438728468,0.005955303738777276,0.0,0.0,0.0,0.0,0.005955303738777276,0.06128308438728468,0.0,0.0,0.0,0.0,0.0,0.0,0
390,6,LDA,0,0.0,1.0,0.0,,,chinese,0.0,0.0,0.03866174317413492,0.006057763547651802,0.0,0.0,0.0,0.0,0.0,0.0,0.006057763547651802,0.03866174317413492,0.0,0.0,0.3333333333333333,1.0,0
391,7,LDA,0,0.0,1.0,0.0,,,published,0.0,0.0,0.05551446144934767,0.006046332999655514,0.0,0.0,0.0,0.0,0.0,0.0,0.006046332999655514,0.05551446144934767,0.0,0.0,0.16666666666666666,0.25,0
392,7,LDA,0,0.0,1.0,0.0,,,published,0.0,0.0,0.05551446144934767,0.006046332999655514,0.0,0.0,0.0,0.0,0.0,0.0,0.006046332999655514,0.05551446144934767,0.0,0.0,0.0,0.0,0
393,1,LDA,0,0.0,0.0,1.0,,,published,0.0,0.0,0.04496837661603408,0.007529549628738133,0.0,0.0,0.0,0.0,0.007529549628738133,0.04496837661603408,0.0,0.0,0.0,0.0,0.16666666666666666,0.25,0
394,1,LDA,0,0.0,0.0,1.0,,,published,0.0,0.0,0.04496837661603408,0.007529549628738133,0.0,0.0,0.0,0.0,0.007529549628738133,0.04496837661603408,0.0,0.0,0.0,0.0,0.0,0.0,0
395,8,LDA,0,0.0,1.0,0.0,,,english,0.0,0.0,0.053569996950246175,0.005972492665155232,0.0,0.0,0.0,0.0,0.0,0.0,0.005972492665155232,0.053569996950246175,0.0,0.0,0.0,0.0,0
396,2,LDA,0,0.0,0.0,1.0,,,english,0.0,0.0,0.033667001694921546,0.00636655342024497,0.0,0.0,0.0,0.0,0.00636655342024497,0.033667001694921546,0.0,0.0,0.0,0.0,0.0,0.0,0
397,9,LDA,0,0.0,1.0,0.0,,,cookery_book,0.0,0.0,0.07942885019997553,0.005492018370993878,0.0,0.0,0.0,0.0,0.0,0.0,0.005492018370993878,0.07942885019997553,0.0,0.0,0.3333333333333333,0.6666666666666666,0
398,2,LDA,0,0.0,0.0,0.0,,,cookery_book,0.0,1.0,0.500049171680688,0.029959417335061533,0.0,0.0,0.029959417335061533,0.500049171680688,0.0,0.0,0.0,0.0,0.0,0.0,0.3333333333333333,0.6666666666666666,0
399,10,LDA,1,0.0,1.0,0.0,,,species,0.0,0.0,0.040691714686457436,0.011475864451167196,0.0,0.0,0.0,0.0,0.0,0.0,0.011475864451167196,0.040691714686457436,0.0,0.0,0.3478260869565217,1.0869565217391304,1
400,10,LDA,1,0.0,0.0,1.0,,,species,0.0,0.0,0.026513376271443158,0.006967915889344463,0.0,0.0,0.0,0.0,0.006967915889344463,0.026513376271443158,0.0,0.0,0.0,0.0,0.3478260869565217,1.0869565217391304,1
401,10,LDA,1,0.0,0.0,0.0,,,species,0.0,1.0,0.1606320258242719,0.034750479513796034,0.0,0.0,0.034750479513796034,0.1606320258242719,0.0,0.0,0.0,0.0,0.0,0.0,0.3478260869565217,1.0869565217391304,1
402,11,LDA,1,0.0,1.0,0.0,,,fruit,0.0,0.0,0.0257031092675486,0.0069378037932818215,0.0,0.0,0.0,0.0,0.0,0.0,0.0069378037932818215,0.0257031092675486,0.0,0.0,0.3043478260869565,0.8260869565217391,1
403,13,LDA,1,0.0,0.0,0.0,,,fruit,0.0,1.0,0.11246576930120918,0.024951930835136138,0.0,0.0,0.024951930835136138,0.11246576930120918,0.0,0.0,0.0,0.0,0.0,0.0,0.3043478260869565,0.8260869565217391,1
404,12,LDA,1,0.0,1.0,0.0,,,plant,0.0,0.0,0.02607521386964677,0.006886343680533738,0.0,0.0,0.0,0.0,0.0,0.0,0.006886343680533738,0.02607521386964677,0.0,0.0,0.17391304347826084,0.6521739130434783,1
405,13,LDA,1,0.0,1.0,0.0,,,leaves,0.0,0.0,0.0266673749816852,0.006500102760820847,0.0,0.0,0.0,0.0,0.0,0.0,0.006500102760820847,0.0266673749816852,0.0,0.0,0.043478260869565216,0.13043478260869565,1
406,11,LDA,1,0.0,0.0,1.0,,,leaves,0.0,0.0,0.0245813684355539,0.006726247002006245,0.0,0.0,0.0,0.0,0.006726247002006245,0.0245813684355539,0.0,0.0,0.0,0.0,0.043478260869565216,0.13043478260869565,1
407,14,LDA,1,0.0,1.0,0.0,,,seeds,0.0,0.0,0.027224539469735114,0.006399159314559135,0.0,0.0,0.0,0.0,0.0,0.0,0.006399159314559135,0.027224539469735114,0.0,0.0,0.13043478260869565,0.39130434782608703,1
408,16,LDA,1,0.0,0.0,1.0,,,seeds,0.0,0.0,0.02311700361951144,0.005905419553349002,0.0,0.0,0.0,0.0,0.005905419553349002,0.02311700361951144,0.0,0.0,0.0,0.0,0.13043478260869565,0.39130434782608703,1
409,18,LDA,1,0.0,1.0,0.0,,,genus,0.0,0.0,0.021870705304002255,0.004626986822777997,0.0,0.0,0.0,0.0,0.0,0.0,0.004626986822777997,0.021870705304002255,0.0,0.0,0.0,0.0,1
410,11,LDA,1,0.0,0.0,0.0,,,genus,0.0,1.0,0.15846311619153858,0.03415523224402288,0.0,0.0,0.03415523224402288,0.15846311619153858,0.0,0.0,0.0,0.0,0.0,0.0,0.0,0.0,1
411,20,LDA,2,0.0,1.0,0.0,,,dish,0.0,0.0,0.024072595903272098,0.007914702704124667,0.0,0.0,0.0,0.0,0.0,0.0,0.007914702704124667,0.024072595903272098,0.0,0.0,0.2692307692307692,1.0384615384615383,2
412,80,LDA,2,0.0,0.0,1.0,,,dish,0.0,0.0,0.023943574162010497,0.008327252467570326,0.0,0.0,0.0,0.0,0.008327252467570326,0.023943574162010497,0.0,0.0,0.0,0.0,0.2692307692307692,1.0384615384615383,2
413,21,LDA,2,0.0,1.0,0.0,,,meat,0.0,0.0,0.016969147443877727,0.0055885850236902035,0.0,0.0,0.0,0.0,0.0,0.0,0.0055885850236902035,0.016969147443877727,0.0,0.0,0.038461538461538464,0.038461538461538464,2
414,72,LDA,2,0.0,0.0,0.0,,,meat,0.0,1.0,0.042931980437112216,0.012191497142159629,0.0,0.0,0.012191497142159629,0.042931980437112216,0.0,0.0,0.0,0.0,0.0,0.0,0.038461538461538464,0.038461538461538464,2
415,22,LDA,2,0.0,1.0,0.0,,,cooked,0.0,0.0,0.01761928846304877,0.005281020066337031,0.0,0.0,0.0,0.0,0.0,0.0,0.005281020066337031,0.01761928846304877,0.0,0.0,0.07692307692307693,0.19230769230769232,2
416,21,LDA,2,0.0,0.0,1.0,,,cooked,0.0,0.0,0.020185981911543287,0.007155399386986544,0.0,0.0,0.0,0.0,0.007155399386986544,0.020185981911543287,0.0,0.0,0.0,0.0,0.07692307692307693,0.19230769230769232,2
417,23,LDA,2,0.0,1.0,0.0,,,served,0.0,0.0,0.016440307632615458,0.004998705005515339,0.0,0.0,0.0,0.0,0.0,0.0,0.004998705005515339,0.016440307632615458,0.0,0.0,0.1153846153846154,0.2692307692307692,2
418,23,LDA,2,0.0,0.0,1.0,,,served,0.0,0.0,0.016254631452119098,0.0061873770235684866,0.0,0.0,0.0,0.0,0.0061873770235684866,0.016254631452119098,0.0,0.0,0.0,0.0,0.1153846153846154,0.2692307692307692,2
419,25,LDA,2,0.0,1.0,0.0,,,rice,0.0,0.0,0.015474918666780546,0.004620208332081578,0.0,0.0,0.0,0.0,0.0,0.0,0.004620208332081578,0.015474918666780546,0.0,0.0,0.0,0.0,2
420,23,LDA,2,0.0,0.0,0.0,,,rice,0.0,1.0,0.055006951605925176,0.015591797709836515,0.0,0.0,0.015591797709836515,0.055006951605925176,0.0,0.0,0.0,0.0,0.0,0.0,0.0,0.0,2
421,27,LDA,2,0.0,1.0,0.0,,,bread,0.0,0.0,0.014765497641859224,0.0044632882443317356,0.0,0.0,0.0,0.0,0.0,0.0,0.0044632882443317356,0.014765497641859224,0.0,0.0,0.038461538461538464,0.07692307692307693,2
422,22,LDA,2,0.0,0.0,0.0,,,bread,0.0,1.0,0.055014266360128086,0.015597082717010904,0.0,0.0,0.015597082717010904,0.055014266360128086,0.0,0.0,0.0,0.0,0.0,0.0,0.038461538461538464,0.07692307692307693,2
423,28,LDA,2,0.0,1.0,0.0,,,cheese,0.0,0.0,0.014502045128929518,0.004352356951660859,0.0,0.0,0.0,0.0,0.0,0.0,0.004352356951660859,0.014502045128929518,0.0,0.0,0.0,0.0,2
424,21,LDA,2,0.0,0.0,0.0,,,cheese,0.0,1.0,0.0553454559235001,0.01568708901386373,0.0,0.0,0.01568708901386373,0.0553454559235001,0.0,0.0,0.0,0.0,0.0,0.0,0.0,0.0,2
425,30,LDA,3,0.0,1.0,0.0,,,restaurant,0.0,0.0,0.023999425470327185,0.008688965544255838,0.0,0.0,0.0,0.0,0.0,0.0,0.008688965544255838,0.023999425470327185,0.0,0.0,0.42857142857142855,1.7142857142857142,3
426,30,LDA,3,0.0,0.0,0.0,,,restaurant,0.0,1.0,0.10355024989227714,0.03146462056904936,0.0,0.0,0.03146462056904936,0.10355024989227714,0.0,0.0,0.0,0.0,0.0,0.0,0.42857142857142855,1.7142857142857142,3
427,31,LDA,3,0.0,1.0,0.0,,,opened,0.0,0.0,0.013071313946301844,0.004115033057934774,0.0,0.0,0.0,0.0,0.0,0.0,0.004115033057934774,0.013071313946301844,0.0,0.0,0.0,0.0,3
428,31,LDA,3,0.0,0.0,1.0,,,opened,0.0,0.0,0.01864123997791458,0.006619670623040778,0.0,0.0,0.0,0.0,0.006619670623040778,0.01864123997791458,0.0,0.0,0.0,0.0,0.0,0.0,3
429,32,LDA,3,0.0,1.0,0.0,,,menu,0.0,0.0,0.013042164678030741,0.00401570682327551,0.0,0.0,0.0,0.0,0.0,0.0,0.00401570682327551,0.013042164678030741,0.0,0.0,0.0,0.0,3
430,83,LDA,3,0.0,0.0,1.0,,,menu,0.0,0.0,0.014305043782691703,0.0044418844610993715,0.0,0.0,0.0,0.0,0.0044418844610993715,0.014305043782691703,0.0,0.0,0.0,0.0,0.0,0.0,3
431,33,LDA,3,0.0,1.0,0.0,,,locations,0.0,0.0,0.012116132618533159,0.0037984383402969273,0.0,0.0,0.0,0.0,0.0,0.0,0.0037984383402969273,0.012116132618533159,0.0,0.0,0.07142857142857142,0.21428571428571427,3
432,34,LDA,3,0.0,1.0,0.0,,,chain,0.0,0.0,0.01180635665572748,0.0037546142750203115,0.0,0.0,0.0,0.0,0.0,0.0,0.0037546142750203115,0.01180635665572748,0.0,0.0,0.0,0.0,3
433,41,LDA,4,0.0,1.0,0.0,,,brewery,0.0,0.0,0.04842773500212663,0.008771192831759684,0.0,0.0,0.0,0.0,0.0,0.0,0.008771192831759684,0.04842773500212663,0.0,0.0,0.0,0.0,4
434,42,LDA,4,0.0,0.0,1.0,,,brewery,0.0,0.0,0.03768344900917685,0.006220097922713697,0.0,0.0,0.0,0.0,0.006220097922713697,0.03768344900917685,0.0,0.0,0.0,0.0,0.0,0.0,4
435,41,LDA,4,0.0,0.0,0.0,,,brewery,0.0,1.0,0.2524396164700466,0.032503725777609384,0.0,0.0,0.032503725777609384,0.2524396164700466,0.0,0.0,0.0,0.0,0.0,0.0,0.0,0.0,4
436,43,LDA,4,0.0,1.0,0.0,,,drink,0.0,0.0,0.031306411854735615,0.006648782568379126,0.0,0.0,0.0,0.0,0.0,0.0,0.006648782568379126,0.031306411854735615,0.0,0.0,0.5,1.5,4
437,44,LDA,4,0.0,0.0,1.0,,,drink,0.0,0.0,0.023111975099354604,0.0057085287439100395,0.0,0.0,0.0,0.0,0.0057085287439100395,0.023111975099354604,0.0,0.0,0.0,0.0,0.5,1.5,4
438,44,LDA,4,0.0,1.0,0.0,,,brewing,0.0,0.0,0.0383199328330643,0.006415035609944376,0.0,0.0,0.0,0.0,0.0,0.0,0.006415035609944376,0.0383199328330643,0.0,0.0,0.0,0.0,4
439,43,LDA,4,0.0,0.0,1.0,,,brewing,0.0,0.0,0.03554674448462273,0.0061838404333892216,0.0,0.0,0.0,0.0,0.0061838404333892216,0.03554674448462273,0.0,0.0,0.0,0.0,0.0,0.0,4
440,46,LDA,4,0.0,1.0,0.0,,,wine,0.0,0.0,0.02374364333751284,0.005634038396300092,0.0,0.0,0.0,0.0,0.0,0.0,0.005634038396300092,0.02374364333751284,0.0,0.0,0.0,0.0,4
441,50,LDA,5,0.0,1.0,0.0,,,company,0.0,0.0,0.030394624810951912,0.01021778939060217,0.0,0.0,0.0,0.0,0.0,0.0,0.01021778939060217,0.030394624810951912,0.0,0.0,0.2222222222222222,0.6111111111111112,5
442,50,LDA,5,0.0,0.0,1.0,,,company,0.0,0.0,0.023729577968146127,0.008646134849739931,0.0,0.0,0.0,0.0,0.008646134849739931,0.023729577968146127,0.0,0.0,0.0,0.0,0.2222222222222222,0.6111111111111112,5
443,51,LDA,5,0.0,1.0,0.0,,,brand,0.0,0.0,0.02676921860683773,0.007333470932899231,0.0,0.0,0.0,0.0,0.0,0.0,0.007333470932899231,0.02676921860683773,0.0,0.0,0.16666666666666666,0.5,5
444,57,LDA,5,0.0,0.0,0.0,,,brand,0.0,1.0,0.0739881306708516,0.016135437029338867,0.0,0.0,0.016135437029338867,0.0739881306708516,0.0,0.0,0.0,0.0,0.0,0.0,0.16666666666666666,0.5,5
445,52,LDA,5,0.0,1.0,0.0,,,products,0.0,0.0,0.022719331890424986,0.006151105071319552,0.0,0.0,0.0,0.0,0.0,0.0,0.006151105071319552,0.022719331890424986,0.0,0.0,0.2777777777777778,0.7222222222222222,5
446,52,LDA,5,0.0,0.0,1.0,,,products,0.0,0.0,0.01786638659285746,0.006704317065994793,0.0,0.0,0.0,0.0,0.006704317065994793,0.01786638659285746,0.0,0.0,0.0,0.0,0.2777777777777778,0.7222222222222222,5
447,53,LDA,5,0.0,1.0,0.0,,,stores,0.0,0.0,0.016630322726242826,0.004043055364468609,0.0,0.0,0.0,0.0,0.0,0.0,0.004043055364468609,0.016630322726242826,0.0,0.0,0.16666666666666666,0.5,5
448,54,LDA,5,0.0,1.0,0.0,,,business,0.0,0.0,0.015798688794756252,0.0040428440694908335,0.0,0.0,0.0,0.0,0.0,0.0,0.0040428440694908335,0.015798688794756252,0.0,0.0,0.2222222222222222,0.5555555555555556,5
449,58,LDA,5,0.0,0.0,1.0,,,business,0.0,0.0,0.016837998407609404,0.00505543929550197,0.0,0.0,0.0,0.0,0.00505543929550197,0.016837998407609404,0.0,0.0,0.0,0.0,0.2222222222222222,0.5555555555555556,5
450,58,LDA,5,0.0,1.0,0.0,,,market,0.0,0.0,0.014735389381841513,0.003448386147407604,0.0,0.0,0.0,0.0,0.0,0.0,0.003448386147407604,0.014735389381841513,0.0,0.0,0.1111111111111111,0.3333333333333333,5
451,53,LDA,5,0.0,0.0,1.0,,,market,0.0,0.0,0.019732980626691248,0.006640024414659626,0.0,0.0,0.0,0.0,0.006640024414659626,0.019732980626691248,0.0,0.0,0.0,0.0,0.1111111111111111,0.3333333333333333,5
452,60,LDA,6,0.0,1.0,0.0,,,grapes,0.0,0.0,0.0231675067903342,0.004719173895134635,0.0,0.0,0.0,0.0,0.0,0.0,0.004719173895134635,0.0231675067903342,0.0,0.0,0.05555555555555555,0.1111111111111111,6
453,61,LDA,6,0.0,1.0,0.0,,,vineyards,0.0,0.0,0.021115934996570558,0.0040572080036284115,0.0,0.0,0.0,0.0,0.0,0.0,0.0040572080036284115,0.021115934996570558,0.0,0.0,0.0,0.0,6
454,62,LDA,6,0.0,1.0,0.0,,,diet,0.0,0.0,0.01811585680033649,0.003695819567656204,0.0,0.0,0.0,0.0,0.0,0.0,0.003695819567656204,0.01811585680033649,0.0,0.0,0.4444444444444444,1.2777777777777777,6
455,64,LDA,6,0.0,1.0,0.0,,,proteins,0.0,0.0,0.019206876857977825,0.003636181893907981,0.0,0.0,0.0,0.0,0.0,0.0,0.003636181893907981,0.019206876857977825,0.0,0.0,0.05555555555555555,0.1111111111111111,6
456,68,LDA,6,0.0,1.0,0.0,,,water,0.0,0.0,0.013107676230141802,0.0031177088338897145,0.0,0.0,0.0,0.0,0.0,0.0,0.0031177088338897145,0.013107676230141802,0.0,0.0,0.05555555555555555,0.05555555555555555,6
457,12,LDA,1,0.0,0.0,1.0,,,grow,0.0,0.0,0.023780292567115568,0.006389009939298054,0.0,0.0,0.0,0.0,0.006389009939298054,0.023780292567115568,0.0,0.0,0.0,0.0,0.2608695652173913,0.7826086956521741,1
458,13,LDA,1,0.0,0.0,1.0,,,cultivation,0.0,0.0,0.02506186240735734,0.006382174154508797,0.0,0.0,0.0,0.0,0.006382174154508797,0.02506186240735734,0.0,0.0,0.0,0.0,0.43478260869565216,1.0,1
459,14,LDA,1,0.0,0.0,1.0,,,plants,0.0,0.0,0.02129509098995596,0.006232886482058182,0.0,0.0,0.0,0.0,0.006232886482058182,0.02129509098995596,0.0,0.0,0.0,0.0,0.3043478260869565,1.2173913043478262,1
460,20,LDA,2,0.0,0.0,1.0,,,dishes,0.0,0.0,0.023509703527832968,0.008409004761168914,0.0,0.0,0.0,0.0,0.008409004761168914,0.023509703527832968,0.0,0.0,0.0,0.0,0.3461538461538461,1.1923076923076923,2
461,22,LDA,2,0.0,0.0,1.0,,,preparation,0.0,0.0,0.020416368467746457,0.006787266496061837,0.0,0.0,0.0,0.0,0.006787266496061837,0.020416368467746457,0.0,0.0,0.0,0.0,0.2307692307692308,0.7307692307692307,2
462,24,LDA,2,0.0,0.0,1.0,,,ingredients,0.0,0.0,0.017184550369915223,0.005899422348201028,0.0,0.0,0.0,0.0,0.005899422348201028,0.017184550369915223,0.0,0.0,0.0,0.0,0.4230769230769231,1.0384615384615383,2
463,28,LDA,2,0.0,0.0,1.0,,,references,0.0,0.0,0.012800021618516191,0.0053914224942692044,0.0,0.0,0.0,0.0,0.0053914224942692044,0.012800021618516191,0.0,0.0,0.0,0.0,0.14814814814814814,0.3703703703703704,2
464,32,LDA,3,0.0,0.0,1.0,,,new,0.0,0.0,0.014730183602985381,0.006336080876713626,0.0,0.0,0.0,0.0,0.006336080876713626,0.014730183602985381,0.0,0.0,0.0,0.0,0.0,0.0,3
465,33,LDA,3,0.0,0.0,1.0,,,location,0.0,0.0,0.017118154408559464,0.005896925853273751,0.0,0.0,0.0,0.0,0.005896925853273751,0.017118154408559464,0.0,0.0,0.0,0.0,0.07142857142857142,0.14285714285714285,3
466,34,LDA,3,0.0,0.0,1.0,,,city,0.0,0.0,0.014537297646629213,0.005261027490435289,0.0,0.0,0.0,0.0,0.005261027490435289,0.014537297646629213,0.0,0.0,0.0,0.0,0.0,0.0,3
467,35,LDA,3,0.0,0.0,1.0,,,year,0.0,0.0,0.012257968895868629,0.005176987117229752,0.0,0.0,0.0,0.0,0.005176987117229752,0.012257968895868629,0.0,0.0,0.0,0.0,0.0,0.0,3
468,35,LDA,3,0.0,0.0,1.0,,,year,0.0,0.0,0.012257968895868629,0.005176987117229752,0.0,0.0,0.0,0.0,0.005176987117229752,0.012257968895868629,0.0,0.0,0.0,0.0,0.047619047619047616,0.19047619047619047,3
469,36,LDA,3,0.0,0.0,1.0,,,worked,0.0,0.0,0.015148740440133413,0.004960620091538117,0.0,0.0,0.0,0.0,0.004960620091538117,0.015148740440133413,0.0,0.0,0.0,0.0,0.14285714285714285,0.2380952380952381,3
470,37,LDA,3,0.0,0.0,1.0,,,award,0.0,0.0,0.01507077645934955,0.004834404611877694,0.0,0.0,0.0,0.0,0.004834404611877694,0.01507077645934955,0.0,0.0,0.0,0.0,0.3809523809523809,1.0476190476190477,3
471,40,LDA,4,0.0,0.0,1.0,,,beers,0.0,0.0,0.040088343288554866,0.007260768839885924,0.0,0.0,0.0,0.0,0.007260768839885924,0.040088343288554866,0.0,0.0,0.0,0.0,0.125,0.125,4
472,54,LDA,5,0.0,0.0,1.0,,,united,0.0,0.0,0.01554324152944655,0.006019982507548023,0.0,0.0,0.0,0.0,0.006019982507548023,0.01554324152944655,0.0,0.0,0.0,0.0,0.07142857142857142,0.21428571428571427,5
473,54,LDA,5,0.0,0.0,1.0,,,united,0.0,0.0,0.01554324152944655,0.006019982507548023,0.0,0.0,0.0,0.0,0.006019982507548023,0.01554324152944655,0.0,0.0,0.0,0.0,0.0,0.0,5
474,60,LDA,6,0.0,0.0,1.0,,,effects,0.0,0.0,0.017818214072032525,0.0044977931218771645,0.0,0.0,0.0,0.0,0.0044977931218771645,0.017818214072032525,0.0,0.0,0.0,0.0,0.0,0.0,6
475,61,LDA,6,0.0,0.0,1.0,,,studies,0.0,0.0,0.0175672533104546,0.0043134723916085135,0.0,0.0,0.0,0.0,0.0043134723916085135,0.0175672533104546,0.0,0.0,0.0,0.0,0.05555555555555555,0.2222222222222222,6
476,62,LDA,6,0.0,0.0,1.0,,,increased,0.0,0.0,0.0154669978173604,0.0043034835473024675,0.0,0.0,0.0,0.0,0.0043034835473024675,0.0154669978173604,0.0,0.0,0.0,0.0,0.0,0.0,6
477,63,LDA,6,0.0,0.0,1.0,,,levels,0.0,0.0,0.017343466644079385,0.004160197569832199,0.0,0.0,0.0,0.0,0.004160197569832199,0.017343466644079385,0.0,0.0,0.0,0.0,0.0,0.0,6
478,64,LDA,6,0.0,0.0,1.0,,,high,0.0,0.0,0.012405342121285808,0.0038273601767525173,0.0,0.0,0.0,0.0,0.0038273601767525173,0.012405342121285808,0.0,0.0,0.0,0.0,0.0,0.0,6
479,75,LDA,0,0.0,0.0,1.0,,,publisher,0.0,0.0,0.04670628489104988,0.003541786952397003,0.0,0.0,0.0,0.0,0.003541786952397003,0.04670628489104988,0.0,0.0,0.0,0.0,0.5,1.4166666666666667,0
480,3,LDA,0,0.0,0.0,0.0,,,elizabeth_david,0.0,1.0,0.4358990095595478,0.0263823497777072,0.0,0.0,0.0263823497777072,0.4358990095595478,0.0,0.0,0.0,0.0,0.0,0.0,0.0,0.0,0
481,4,LDA,0,0.0,0.0,0.0,,,camellia_sinensis,0.0,1.0,0.4358990095595478,0.0263823497777072,0.0,0.0,0.0263823497777072,0.4358990095595478,0.0,0.0,0.0,0.0,0.0,0.0,0.3333333333333333,1.3333333333333333,0
482,12,LDA,1,0.0,0.0,0.0,,,flowering_plant,0.0,1.0,0.14432734786649604,0.030463405952089663,0.0,0.0,0.030463405952089663,0.14432734786649604,0.0,0.0,0.0,0.0,0.0,0.0,0.08695652173913042,0.2608695652173913,1
483,14,LDA,1,0.0,0.0,0.0,,,family,0.0,1.0,0.1175876115781585,0.024434375227510925,0.0,0.0,0.024434375227510925,0.1175876115781585,0.0,0.0,0.0,0.0,0.0,0.0,0.043478260869565216,0.21739130434782608,1
484,19,LDA,1,0.0,0.0,0.0,,,seed,0.0,1.0,0.08563803644347677,0.01770201695800279,0.0,0.0,0.01770201695800279,0.08563803644347677,0.0,0.0,0.0,0.0,0.0,0.0,0.08695652173913042,0.2608695652173913,1
485,20,LDA,2,0.0,0.0,0.0,,,pork,0.0,1.0,0.062190040233188276,0.017631484810534063,0.0,0.0,0.017631484810534063,0.062190040233188276,0.0,0.0,0.0,0.0,0.0,0.0,0.1153846153846154,0.3076923076923077,2
486,24,LDA,2,0.0,0.0,0.0,,,beef,0.0,1.0,0.05252854077011378,0.01495333608279629,0.0,0.0,0.01495333608279629,0.05252854077011378,0.0,0.0,0.0,0.0,0.0,0.0,0.038461538461538464,0.038461538461538464,2
487,31,LDA,3,0.0,0.0,0.0,,,united_states,0.0,1.0,0.09140236567641094,0.029793864875821082,0.0,0.0,0.029793864875821082,0.09140236567641094,0.0,0.0,0.0,0.0,0.0,0.0,0.14285714285714285,0.42857142857142855,3
488,32,LDA,3,0.0,0.0,0.0,,,new_york_city,0.0,1.0,0.07777954883655214,0.023656836397281163,0.0,0.0,0.023656836397281163,0.07777954883655214,0.0,0.0,0.0,0.0,0.0,0.0,0.0,0.0,3
489,32,LDA,3,0.0,0.0,0.0,,,new_york_city,0.0,1.0,0.07777954883655214,0.023656836397281163,0.0,0.0,0.023656836397281163,0.07777954883655214,0.0,0.0,0.0,0.0,0.0,0.0,0.09523809523809523,0.2857142857142857,3
490,33,LDA,3,0.0,0.0,0.0,,,restaurant_chain,0.0,1.0,0.05816873825515105,0.018088089851403824,0.0,0.0,0.018088089851403824,0.05816873825515105,0.0,0.0,0.0,0.0,0.0,0.0,0.6428571428571429,2.2142857142857144,3
491,34,LDA,3,0.0,0.0,0.0,,,fast_food,0.0,1.0,0.057087367443281474,0.017622493136390114,0.0,0.0,0.017622493136390114,0.057087367443281474,0.0,0.0,0.0,0.0,0.0,0.0,0.8571428571428571,2.7142857142857144,3
492,36,LDA,3,0.0,0.0,0.0,,,the_new_york_times,0.0,1.0,0.05529084877265463,0.016807894824409073,0.0,0.0,0.016807894824409073,0.05529084877265463,0.0,0.0,0.0,0.0,0.0,0.0,0.2380952380952381,0.9523809523809524,3
493,42,LDA,4,0.0,0.0,0.0,,,cocktail,0.0,1.0,0.2430104975127061,0.03229204580059725,0.0,0.0,0.03229204580059725,0.2430104975127061,0.0,0.0,0.0,0.0,0.0,0.0,0.375,0.625,4
494,43,LDA,4,0.0,0.0,0.0,,,alcoholic_beverage,0.0,1.0,0.2432096487746153,0.03181040647162005,0.0,0.0,0.03181040647162005,0.2432096487746153,0.0,0.0,0.0,0.0,0.0,0.0,1.0,3.375,4
495,44,LDA,4,0.0,0.0,0.0,,,alcohol_by_volume,0.0,1.0,0.15291457227553398,0.01851285489727768,0.0,0.0,0.01851285489727768,0.15291457227553398,0.0,0.0,0.0,0.0,0.0,0.0,0.125,0.5,4
496,50,LDA,5,0.0,0.0,0.0,,,soft_drink,0.0,1.0,0.1639750853560504,0.03651930526121926,0.0,0.0,0.03651930526121926,0.1639750853560504,0.0,0.0,0.0,0.0,0.0,0.0,0.1111111111111111,0.2777777777777778,5
497,51,LDA,5,0.0,0.0,0.0,,,the_coca-cola_company,0.0,1.0,0.15029922514439628,0.032943394415907636,0.0,0.0,0.032943394415907636,0.15029922514439628,0.0,0.0,0.0,0.0,0.0,0.0,0.0,0.0,5
498,52,LDA,5,0.0,0.0,0.0,,,united_kingdom,0.0,1.0,0.10490393839903894,0.023623829783735967,0.0,0.0,0.023623829783735967,0.10490393839903894,0.0,0.0,0.0,0.0,0.0,0.0,0.0,0.0,5
499,53,LDA,5,0.0,0.0,0.0,,,supermarket,0.0,1.0,0.08790782765044751,0.019119178978359158,0.0,0.0,0.019119178978359158,0.08790782765044751,0.0,0.0,0.0,0.0,0.0,0.0,0.3333333333333333,1.0555555555555556,5
500,54,LDA,5,0.0,0.0,0.0,,,coca-cola,0.0,1.0,0.08388763019832854,0.01824139702883872,0.0,0.0,0.01824139702883872,0.08388763019832854,0.0,0.0,0.0,0.0,0.0,0.0,0.0,0.0,5
501,61,LDA,6,0.0,0.0,0.0,,,protein,0.0,1.0,0.07994932564886692,0.014334737774196412,0.0,0.0,0.014334737774196412,0.07994932564886692,0.0,0.0,0.0,0.0,0.0,0.0,0.05555555555555555,0.2777777777777778,6
502,63,LDA,6,0.0,0.0,0.0,,,organic_compound,0.0,1.0,0.07922311377261793,0.013918528668749805,0.0,0.0,0.013918528668749805,0.07922311377261793,0.0,0.0,0.0,0.0,0.0,0.0,0.4444444444444444,1.5555555555555556,6
503,64,LDA,6,0.0,0.0,0.0,,,carbohydrate,0.0,1.0,0.07831770675807373,0.013778479124556507,0.0,0.0,0.013778479124556507,0.07831770675807373,0.0,0.0,0.0,0.0,0.0,0.0,0.05555555555555555,0.2777777777777778,6
504,36,LDA,3,0.0,0.0,0.0,,,system,1.0,0.0,0.02394424044605184,0.01010488120277563,0.0,0.0,0.0,0.0,0.0,0.0,0.0,0.0,0.01010488120277563,0.02394424044605184,0.29411764705882354,1.1176470588235294,3
505,62,LDA,6,0.0,0.0,0.0,,,history,1.0,0.0,0.030335777203624494,0.01204955188175974,0.0,0.0,0.0,0.0,0.0,0.0,0.0,0.0,0.01204955188175974,0.030335777203624494,0.3333333333333333,1.0833333333333333,6
