,Unnamed: 0,alg,country,h_cat,key_phrases,key_words,kmeans_plain,label,lda,links,pmi,tfidf
0,0,kmeans_plain,0,1.0,0.0,0.0,1,food politics,0.0,0.0,0.07836233139479745,0.01945058764397653
1,1,kmeans_plain,0,1.0,0.0,0.0,1,nutrition,0.0,0.0,0.07481227241088922,0.018986133983960304
2,2,kmeans_plain,0,1.0,0.0,0.0,1,health,0.0,0.0,0.07435518012196791,0.017799753613635085
3,3,kmeans_plain,0,1.0,0.0,0.0,1,food additives,0.0,0.0,0.07580976937636774,0.01717520035932215
4,4,kmeans_plain,0,1.0,0.0,0.0,1,food and drink,0.0,0.0,0.043989679888288336,0.01708413544312969
5,5,kmeans_plain,0,1.0,0.0,0.0,1,branches of biology,0.0,0.0,0.07479289457899742,0.016220054553261486
6,6,kmeans_plain,0,1.0,0.0,0.0,1,food science,0.0,0.0,0.06251428446072285,0.015599706743053662
7,7,kmeans_plain,0,1.0,0.0,0.0,1,chemical substances by use,0.0,0.0,0.07054712870717113,0.01537935448819016
8,8,kmeans_plain,0,1.0,0.0,0.0,1,organic compounds,0.0,0.0,0.07279413214150672,0.014547275339922372
9,9,kmeans_plain,0,1.0,0.0,0.0,1,food ingredients,0.0,0.0,0.04408774267102983,0.014264172683954888
10,10,kmeans_plain,1,1.0,0.0,0.0,1,companies by industry and year of establishment,0.0,0.0,0.03381466490004514,0.012080227406813285
11,11,kmeans_plain,1,1.0,0.0,0.0,1,food product brands,0.0,0.0,0.03148207689640449,0.010607489363090337
12,12,kmeans_plain,1,1.0,0.0,0.0,1,food and drink companies by year of establishment,0.0,0.0,0.030880750218248345,0.010519206909789709
13,13,kmeans_plain,1,1.0,0.0,0.0,1,brands,0.0,0.0,0.03144630180902221,0.010352650511316215
14,14,kmeans_plain,1,1.0,0.0,0.0,1,establishments in the united states by year,0.0,0.0,0.03071336913644788,0.009974032435075893
15,15,kmeans_plain,1,1.0,0.0,0.0,1,companies established in the 20th century,0.0,0.0,0.030689039788272626,0.00993821358241561
16,16,kmeans_plain,1,1.0,0.0,0.0,1,brands by product type,0.0,0.0,0.032089416140769024,0.009926715196260372
17,17,kmeans_plain,1,1.0,0.0,0.0,1,companies by year of establishment,0.0,0.0,0.030214253233198464,0.00988673135676757
18,18,kmeans_plain,1,1.0,0.0,0.0,1,establishments in the united states by state,0.0,0.0,0.03047421599704877,0.009706232155419927
19,19,kmeans_plain,1,1.0,0.0,0.0,1,food and drink companies established in the 20th century,0.0,0.0,0.028706167626493306,0.008999289959902715
20,20,kmeans_plain,2,1.0,0.0,0.0,1,births by decade,0.0,0.0,0.048517236909256745,0.011169573350320887
21,21,kmeans_plain,2,1.0,0.0,0.0,1,years,0.0,0.0,0.04394363634319105,0.01081661401186586
22,22,kmeans_plain,2,1.0,0.0,0.0,1,20th-century births,0.0,0.0,0.05025822159733891,0.0106638616003335
23,23,kmeans_plain,2,1.0,0.0,0.0,1,people,0.0,0.0,0.04775524561227592,0.009401283144346215
24,24,kmeans_plain,2,1.0,0.0,0.0,1,victims,0.0,0.0,0.04805341772523968,0.00933999889493852
25,25,kmeans_plain,2,1.0,0.0,0.0,1,people by status,0.0,0.0,0.04805341772523968,0.00933999889493852
26,26,kmeans_plain,2,1.0,0.0,0.0,1,living people,0.0,0.0,0.04805341772523968,0.00933999889493852
27,27,kmeans_plain,2,1.0,0.0,0.0,1,survivors,0.0,0.0,0.04805341772523968,0.00933999889493852
28,28,kmeans_plain,2,1.0,0.0,0.0,1,life,0.0,0.0,0.045821834858742486,0.009209278121189924
29,29,kmeans_plain,2,1.0,0.0,0.0,1,nature,0.0,0.0,0.04512333127857872,0.009050437742890823
30,30,kmeans_plain,3,1.0,0.0,0.0,1,alcoholic drinks by country,0.0,0.0,0.0939387476190363,0.021283537585553132
31,31,kmeans_plain,3,1.0,0.0,0.0,1,alcoholic drinks,0.0,0.0,0.08782255591771182,0.02058959858913212
32,32,kmeans_plain,3,1.0,0.0,0.0,1,fermented drinks,0.0,0.0,0.08373093884625524,0.019332802272801184
33,33,kmeans_plain,3,1.0,0.0,0.0,1,wine,0.0,0.0,0.07305147446342633,0.015662085690639243
34,34,kmeans_plain,3,1.0,0.0,0.0,1,alcohol,0.0,0.0,0.06959597285631568,0.01479111800394657
35,35,kmeans_plain,3,1.0,0.0,0.0,1,drinking culture,0.0,0.0,0.06784904704132001,0.014647949027834837
36,36,kmeans_plain,3,1.0,0.0,0.0,1,alcohol by country,0.0,0.0,0.07142232888046142,0.01448445325093808
37,37,kmeans_plain,3,1.0,0.0,0.0,1,beer,0.0,0.0,0.06613603427712374,0.01326542873796896
38,38,kmeans_plain,3,1.0,0.0,0.0,1,drug culture,0.0,0.0,0.05681030764426755,0.012412633113109372
39,39,kmeans_plain,3,1.0,0.0,0.0,1,distilled drinks,0.0,0.0,0.06317316509053086,0.012395188311631129
40,40,kmeans_plain,4,1.0,0.0,0.0,1,fishing,0.0,0.0,0.2889272934485904,0.03704296626823756
41,41,kmeans_plain,4,1.0,0.0,0.0,1,fishing industry,0.0,0.0,0.28377381468167073,0.03573282684914985
42,42,kmeans_plain,4,1.0,0.0,0.0,1,animal-based seafood,0.0,0.0,0.2663540359586375,0.03167019861896238
43,43,kmeans_plain,4,1.0,0.0,0.0,1,primary industries,0.0,0.0,0.1924789056148908,0.031137382998799475
44,44,kmeans_plain,4,1.0,0.0,0.0,1,seafood,0.0,0.0,0.1933578047272876,0.0271412010073749
45,45,kmeans_plain,4,1.0,0.0,0.0,1,edible shellfish,0.0,0.0,0.2533122187553897,0.02654340293543675
46,46,kmeans_plain,4,1.0,0.0,0.0,1,meat,0.0,0.0,0.0966518030036732,0.021984757984986426
47,47,kmeans_plain,4,1.0,0.0,0.0,1,animal products,0.0,0.0,0.1083243040730285,0.02109481641623077
48,48,kmeans_plain,4,1.0,0.0,0.0,1,maritime culture,0.0,0.0,0.1906303687062244,0.02081243403170281
49,49,kmeans_plain,4,1.0,0.0,0.0,1,animals described in the 18th century,0.0,0.0,0.21698380211377044,0.02063515917856861
50,50,kmeans_plain,5,1.0,0.0,0.0,1,cuisine,0.0,0.0,0.04382438984191515,0.018587382183443583
51,51,kmeans_plain,5,1.0,0.0,0.0,1,cuisine by country,0.0,0.0,0.04251776221784122,0.01851259061219462
52,52,kmeans_plain,5,1.0,0.0,0.0,1,food and drink by country,0.0,0.0,0.039835865010492674,0.01663018382714407
53,53,kmeans_plain,5,1.0,0.0,0.0,1,culture by country,0.0,0.0,0.03931344406625016,0.01659598571007691
54,54,kmeans_plain,5,1.0,0.0,0.0,1,cuisine by region,0.0,0.0,0.04023382569990819,0.0161700283286209
55,55,kmeans_plain,5,1.0,0.0,0.0,1,cuisine by continent,0.0,0.0,0.040473312757645735,0.01572118653232583
56,56,kmeans_plain,5,1.0,0.0,0.0,1,prepared foods by main ingredient,0.0,0.0,0.041570675304503764,0.015286914461899809
57,57,kmeans_plain,5,1.0,0.0,0.0,1,european cuisine by country,0.0,0.0,0.03805829840905868,0.014744354816333481
58,58,kmeans_plain,5,1.0,0.0,0.0,1,asian cuisine,0.0,0.0,0.03571520196901105,0.013799795942898149
59,59,kmeans_plain,5,1.0,0.0,0.0,1,foods,0.0,0.0,0.03186188971289472,0.013773959027492887
60,60,kmeans_plain,6,1.0,0.0,0.0,1,edible plants,0.0,0.0,0.07612675226764047,0.02464944998268968
61,61,kmeans_plain,6,1.0,0.0,0.0,1,plants and humans,0.0,0.0,0.07529928756907918,0.021636829768327818
62,62,kmeans_plain,6,1.0,0.0,0.0,1,flora by continent,0.0,0.0,0.07575792110355307,0.020167135556333718
63,63,kmeans_plain,6,1.0,0.0,0.0,1,plant products,0.0,0.0,0.06869386948574815,0.01924057586226585
64,64,kmeans_plain,6,1.0,0.0,0.0,1,types of food,0.0,0.0,0.06185298621745789,0.018521687617490387
65,65,kmeans_plain,6,1.0,0.0,0.0,1,vegan cuisine,0.0,0.0,0.05997865330177734,0.018288440655371368
66,66,kmeans_plain,6,1.0,0.0,0.0,1,ethnobotany,0.0,0.0,0.06758872679401412,0.01823854357053817
67,67,kmeans_plain,6,1.0,0.0,0.0,1,crops,0.0,0.0,0.06688564388869461,0.01768189299337976
68,68,kmeans_plain,6,1.0,0.0,0.0,1,flora by country,0.0,0.0,0.06856845329249618,0.01745570051164052
69,69,kmeans_plain,6,1.0,0.0,0.0,1,flora of asia,0.0,0.0,0.06378589203675343,0.015609640078483322
70,70,kmeans_plain,0,1.0,0.0,0.0,1,chemical substances,0.0,0.0,0.06879224342733911,0.013882278782651872
71,71,kmeans_plain,0,1.0,0.0,0.0,1,determinants of health,0.0,0.0,0.06745658714831547,0.01424232038589141
72,72,kmeans_plain,1,1.0,0.0,0.0,1,categories by company,0.0,0.0,0.028916614189756506,0.008822861975694088
73,73,kmeans_plain,2,1.0,0.0,0.0,1,chefs by nationality,0.0,0.0,0.04916543321455173,0.00884540170788036
74,74,kmeans_plain,2,1.0,0.0,0.0,1,chefs,0.0,0.0,0.04855352116762905,0.008693512776642442
75,75,kmeans_plain,3,1.0,0.0,0.0,1,beer by country,0.0,0.0,0.05833416639474285,0.011362774650978059
76,76,kmeans_plain,4,1.0,0.0,0.0,1,fauna by sea or ocean,0.0,0.0,0.20118835835764606,0.018200525832881388
77,77,kmeans_plain,4,1.0,0.0,0.0,1,crustaceans,0.0,0.0,0.19874229928946802,0.018111573273311882
78,78,kmeans_plain,4,1.0,0.0,0.0,1,edible crustaceans,0.0,0.0,0.1954401195474276,0.017680510809084782
79,79,kmeans_plain,4,1.0,0.0,0.0,1,crustaceans and humans,0.0,0.0,0.1954401195474276,0.017680510809084782
80,80,kmeans_plain,4,1.0,0.0,0.0,1,arthropods as food,0.0,0.0,0.19449520357862454,0.01887880790385937
81,81,kmeans_plain,5,1.0,0.0,0.0,1,european cuisine,0.0,0.0,0.037110498663103966,0.013460900687962966
82,82,kmeans_plain,5,1.0,0.0,0.0,1,foods by cooking technique,0.0,0.0,0.03679856052744335,0.012570338763045169
83,83,kmeans_plain,6,1.0,0.0,0.0,1,biota of asia,0.0,0.0,0.06164472700460449,0.01460666191380351
84,0,kmeans_plain,0,0.0,1.0,0.0,1,food,0.0,0.0,0.017168259808759363,0.0042168129754800885
85,1,kmeans_plain,0,0.0,1.0,0.0,1,protein,0.0,0.0,0.019792337537896047,0.003805326217514169
86,2,kmeans_plain,0,0.0,1.0,0.0,1,acid,0.0,0.0,0.019388412282020616,0.0037276664987893897
87,3,kmeans_plain,0,0.0,1.0,0.0,1,diet,0.0,0.0,0.018584144255909447,0.0037034460600859297
88,4,kmeans_plain,0,0.0,1.0,0.0,1,intake,0.0,0.0,0.019663223599800963,0.0035148520515338386
89,5,kmeans_plain,0,0.0,1.0,0.0,1,process,0.0,0.0,0.01627098463001589,0.003217034911290577
90,6,kmeans_plain,0,0.0,1.0,0.0,1,glucose,0.0,0.0,0.017832870339181194,0.0031545910774439787
91,7,kmeans_plain,0,0.0,1.0,0.0,1,reaction,0.0,0.0,0.017645155914558234,0.0031062718757405385
92,8,kmeans_plain,0,0.0,1.0,0.0,1,fda,0.0,0.0,0.017306826966343992,0.003088092780143441
93,9,kmeans_plain,0,0.0,1.0,0.0,1,health,0.0,0.0,0.016717715105032938,0.0030751116616218863
94,10,kmeans_plain,1,0.0,1.0,0.0,1,company,0.0,0.0,0.02738426830703173,0.009737606668058807
95,11,kmeans_plain,1,0.0,1.0,0.0,1,chain,0.0,0.0,0.02064583089434184,0.006015120991757682
96,12,kmeans_plain,1,0.0,1.0,0.0,1,locations,0.0,0.0,0.020317756565390248,0.005765926783587397
97,13,kmeans_plain,1,0.0,1.0,0.0,1,brand,0.0,0.0,0.01826452417664431,0.005601261150685704
98,14,kmeans_plain,1,0.0,1.0,0.0,1,stores,0.0,0.0,0.019014991093881117,0.005346891914715563
99,15,kmeans_plain,1,0.0,1.0,0.0,1,products,0.0,0.0,0.015220699927000713,0.0045641630267235205
100,16,kmeans_plain,1,0.0,1.0,0.0,1,business,0.0,0.0,0.015023650210900909,0.004220670978339658
101,17,kmeans_plain,1,0.0,1.0,0.0,1,franchise,0.0,0.0,0.015159484017342757,0.004059290596758357
102,18,kmeans_plain,1,0.0,1.0,0.0,1,announced,0.0,0.0,0.014859440997546469,0.004022714632959625
103,19,kmeans_plain,1,0.0,1.0,0.0,1,advertising,0.0,0.0,0.014307827611874059,0.003831240563232607
104,20,kmeans_plain,2,0.0,1.0,0.0,1,restaurant,0.0,0.0,0.037979633636047734,0.010430936192389807
105,21,kmeans_plain,2,0.0,1.0,0.0,1,chef,0.0,0.0,0.03545041878888816,0.006630913123208514
106,22,kmeans_plain,2,0.0,1.0,0.0,1,kitchen,0.0,0.0,0.02448571333311106,0.004433617669054476
107,23,kmeans_plain,2,0.0,1.0,0.0,1,london,0.0,0.0,0.02282440744199029,0.004356109410160847
108,24,kmeans_plain,2,0.0,1.0,0.0,1,street,0.0,0.0,0.02226226603839042,0.004220669918558408
109,25,kmeans_plain,2,0.0,1.0,0.0,1,hotel,0.0,0.0,0.023627160062838187,0.0041868718722730455
110,26,kmeans_plain,2,0.0,1.0,0.0,1,new york city,0.0,0.0,0.024002995542922026,0.004181370347741944
111,27,kmeans_plain,2,0.0,1.0,0.0,1,television,0.0,0.0,0.02413847111163789,0.004112262778299746
112,28,kmeans_plain,2,0.0,1.0,0.0,1,building,0.0,0.0,0.02324600225378913,0.004109345029797192
113,29,kmeans_plain,2,0.0,1.0,0.0,1,series,0.0,0.0,0.023866104723918417,0.0040861486584887466
114,30,kmeans_plain,3,0.0,1.0,0.0,1,wine,0.0,0.0,0.03659026485995512,0.009706710180928313
115,31,kmeans_plain,3,0.0,1.0,0.0,1,beer,0.0,0.0,0.03584132413312311,0.009137705038899845
116,32,kmeans_plain,3,0.0,1.0,0.0,1,brewery,0.0,0.0,0.03309092427281148,0.007070285747090901
117,33,kmeans_plain,3,0.0,1.0,0.0,1,alcohol,0.0,0.0,0.02951225431396305,0.006610650310846243
118,34,kmeans_plain,3,0.0,1.0,0.0,1,grapes,0.0,0.0,0.030561029985072114,0.006301614831824051
119,35,kmeans_plain,3,0.0,1.0,0.0,1,drink,0.0,0.0,0.021086036698017348,0.005195970665022981
120,36,kmeans_plain,3,0.0,1.0,0.0,1,brewing,0.0,0.0,0.025054212625607118,0.005119486668821021
121,37,kmeans_plain,3,0.0,1.0,0.0,1,vineyards,0.0,0.0,0.02621828614585324,0.00509101246041435
122,38,kmeans_plain,3,0.0,1.0,0.0,1,abv,0.0,0.0,0.023020691416002728,0.0043700414566629755
123,39,kmeans_plain,3,0.0,1.0,0.0,1,liquor,0.0,0.0,0.020818487845280082,0.004064359471429214
124,40,kmeans_plain,4,0.0,1.0,0.0,1,species,0.0,0.0,0.0690195138269201,0.015885895343903958
125,41,kmeans_plain,4,0.0,1.0,0.0,1,fish,0.0,0.0,0.06960074627466839,0.01347296800451356
126,42,kmeans_plain,4,0.0,1.0,0.0,1,fisheries,0.0,0.0,0.10370554532874704,0.010045263050553109
127,43,kmeans_plain,4,0.0,1.0,0.0,1,females,0.0,0.0,0.09935045681100436,0.00988122549564632
128,44,kmeans_plain,4,0.0,1.0,0.0,1,sea,0.0,0.0,0.08120087065377979,0.00929499474549668
129,45,kmeans_plain,4,0.0,1.0,0.0,1,spawning,0.0,0.0,0.09049723201367514,0.008109293232843378
130,46,kmeans_plain,4,0.0,1.0,0.0,1,males,0.0,0.0,0.08260797718337075,0.007676403824576354
131,47,kmeans_plain,4,0.0,1.0,0.0,1,caught,0.0,0.0,0.08227021092152285,0.0073720847571303455
132,48,kmeans_plain,4,0.0,1.0,0.0,1,freshwater,0.0,0.0,0.0779274227384523,0.006774710811369859
133,49,kmeans_plain,4,0.0,1.0,0.0,1,waters,0.0,0.0,0.07062508651028153,0.006655985587487652
134,50,kmeans_plain,5,0.0,1.0,0.0,1,dish,0.0,0.0,0.01840596337173189,0.0065120673109728845
135,51,kmeans_plain,5,0.0,1.0,0.0,1,meat,0.0,0.0,0.015225611921111304,0.0054098796396892255
136,52,kmeans_plain,5,0.0,1.0,0.0,1,bread,0.0,0.0,0.01348940395640087,0.004521311708913611
137,53,kmeans_plain,5,0.0,1.0,0.0,1,cooked,0.0,0.0,0.013195795179315696,0.00439584962338404
138,54,kmeans_plain,5,0.0,1.0,0.0,1,cuisine,0.0,0.0,0.01316408530097039,0.004366030222655428
139,55,kmeans_plain,5,0.0,1.0,0.0,1,served,0.0,0.0,0.012961853104114532,0.004337193583106732
140,56,kmeans_plain,5,0.0,1.0,0.0,1,cheese,0.0,0.0,0.012228944494694142,0.004064781940350611
141,57,kmeans_plain,5,0.0,1.0,0.0,1,sauce,0.0,0.0,0.012184754177627924,0.004010967224020321
142,58,kmeans_plain,5,0.0,1.0,0.0,1,recipe,0.0,0.0,0.011658893122829668,0.003877437008471428
143,59,kmeans_plain,5,0.0,1.0,0.0,1,ingredients,0.0,0.0,0.0112280386581371,0.0037038722647638033
144,60,kmeans_plain,6,0.0,1.0,0.0,1,plant,0.0,0.0,0.03196898701287311,0.0085732883719416
145,61,kmeans_plain,6,0.0,1.0,0.0,1,leaves,0.0,0.0,0.03319795352750489,0.008285061704050843
146,62,kmeans_plain,6,0.0,1.0,0.0,1,fruit,0.0,0.0,0.0295300093861158,0.00822351503706746
147,63,kmeans_plain,6,0.0,1.0,0.0,1,seeds,0.0,0.0,0.0309771641834694,0.0074419013498536295
148,64,kmeans_plain,6,0.0,1.0,0.0,1,cultivars,0.0,0.0,0.030805703865110712,0.007010955974671686
149,65,kmeans_plain,6,0.0,1.0,0.0,1,tree,0.0,0.0,0.028916591697725227,0.006660612609244378
150,66,kmeans_plain,6,0.0,1.0,0.0,1,flowers,0.0,0.0,0.02746345255983145,0.006127621040223456
151,67,kmeans_plain,6,0.0,1.0,0.0,1,cultivated,0.0,0.0,0.025459173125171132,0.005593583855750807
152,68,kmeans_plain,6,0.0,1.0,0.0,1,crop,0.0,0.0,0.02070122929522111,0.00452022427116401
153,69,kmeans_plain,6,0.0,1.0,0.0,1,cm,0.0,0.0,0.020219104595477967,0.004314491529854907
154,70,kmeans_plain,0,0.0,1.0,0.0,1,proteins,0.0,0.0,0.020132984685801436,0.003747917430333476
155,71,kmeans_plain,0,0.0,1.0,0.0,1,safety,0.0,0.0,0.01700583867127714,0.0030509398796744053
156,72,kmeans_plain,4,0.0,1.0,0.0,1,fishing,0.0,0.0,0.08869433318491632,0.00904925812902038
157,73,kmeans_plain,4,0.0,1.0,0.0,1,aquaculture,0.0,0.0,0.07312323539414586,0.006454864211663729
158,74,kmeans_plain,4,0.0,1.0,0.0,1,carapace,0.0,0.0,0.07309277584038547,0.006011475616398653
159,75,kmeans_plain,6,0.0,1.0,0.0,1,species,0.0,0.0,0.02844486140203526,0.008282740736196828
160,0,kmeans_plain,0,0.0,0.0,1.0,1,effects,0.0,0.0,0.017935857909091697,0.004627079725952126
161,1,kmeans_plain,0,0.0,0.0,1.0,1,studies,0.0,0.0,0.017655265405627164,0.004424230943179711
162,2,kmeans_plain,0,0.0,0.0,1.0,1,increase,0.0,0.0,0.014899596315718612,0.004128573000019993
163,3,kmeans_plain,0,0.0,0.0,1.0,1,health,0.0,0.0,0.015120276057317325,0.00386716629167536
164,4,kmeans_plain,0,0.0,0.0,1.0,1,processing,0.0,0.0,0.01579080116779285,0.0038411752923389383
165,5,kmeans_plain,0,0.0,0.0,1.0,1,research,0.0,0.0,0.015032356875537348,0.003781687605792985
166,6,kmeans_plain,0,0.0,0.0,1.0,1,results,0.0,0.0,0.014562101811676406,0.003701093840753585
167,7,kmeans_plain,0,0.0,0.0,1.0,1,humans,0.0,0.0,0.016304568861290412,0.003660330105950569
168,8,kmeans_plain,0,0.0,0.0,1.0,1,acids,0.0,0.0,0.015433672223835187,0.003658626278039908
169,9,kmeans_plain,0,0.0,0.0,1.0,1,industry,0.0,0.0,0.013473513318401577,0.0036559328936756545
170,10,kmeans_plain,1,0.0,0.0,1.0,1,company,0.0,0.0,0.02019636030306781,0.007778182599944992
171,11,kmeans_plain,1,0.0,0.0,1.0,1,brands,0.0,0.0,0.019651162803818657,0.006558646005984806
172,12,kmeans_plain,1,0.0,0.0,1.0,1,operations,0.0,0.0,0.018447461306099533,0.00559728570924196
173,13,kmeans_plain,1,0.0,0.0,1.0,1,marketing,0.0,0.0,0.016682544141147254,0.005447696851578634
174,14,kmeans_plain,1,0.0,0.0,1.0,1,united,0.0,0.0,0.012974367099858091,0.005311022788105279
175,15,kmeans_plain,1,0.0,0.0,1.0,1,business,0.0,0.0,0.0163618140186559,0.005227045964933783
176,16,kmeans_plain,1,0.0,0.0,1.0,1,advertising,0.0,0.0,0.018062788643311446,0.005187201142153072
177,17,kmeans_plain,1,0.0,0.0,1.0,1,sales,0.0,0.0,0.01630122539330027,0.0051031335943999044
178,18,kmeans_plain,1,0.0,0.0,1.0,1,chains,0.0,0.0,0.017464701814182804,0.005061006144847309
179,19,kmeans_plain,1,0.0,0.0,1.0,1,sold,0.0,0.0,0.014766583370219763,0.0050414663597340105
180,20,kmeans_plain,2,0.0,0.0,1.0,1,restaurant,0.0,0.0,0.028510970041207263,0.007773941595585037
181,21,kmeans_plain,2,0.0,0.0,1.0,1,chef,0.0,0.0,0.03321481682783402,0.006962759454307109
182,22,kmeans_plain,2,0.0,0.0,1.0,1,opened,0.0,0.0,0.024630005013186858,0.0067852432614233064
183,23,kmeans_plain,2,0.0,0.0,1.0,1,work,0.0,0.0,0.024139737195691284,0.006512725449046857
184,24,kmeans_plain,2,0.0,0.0,1.0,1,award,0.0,0.0,0.03075646070954785,0.006507807754042596
185,25,kmeans_plain,2,0.0,0.0,1.0,1,new,0.0,0.0,0.016141980246251676,0.006326999279246975
186,26,kmeans_plain,2,0.0,0.0,1.0,1,york,0.0,0.0,0.02554278416347382,0.005902042903657181
187,27,kmeans_plain,2,0.0,0.0,1.0,1,kitchen,0.0,0.0,0.029487341505539406,0.005848682355655946
188,28,kmeans_plain,2,0.0,0.0,1.0,1,city,0.0,0.0,0.01995960649932216,0.0057555471114412995
189,29,kmeans_plain,2,0.0,0.0,1.0,1,house,0.0,0.0,0.025065072785115203,0.005701141219320521
190,30,kmeans_plain,3,0.0,0.0,1.0,1,beers,0.0,0.0,0.026766227670930298,0.00582830814657924
191,31,kmeans_plain,3,0.0,0.0,1.0,1,alcohol,0.0,0.0,0.02301415663637446,0.005370041157228254
192,32,kmeans_plain,3,0.0,0.0,1.0,1,wines,0.0,0.0,0.023151798262902076,0.0053611075505556535
193,33,kmeans_plain,3,0.0,0.0,1.0,1,bottle,0.0,0.0,0.023658151971205986,0.005290720053187197
194,34,kmeans_plain,3,0.0,0.0,1.0,1,produced,0.0,0.0,0.013871246473730984,0.005125848604974422
195,35,kmeans_plain,3,0.0,0.0,1.0,1,breweries,0.0,0.0,0.02488172344627145,0.004974025031784565
196,36,kmeans_plain,3,0.0,0.0,1.0,1,drink,0.0,0.0,0.01778275993147202,0.00496249348358148
197,37,kmeans_plain,3,0.0,0.0,1.0,1,brewing,0.0,0.0,0.022558402020845855,0.004777820125590869
198,38,kmeans_plain,3,0.0,0.0,1.0,1,years,0.0,0.0,0.01107501790951388,0.004232163549026615
199,39,kmeans_plain,3,0.0,0.0,1.0,1,production,0.0,0.0,0.011304636210667835,0.004220910730780807
200,40,kmeans_plain,4,0.0,0.0,1.0,1,waters,0.0,0.0,0.07232210321791381,0.010015326385056086
201,41,kmeans_plain,4,0.0,0.0,1.0,1,fisheries,0.0,0.0,0.08680794774988287,0.008801252835556092
202,42,kmeans_plain,4,0.0,0.0,1.0,1,sea,0.0,0.0,0.06360386570161541,0.008530200301571188
203,43,kmeans_plain,4,0.0,0.0,1.0,1,fishing,0.0,0.0,0.06255690404251467,0.008285833781679939
204,44,kmeans_plain,4,0.0,0.0,1.0,1,females,0.0,0.0,0.07857772291098993,0.007815205122759981
205,45,kmeans_plain,4,0.0,0.0,1.0,1,species,0.0,0.0,0.03751144604308975,0.007681421405911375
206,46,kmeans_plain,4,0.0,0.0,1.0,1,eggs,0.0,0.0,0.032604183700423915,0.006008962586381068
207,47,kmeans_plain,4,0.0,0.0,1.0,1,live,0.0,0.0,0.03664395646155099,0.005881375785197911
208,48,kmeans_plain,4,0.0,0.0,1.0,1,populations,0.0,0.0,0.044615407361281306,0.005859677882697637
209,49,kmeans_plain,4,0.0,0.0,1.0,1,ocean,0.0,0.0,0.059170127997405286,0.0056153022711696214
210,50,kmeans_plain,5,0.0,0.0,1.0,1,dishes,0.0,0.0,0.017241259180957626,0.0065743965853313074
211,51,kmeans_plain,5,0.0,0.0,1.0,1,cooked,0.0,0.0,0.015239162636233813,0.005801416526516018
212,52,kmeans_plain,5,0.0,0.0,1.0,1,served,0.0,0.0,0.013967048628496794,0.005595791651573268
213,53,kmeans_plain,5,0.0,0.0,1.0,1,preparation,0.0,0.0,0.015039799373103712,0.0054551825261430435
214,54,kmeans_plain,5,0.0,0.0,1.0,1,traditional,0.0,0.0,0.013783786472240073,0.005268850534932323
215,55,kmeans_plain,5,0.0,0.0,1.0,1,recipe,0.0,0.0,0.01454094544157444,0.005204746415071167
216,56,kmeans_plain,5,0.0,0.0,1.0,1,popular,0.0,0.0,0.01262108336638232,0.005071796807246553
217,57,kmeans_plain,5,0.0,0.0,1.0,1,references,0.0,0.0,0.011553959915125244,0.005031661690801229
218,58,kmeans_plain,5,0.0,0.0,1.0,1,ingredients,0.0,0.0,0.012832935086090031,0.004761078168475871
219,59,kmeans_plain,5,0.0,0.0,1.0,1,called,0.0,0.0,0.011153939222996092,0.004668217198356927
220,60,kmeans_plain,6,0.0,0.0,1.0,1,cultivation,0.0,0.0,0.02985980677818028,0.007815095573937409
221,61,kmeans_plain,6,0.0,0.0,1.0,1,leaves,0.0,0.0,0.02752697434752342,0.007813315988465372
222,62,kmeans_plain,6,0.0,0.0,1.0,1,plants,0.0,0.0,0.025654960283221395,0.007734566812653358
223,63,kmeans_plain,6,0.0,0.0,1.0,1,flowers,0.0,0.0,0.029654836826669962,0.007154243325144136
224,64,kmeans_plain,6,0.0,0.0,1.0,1,seeds,0.0,0.0,0.0262667885303549,0.006882892374987137
225,65,kmeans_plain,6,0.0,0.0,1.0,1,growing,0.0,0.0,0.024000880812052157,0.006799097662301534
226,66,kmeans_plain,6,0.0,0.0,1.0,1,uses,0.0,0.0,0.01660742062381937,0.00604941008932544
227,67,kmeans_plain,6,0.0,0.0,1.0,1,cultivars,0.0,0.0,0.025819571038228576,0.005778544662696136
228,68,kmeans_plain,6,0.0,0.0,1.0,1,fruits,0.0,0.0,0.01907609125708981,0.005387979968586221
229,69,kmeans_plain,6,0.0,0.0,1.0,1,varieties,0.0,0.0,0.015552536683127074,0.004968366289302401
230,70,kmeans_plain,0,0.0,0.0,1.0,1,processed,0.0,0.0,0.016283155906125127,0.0038026735894788853
231,71,kmeans_plain,0,0.0,0.0,1.0,1,increases,0.0,0.0,0.015860125983496863,0.003669965375725257
232,72,kmeans_plain,0,0.0,0.0,1.0,1,chemicals,0.0,0.0,0.015303990628919384,0.0030437937043608443
233,73,kmeans_plain,0,0.0,0.0,1.0,1,reducing,0.0,0.0,0.014967605884402541,0.003139943199547902
234,74,kmeans_plain,1,0.0,0.0,1.0,1,announced,0.0,0.0,0.016796299645985682,0.004757846103564284
235,75,kmeans_plain,1,0.0,0.0,1.0,1,purchased,0.0,0.0,0.015860937898239006,0.0045135232393227346
236,76,kmeans_plain,2,0.0,0.0,1.0,1,star,0.0,0.0,0.027728076508564316,0.004949306135596474
237,77,kmeans_plain,2,0.0,0.0,1.0,1,street,0.0,0.0,0.026975384961222884,0.00567603647005794
238,78,kmeans_plain,2,0.0,0.0,1.0,1,worked,0.0,0.0,0.026421172590739218,0.006038390350726656
239,79,kmeans_plain,3,0.0,0.0,1.0,1,vineyards,0.0,0.0,0.021746475099862102,0.004170732911025496
240,80,kmeans_plain,3,0.0,0.0,1.0,1,spirits,0.0,0.0,0.020875139255453368,0.004010616616595321
241,81,kmeans_plain,3,0.0,0.0,1.0,1,grapes,0.0,0.0,0.01949792227600268,0.003919222709862017
242,82,kmeans_plain,3,0.0,0.0,1.0,1,brewers,0.0,0.0,0.018912497136671782,0.0035666353529361975
243,83,kmeans_plain,4,0.0,0.0,1.0,1,spawning,0.0,0.0,0.0647660625832064,0.005587136599243006
244,84,kmeans_plain,4,0.0,0.0,1.0,1,catch,0.0,0.0,0.062283018650303924,0.005497957330706639
245,85,kmeans_plain,4,0.0,0.0,1.0,1,caught,0.0,0.0,0.05529665632104085,0.004547843440345122
246,86,kmeans_plain,4,0.0,0.0,1.0,1,pacific,0.0,0.0,0.054365970669656254,0.00554682226426769
247,87,kmeans_plain,5,0.0,0.0,1.0,1,dish,0.0,0.0,0.017532964762406362,0.0065493630228550285
248,88,kmeans_plain,5,0.0,0.0,1.0,1,bread,0.0,0.0,0.012244068446505385,0.004092437561106733
249,89,kmeans_plain,5,0.0,0.0,1.0,1,sauce,0.0,0.0,0.012181246527227437,0.004173850994399319
250,90,kmeans_plain,6,0.0,0.0,1.0,1,seed,0.0,0.0,0.026326507534459045,0.006832593144162686
251,91,kmeans_plain,6,0.0,0.0,1.0,1,grows,0.0,0.0,0.026190172503330236,0.006406202483122129
252,92,kmeans_plain,6,0.0,0.0,1.0,1,species,0.0,0.0,0.022097777524085867,0.005998964862324231
253,93,kmeans_plain,6,0.0,0.0,1.0,1,tree,0.0,0.0,0.02084215650416804,0.004915056773074444
254,94,kmeans_plain,6,0.0,0.0,1.0,1,native,0.0,0.0,0.019972322841717408,0.00466895651574907
255,0,kmeans_plain,0,0.0,0.0,0.0,1,organic compound,0.0,1.0,0.10954635897893183,0.018829255103256972
256,1,kmeans_plain,0,0.0,0.0,0.0,1,protein,0.0,1.0,0.09570648180986076,0.016872015727545108
257,2,kmeans_plain,0,0.0,0.0,0.0,1,carbohydrate,0.0,1.0,0.09542379925154218,0.01647301097936768
258,3,kmeans_plain,0,0.0,0.0,0.0,1,food,0.0,1.0,0.08758429099148503,0.015917935770570206
259,4,kmeans_plain,0,0.0,0.0,0.0,1,chemical formula,0.0,1.0,0.07511599781837151,0.012778079261198805
260,5,kmeans_plain,0,0.0,0.0,0.0,1,e number,0.0,1.0,0.07511599781837151,0.012778079261198805
261,6,kmeans_plain,0,0.0,0.0,0.0,1,ethanol,0.0,1.0,0.07310300614444007,0.012723115279176493
262,7,kmeans_plain,0,0.0,0.0,0.0,1,glucose,0.0,1.0,0.07122598847560595,0.012114967148401908
263,8,kmeans_plain,0,0.0,0.0,0.0,1,fat,0.0,1.0,0.06804625684723067,0.011729249857997528
264,9,kmeans_plain,0,0.0,0.0,0.0,1,milk,0.0,1.0,0.06328777734742433,0.011550894181480949
265,10,kmeans_plain,1,0.0,0.0,0.0,1,united states,0.0,1.0,0.12600001840020714,0.03777132005732272
266,11,kmeans_plain,1,0.0,0.0,0.0,1,the coca-cola company,0.0,1.0,0.11062307983796564,0.02895426831193157
267,12,kmeans_plain,1,0.0,0.0,0.0,1,soft drink,0.0,1.0,0.10514929304390899,0.02773291456235907
268,13,kmeans_plain,1,0.0,0.0,0.0,1,fast food,0.0,1.0,0.07855933350618241,0.02056426013699919
269,14,kmeans_plain,1,0.0,0.0,0.0,1,united kingdom,0.0,1.0,0.07594471155129154,0.02019095622006448
270,15,kmeans_plain,1,0.0,0.0,0.0,1,restaurant chain,0.0,1.0,0.07338034466774145,0.019248596618800892
271,16,kmeans_plain,1,0.0,0.0,0.0,1,coca-cola,0.0,1.0,0.07170805788287342,0.01883362253107576
272,17,kmeans_plain,1,0.0,0.0,0.0,1,canada,0.0,1.0,0.06950152990638145,0.01851927708368216
273,18,kmeans_plain,1,0.0,0.0,0.0,1,supermarket,0.0,1.0,0.06909317779177286,0.018134819814972628
274,19,kmeans_plain,1,0.0,0.0,0.0,1,mcdonald's,0.0,1.0,0.06562832816799663,0.017278685739024087
275,20,kmeans_plain,2,0.0,0.0,0.0,1,new york city,0.0,1.0,0.24476647206005006,0.04085809721618668
276,21,kmeans_plain,2,0.0,0.0,0.0,1,chef,0.0,1.0,0.21266259894941691,0.033311355957214316
277,22,kmeans_plain,2,0.0,0.0,0.0,1,food network,0.0,1.0,0.19630393749176947,0.03074894396050553
278,23,kmeans_plain,2,0.0,0.0,0.0,1,restaurant,0.0,1.0,0.17112262715808746,0.029901250779616008
279,24,kmeans_plain,2,0.0,0.0,0.0,1,celebrity chef,0.0,1.0,0.18994223581379546,0.029396475348077586
280,25,kmeans_plain,2,0.0,0.0,0.0,1,manhattan,0.0,1.0,0.17847555254378647,0.02770633334708904
281,26,kmeans_plain,2,0.0,0.0,0.0,1,michelin star,0.0,1.0,0.17267475983072314,0.026724068498252356
282,27,kmeans_plain,2,0.0,0.0,0.0,1,the new york times,0.0,1.0,0.15448771412074164,0.02638579822301319
283,28,kmeans_plain,2,0.0,0.0,0.0,1,restaurateur,0.0,1.0,0.12691594847558152,0.01951500783392967
284,29,kmeans_plain,2,0.0,0.0,0.0,1,los angeles times,0.0,1.0,0.12183931053655825,0.018830418084001592
285,30,kmeans_plain,3,0.0,0.0,0.0,1,wine,0.0,1.0,0.22838253589052315,0.046043651902168664
286,31,kmeans_plain,3,0.0,0.0,0.0,1,beer,0.0,1.0,0.178085433676488,0.033984809777423644
287,32,kmeans_plain,3,0.0,0.0,0.0,1,cocktail,0.0,1.0,0.15765477349397067,0.02825087064614071
288,33,kmeans_plain,3,0.0,0.0,0.0,1,alcoholic beverage,0.0,1.0,0.15529934713154606,0.02773312453345742
289,34,kmeans_plain,3,0.0,0.0,0.0,1,brewery,0.0,1.0,0.11731979583417285,0.02056475622330505
290,35,kmeans_plain,3,0.0,0.0,0.0,1,grape,0.0,1.0,0.09921902733404332,0.01752451894611774
291,36,kmeans_plain,3,0.0,0.0,0.0,1,france,0.0,1.0,0.08584118095192511,0.015824661372870915
292,37,kmeans_plain,3,0.0,0.0,0.0,1,diageo,0.0,1.0,0.0855584366141388,0.014905491108377448
293,38,kmeans_plain,3,0.0,0.0,0.0,1,cabernet sauvignon,0.0,1.0,0.08170978721627098,0.014239156788608959
294,39,kmeans_plain,3,0.0,0.0,0.0,1,alcohol by volume,0.0,1.0,0.08170978721627098,0.014239156788608959
295,40,kmeans_plain,4,0.0,0.0,0.0,1,species,0.0,1.0,0.3824871483856062,0.04729589378218207
296,41,kmeans_plain,4,0.0,0.0,0.0,1,fish,0.0,1.0,0.41170348785346855,0.03876337154464327
297,42,kmeans_plain,4,0.0,0.0,0.0,1,mollusc,0.0,1.0,0.4525778498793179,0.036022617724103145
298,43,kmeans_plain,4,0.0,0.0,0.0,1,atlantic ocean,0.0,1.0,0.4387586788906364,0.035532808634240465
299,44,kmeans_plain,4,0.0,0.0,0.0,1,crustacean,0.0,1.0,0.4356180904522613,0.03437085118540153
300,45,kmeans_plain,4,0.0,0.0,0.0,1,family,0.0,1.0,0.3224753207662679,0.03338875427748958
301,46,kmeans_plain,4,0.0,0.0,0.0,1,common name,0.0,1.0,0.34834779960408097,0.032321729267393864
302,47,kmeans_plain,4,0.0,0.0,0.0,1,black sea,0.0,1.0,0.3619808443929047,0.02756709744339951
303,48,kmeans_plain,4,0.0,0.0,0.0,1,mediterranean sea,0.0,1.0,0.33047590895654744,0.02539288340372971
304,49,kmeans_plain,4,0.0,0.0,0.0,1,aquaculture,0.0,1.0,0.3000124589891607,0.02325765636268541
305,50,kmeans_plain,5,0.0,0.0,0.0,1,pork,0.0,1.0,0.05743491890418428,0.01854625631456266
306,51,kmeans_plain,5,0.0,0.0,0.0,1,bread,0.0,1.0,0.050414968962782684,0.016284781789894374
307,52,kmeans_plain,5,0.0,0.0,0.0,1,sugar,0.0,1.0,0.04707991433452848,0.015240780921620331
308,53,kmeans_plain,5,0.0,0.0,0.0,1,cheese,0.0,1.0,0.0461530598337195,0.014903241681345
309,54,kmeans_plain,5,0.0,0.0,0.0,1,beef,0.0,1.0,0.043355515224843724,0.014140339645152326
310,55,kmeans_plain,5,0.0,0.0,0.0,1,tomato,0.0,1.0,0.04024630541871922,0.013055964772238249
311,56,kmeans_plain,5,0.0,0.0,0.0,1,rice,0.0,1.0,0.04038642157520462,0.013024715518424169
312,57,kmeans_plain,5,0.0,0.0,0.0,1,meat,0.0,1.0,0.03998517772743799,0.012955960583250013
313,58,kmeans_plain,5,0.0,0.0,0.0,1,onion,0.0,1.0,0.038450027738036144,0.012591859220160229
314,59,kmeans_plain,5,0.0,0.0,0.0,1,italian cuisine,0.0,1.0,0.0373514555169494,0.012232091813869935
315,60,kmeans_plain,6,0.0,0.0,0.0,1,flowering plant,0.0,1.0,0.17170627534583696,0.0364335289016769
316,61,kmeans_plain,6,0.0,0.0,0.0,1,fruit,0.0,1.0,0.15318728637891876,0.03472261598340002
317,62,kmeans_plain,6,0.0,0.0,0.0,1,genus,0.0,1.0,0.15900113201230387,0.03461400199177888
318,63,kmeans_plain,6,0.0,0.0,0.0,1,cultivar,0.0,1.0,0.1331729311868452,0.027863023812511267
319,64,kmeans_plain,6,0.0,0.0,0.0,1,tree,0.0,1.0,0.11524956349743253,0.02359646389815866
320,65,kmeans_plain,6,0.0,0.0,0.0,1,seed,0.0,1.0,0.1060250430989226,0.02183397394074685
321,66,kmeans_plain,6,0.0,0.0,0.0,1,perennial plant,0.0,1.0,0.10126886750354566,0.02064505203652187
322,67,kmeans_plain,6,0.0,0.0,0.0,1,carl linnaeus,0.0,1.0,0.09939711375951968,0.020513895010134457
323,68,kmeans_plain,6,0.0,0.0,0.0,1,india,0.0,1.0,0.09257751821924907,0.02012275865571572
324,69,kmeans_plain,6,0.0,0.0,0.0,1,asia,0.0,1.0,0.0925621908155704,0.019041533272936284
325,70,kmeans_plain,0,0.0,0.0,0.0,1,dietary supplement,0.0,1.0,0.06530947869249745,0.011117305783357252
326,0,kmeans_plain,0,0.0,0.0,0.0,1,bottle,1.0,0.0,0.02702891346397416,0.01070409225827954
327,1,kmeans_plain,0,0.0,0.0,0.0,1,create,1.0,0.0,0.026660130314012,0.010568432051022031
328,2,kmeans_plain,0,0.0,0.0,0.0,1,history,1.0,0.0,0.026447018742910482,0.010488411976863678
329,3,kmeans_plain,0,0.0,0.0,0.0,1,location,1.0,0.0,0.02623917460508026,0.010408961094849851
330,4,kmeans_plain,0,0.0,0.0,0.0,1,eat,1.0,0.0,0.02610154581779266,0.010355471790126209
331,5,kmeans_plain,0,0.0,0.0,0.0,1,bread,1.0,0.0,0.026048295469303456,0.010334555196987609
332,6,kmeans_plain,0,0.0,0.0,0.0,1,popular,1.0,0.0,0.024379149656682537,0.009634839875380358
333,7,kmeans_plain,0,0.0,0.0,0.0,1,ingredient,1.0,0.0,0.02428943797441323,0.009596112110674656
334,8,kmeans_plain,0,0.0,0.0,0.0,1,recipe,1.0,0.0,0.024215181056117877,0.009563955725871492
335,9,kmeans_plain,0,0.0,0.0,0.0,1,meat,1.0,0.0,0.024126669885641657,0.00952550712663983
336,10,kmeans_plain,1,0.0,0.0,0.0,1,home,1.0,0.0,0.02950508374274088,0.012038647167603528
337,11,kmeans_plain,1,0.0,0.0,0.0,1,form,1.0,0.0,0.02638665004551301,0.011033664248370071
338,12,kmeans_plain,1,0.0,0.0,0.0,1,bacon,1.0,0.0,0.0262394874791499,0.010973494819509315
339,13,kmeans_plain,1,0.0,0.0,0.0,1,canada,1.0,0.0,0.026078673459870128,0.01090666815394447
340,14,kmeans_plain,1,0.0,0.0,0.0,1,sweet,1.0,0.0,0.025989589305700684,0.010869490291006315
341,15,kmeans_plain,1,0.0,0.0,0.0,1,spice,1.0,0.0,0.025936702401922092,0.010847267004969723
342,16,kmeans_plain,1,0.0,0.0,0.0,1,chicken,1.0,0.0,0.025832154054987917,0.01080327875375203
343,17,kmeans_plain,1,0.0,0.0,0.0,1,meal,1.0,0.0,0.02567690237786277,0.010737676170173295
344,18,kmeans_plain,1,0.0,0.0,0.0,1,egg,1.0,0.0,0.02559169453142323,0.010701289187513249
345,19,kmeans_plain,1,0.0,0.0,0.0,1,salt,1.0,0.0,0.025540765786087063,0.010679608811872807
346,20,kmeans_plain,2,0.0,0.0,0.0,1,lead,1.0,0.0,0.045778440507166784,0.01436624707717661
347,21,kmeans_plain,2,0.0,0.0,0.0,1,health,1.0,0.0,0.045559142588569586,0.014326257603602803
348,22,kmeans_plain,2,0.0,0.0,0.0,1,acid,1.0,0.0,0.04471955744421767,0.014310116997715618
349,23,kmeans_plain,2,0.0,0.0,0.0,1,need,1.0,0.0,0.044960622450728085,0.014296384728199496
350,24,kmeans_plain,2,0.0,0.0,0.0,1,develop,1.0,0.0,0.04608982241083693,0.014275524603431547
351,25,kmeans_plain,2,0.0,0.0,0.0,1,consume,1.0,0.0,0.04500770343715044,0.01426524528876384
352,26,kmeans_plain,2,0.0,0.0,0.0,1,source,1.0,0.0,0.03816530364725984,0.013621018566848863
353,27,kmeans_plain,2,0.0,0.0,0.0,1,report,1.0,0.0,0.03775008706563688,0.013567566034277723
354,28,kmeans_plain,2,0.0,0.0,0.0,1,low,1.0,0.0,0.03752479242188207,0.013523121275723532
355,29,kmeans_plain,2,0.0,0.0,0.0,1,system,1.0,0.0,0.037360255102410964,0.013481768454660077
356,30,kmeans_plain,3,0.0,0.0,0.0,1,run,1.0,0.0,0.028788352523360487,0.010976795951121608
357,31,kmeans_plain,3,0.0,0.0,0.0,1,chemical,1.0,0.0,0.028800038939000013,0.010946134031228892
358,32,kmeans_plain,3,0.0,0.0,0.0,1,vitamin,1.0,0.0,0.02884098164162862,0.010870719628599463
359,33,kmeans_plain,3,0.0,0.0,0.0,1,vine,1.0,0.0,0.03045140304452174,0.010756914931860014
360,34,kmeans_plain,3,0.0,0.0,0.0,1,french,1.0,0.0,0.03039741391796044,0.010755879955085935
361,35,kmeans_plain,3,0.0,0.0,0.0,1,de,1.0,0.0,0.030062456188836906,0.010676973045133046
362,36,kmeans_plain,3,0.0,0.0,0.0,1,heat,1.0,0.0,0.029601560805784882,0.010589195190324488
363,37,kmeans_plain,3,0.0,0.0,0.0,1,award,1.0,0.0,0.026378543604703455,0.010316004726175809
364,38,kmeans_plain,3,0.0,0.0,0.0,1,style,1.0,0.0,0.0308964913324713,0.010245855238672372
365,39,kmeans_plain,3,0.0,0.0,0.0,1,season,1.0,0.0,0.025984500822214103,0.010194615661216478
366,40,kmeans_plain,4,0.0,0.0,0.0,1,banana,1.0,0.0,0.021424578829783537,0.008072426086522802
367,41,kmeans_plain,4,0.0,0.0,0.0,1,apple,1.0,0.0,0.02134106577278909,0.00803998235389085
368,42,kmeans_plain,4,0.0,0.0,0.0,1,cultivar,1.0,0.0,0.021189637471869444,0.007980837149299733
369,43,kmeans_plain,4,0.0,0.0,0.0,1,contain,1.0,0.0,0.020946427859566786,0.007884974836981813
370,44,kmeans_plain,4,0.0,0.0,0.0,1,crop,1.0,0.0,0.020708737898039783,0.007790232291758606
371,45,kmeans_plain,4,0.0,0.0,0.0,1,chinese,1.0,0.0,0.020553252301433195,0.007727679881390975
372,46,kmeans_plain,4,0.0,0.0,0.0,1,specie,1.0,0.0,0.020039185902556416,0.007517527325515027
373,47,kmeans_plain,4,0.0,0.0,0.0,1,coffee,1.0,0.0,0.019614076780756454,0.007379045039355934
374,48,kmeans_plain,4,0.0,0.0,0.0,1,use,1.0,0.0,0.019709865634020426,0.007300446106413607
375,49,kmeans_plain,4,0.0,0.0,0.0,1,country,1.0,0.0,0.01940583990002399,0.0072952456840952706
376,50,kmeans_plain,5,0.0,0.0,0.0,1,juice,1.0,0.0,0.020251619424670124,0.008780201950401805
377,51,kmeans_plain,5,0.0,0.0,0.0,1,long,1.0,0.0,0.020151065823456514,0.00872822379840787
378,52,kmeans_plain,5,0.0,0.0,0.0,1,white,1.0,0.0,0.02006398020545724,0.008678414029869859
379,53,kmeans_plain,5,0.0,0.0,0.0,1,oil,1.0,0.0,0.020038664650928958,0.008657409509376041
380,54,kmeans_plain,5,0.0,0.0,0.0,1,green,1.0,0.0,0.020002496179275263,0.008635816269421238
381,55,kmeans_plain,5,0.0,0.0,0.0,1,cultivate,1.0,0.0,0.01993130592463326,0.008592502005054367
382,56,kmeans_plain,5,0.0,0.0,0.0,1,india,1.0,0.0,0.019896272087099185,0.008570779762202147
383,57,kmeans_plain,5,0.0,0.0,0.0,1,harvest,1.0,0.0,0.01989628895697037,0.008563168098021169
384,58,kmeans_plain,5,0.0,0.0,0.0,1,china,1.0,0.0,0.019850242737534232,0.008538656726970326
385,59,kmeans_plain,5,0.0,0.0,0.0,1,root,1.0,0.0,0.01979334602624552,0.00850534565819933
386,60,kmeans_plain,6,0.0,0.0,0.0,1,range,1.0,0.0,0.029166369182348925,0.011746938207468341
387,61,kmeans_plain,6,0.0,0.0,0.0,1,occur,1.0,0.0,0.02892178747012797,0.01165180301387364
388,62,kmeans_plain,6,0.0,0.0,0.0,1,shell,1.0,0.0,0.028801028441025143,0.011604565495680688
389,63,kmeans_plain,6,0.0,0.0,0.0,1,female,1.0,0.0,0.02854281232396768,0.01150296052064435
390,64,kmeans_plain,6,0.0,0.0,0.0,1,male,1.0,0.0,0.028425190844610662,0.011456404487624606
391,65,kmeans_plain,6,0.0,0.0,0.0,1,catch,1.0,0.0,0.02828918514678956,0.011402355838011032
392,66,kmeans_plain,6,0.0,0.0,0.0,1,aquaculture,1.0,0.0,0.028154474741328664,0.011348591549387568
393,67,kmeans_plain,6,0.0,0.0,0.0,1,body,1.0,0.0,0.02801435693256805,0.011292474016752927
394,68,kmeans_plain,6,0.0,0.0,0.0,1,breed,1.0,0.0,0.02782634111422867,0.01121658526857475
395,69,kmeans_plain,6,0.0,0.0,0.0,1,land,1.0,0.0,0.027696224622712567,0.011163795894331136
396,70,kmeans_plain,3,0.0,0.0,0.0,1,wheat,1.0,0.0,0.03105926780842928,0.0098658797950345
397,71,kmeans_plain,3,0.0,0.0,0.0,1,german,1.0,0.0,0.03086238677920952,0.009640466315415878
398,72,kmeans_plain,3,0.0,0.0,0.0,1,age,1.0,0.0,0.030819593143176408,0.010155252703455995
399,73,kmeans_plain,3,0.0,0.0,0.0,1,italian,1.0,0.0,0.030793523873607558,0.009714590038793923
400,74,kmeans_plain,3,0.0,0.0,0.0,1,quality,1.0,0.0,0.03079022043818396,0.009897831549421487
401,75,kmeans_plain,3,0.0,0.0,0.0,1,champagne,1.0,0.0,0.030769478246734962,0.01011477970654314
402,76,kmeans_plain,3,0.0,0.0,0.0,1,producer,1.0,0.0,0.03075608493880682,0.010187578476304448
403,77,kmeans_plain,3,0.0,0.0,0.0,1,france,1.0,0.0,0.030752180092896764,0.010156812264961013
404,78,kmeans_plain,3,0.0,0.0,0.0,1,winery,1.0,0.0,0.03074010717542723,0.010062814263225306
405,79,kmeans_plain,4,0.0,0.0,0.0,1,juice,1.0,0.0,0.0225222380851396,0.008477326786297132
406,80,kmeans_plain,4,0.0,0.0,0.0,1,white,1.0,0.0,0.022406449025446886,0.008442405206463647
407,81,kmeans_plain,4,0.0,0.0,0.0,1,oil,1.0,0.0,0.022313066299818145,0.008409327735604346
408,82,kmeans_plain,4,0.0,0.0,0.0,1,long,1.0,0.0,0.022269401172764762,0.008386528902313391
409,83,kmeans_plain,4,0.0,0.0,0.0,1,green,1.0,0.0,0.022176571756607703,0.008358642444802375
410,84,kmeans_plain,4,0.0,0.0,0.0,1,cultivate,1.0,0.0,0.021908531943534718,0.008258218610728032
411,85,kmeans_plain,4,0.0,0.0,0.0,1,india,1.0,0.0,0.021776927213021248,0.008208472264441092
412,86,kmeans_plain,4,0.0,0.0,0.0,1,harvest,1.0,0.0,0.021632541817940717,0.008153556449790607
413,87,kmeans_plain,4,0.0,0.0,0.0,1,china,1.0,0.0,0.02154682595140108,0.00812078575179966
414,88,kmeans_plain,4,0.0,0.0,0.0,1,root,1.0,0.0,0.021536951641216592,0.008115887261339029
415,89,kmeans_plain,5,0.0,0.0,0.0,1,banana,1.0,0.0,0.01977105287803777,0.008489139247969008
416,90,kmeans_plain,5,0.0,0.0,0.0,1,apple,1.0,0.0,0.01972609182726526,0.008464761518745256
417,91,kmeans_plain,5,0.0,0.0,0.0,1,cultivar,1.0,0.0,0.019648217206266392,0.00842182977541817
418,92,kmeans_plain,5,0.0,0.0,0.0,1,contain,1.0,0.0,0.019449778205165087,0.008320670453267317
419,93,kmeans_plain,5,0.0,0.0,0.0,1,crop,1.0,0.0,0.01929952168652028,0.008239569219790164
420,94,kmeans_plain,5,0.0,0.0,0.0,1,chinese,1.0,0.0,0.019193688658385683,0.00818277125437176
421,95,kmeans_plain,5,0.0,0.0,0.0,1,specie,1.0,0.0,0.01879053588353476,0.007969350417682783
422,96,kmeans_plain,5,0.0,0.0,0.0,1,find,1.0,0.0,0.01784463080307176,0.007424154269462868
423,97,kmeans_plain,5,0.0,0.0,0.0,1,tree,1.0,0.0,0.01784252394773351,0.007387625893068756
424,98,kmeans_plain,5,0.0,0.0,0.0,1,seed,1.0,0.0,0.016993653423879342,0.006677735741151734
