article_id,popularity_score
0,842304
1,90453
2,73026
3,48264
4,222185
5,467950
6,461814
7,7823
8,63207
9,268534
10,205186
11,68619
12,965926
13,55360
14,43563
15,7921
16,62398
17,17396
18,500449
19,822202
20,423058
21,28644
22,35548
23,70637
24,71971
25,50980
26,2735839
27,5446
28,48234
29,10893
30,406547
31,35072
32,32307
33,454957
34,8308
35,165690
36,48924
37,77477
38,172826
39,350545
40,8235
41,9856
42,20360
43,36314
44,10176
45,13178
46,4748
47,637
48,3036
49,1334
50,429
51,2893
52,5245
53,803
54,1267
55,1526
56,1569
57,5702
58,4016
59,1037
60,876
61,843
62,2266
63,2499
64,1149
65,1023
66,1641
67,1108
68,1844
69,1424
70,2580
71,3926
72,1250
73,389
74,2485
75,1203
76,746
77,3116
78,4044
79,1523
80,2843
81,1064
82,3491
83,1004
84,913
85,1048
86,1343
87,1897
88,352
89,1850
90,440
91,2371
92,518
93,590
94,457
95,2665
96,1714
97,886
98,2196
99,617
100,1233
101,860
102,4196
103,640
104,833
105,4239
106,429
107,1327
108,4035
109,2039
110,2666
111,2483
112,3099
113,2025
114,1935
115,1676
116,4481
117,4824
118,912
119,585
120,2402
121,1876
122,10390
123,8650
124,7783
125,28954
126,10306
127,1316479
128,18603
129,2250
130,6052
131,26516
132,1615
133,1185337
134,11811
135,16371
136,116939
137,15208
138,31034
139,102307
140,7222
141,2152
142,20052
143,24489
144,20901
145,11941
146,15115
147,4016
148,11659
149,13979
150,902002
151,8449
152,22326
153,34425
154,18953
155,8972
156,35197
157,10005
158,3318922
159,13318
160,345672
161,42044
162,30778
163,33115
164,18636
165,853761
166,16230
167,26991
168,14240
169,29366
170,92861
171,317690
172,169589
173,32499
174,82142
175,179273
176,560728
177,35613
178,107642
179,3113
180,524025
181,29151
182,105704
183,363207
184,1060570
185,145885
186,8569
187,3022
188,15101
189,214598
190,335850
191,74816
192,103507
193,32414
194,3255
195,6586
196,2208
197,161546
198,10897
199,49684
200,10888
201,64196
202,150609
203,2422
204,31157
205,247231
206,26210
207,89883
208,4472
209,141841
210,1766
211,753143
212,1059748
213,12687
214,79217
215,5769
216,15300
217,16375
218,119662
219,92814
220,429108
221,603843
222,12901
223,236549
224,22226
225,30393
226,695665
227,18078
228,25866
229,48175
230,29361
231,32466
232,8732
233,36862
234,14361
235,2332
236,151798
237,6989
238,82497
239,213894
240,18844
241,4680
242,36562
243,139459
244,40320
245,2784
246,150561
247,11414
248,234445
249,1436777
250,308460
251,5080
252,5372
253,5373
254,104527
255,6431
256,2412
257,8436
258,11865
259,227165
260,208616
261,100966
262,2804
263,29315
264,15949
265,55861
266,47269
267,8849
268,14031
269,88793
270,1128179
271,59504
272,1915
273,2200
274,1012
275,27332
276,644313
277,4208
278,5301
279,22557
280,46744
281,10322
282,5500
283,309072
284,238592
285,1959
286,14737
287,64068
288,28981
289,136801
290,34472
291,72067
292,29790
293,7225
294,18592
295,310341
296,613259
297,119551
298,357545
299,75297
300,13001
301,182701
302,15761
303,40095
304,118708
305,138293
306,11088
307,145730
308,696028
309,212869
310,96903
311,6957
312,278127
313,35734
314,4606
315,20754
316,98937
317,27266
318,5761
319,503683
320,66988
321,2468
322,451147
323,57390
324,515704
325,938587
326,112773
327,26099
328,9789
329,8384
330,2302
331,2355
332,8726
333,1651
334,9496
335,3514
336,134797
337,12208
338,5201
339,194711
340,82315
341,4493
342,9026
343,2774
344,19308
345,5312
346,9174
347,61177
348,626673
349,10634
350,1040491
351,865227
352,567418
353,70391
354,6911
356,168536
357,21804
358,14222
359,20867
360,195778
361,69622
362,232095
363,1511775
364,281115
365,178545
366,11286
367,472999
368,379058
369,23189
370,13542
371,10471
372,104968
373,52118
374,335853
375,7255
376,124840
377,46193
378,508062
379,438507
380,14944
381,214
382,114323
383,92964
384,42871
385,27715
386,75844
387,84796
388,49110
389,485896
390,27832
391,215152
392,12048
393,282570
394,296464
395,5075
396,81589
397,67011
398,48893
399,6206
400,39624
401,171738
402,317882
403,595084
404,163890
405,179424
406,25569
407,1170486
408,120178
409,501624
410,34601
411,398129
412,35960
413,1761
414,460063
415,693917
416,523009
417,469134
418,27147
419,549299
420,185452
421,419167
422,123648
423,91989
424,335420
425,235259
426,36325
427,629564
428,332200
429,18229
430,281513
431,766298
432,254901
433,70224
434,48825
435,782854
436,159300
437,68029
438,866355
439,118016
440,100037
441,68890
442,24024
443,702722
444,60457
445,24174
446,571349
447,15183
448,45399
449,12213
450,210490
451,92930
452,428062
453,248197
454,157543
455,1255573
456,399384
457,141795
458,524071
459,484994
460,115677
461,62836
462,15573
463,501899
464,8961
465,384130
466,174635
467,129955
468,597970
469,21543
470,249657
471,72273
472,343631
473,85487
474,414463
475,8121
476,154848
477,11114
478,53133
479,248697
480,868406
481,69229
482,294637
483,6339
484,2169014
485,237840
486,490448
487,240039
488,1308931
489,288361
490,101390
491,140467
492,1313979
493,300078
494,256698
495,1987
496,219124
497,203286
498,17335
499,118010
500,131478
501,960875
502,119404
503,37884
504,554857
505,476315
506,106300
507,267099
508,267772
509,5474
510,100511
511,495606
512,401533
513,29833
514,30343
515,417727
516,16974
517,108134
518,1192
519,292057
520,44563
521,384842
522,79484
523,9371
524,2598
525,174214
526,351772
527,436326
528,732533
529,89083
530,359490
531,76611
532,631735
533,87952
534,280010
535,10818
536,675724
537,61556
538,425668
539,271490
540,299125
541,875949
542,102016
543,87521
544,25913
545,403669
546,465381
547,8543
548,2200
549,16179
550,254759
551,427727
552,819433
553,162014
554,94722
555,83699
556,570716
557,474491
558,32086
559,749951
560,305367
561,494002
562,603199
563,95810
564,80265
565,59932
566,1134392
567,96402
568,730495
569,210648
570,326287
571,233747
572,4282080
573,36768
574,520596
575,459564
576,158280
577,9252
578,529386
579,622298
580,11581
581,13409
582,6740
583,12526
584,22648
585,758626
586,208708
587,34371
588,268734
589,25982
590,265712
591,13741
592,135059
593,271532
594,10943
595,313418
596,152856
597,57100
598,337129
599,749086
600,366686
601,372374
602,550224
603,201191
604,676593
605,465534
606,535289
607,201046
608,144590
609,92665
610,23323
611,60607
612,283768
613,459183
614,272289
615,80763
616,36922
617,51524
618,132041
619,80866
620,119551
621,1205416
622,16266
623,964618
624,2055
625,423675
626,9415
627,243701
628,677973
629,246938
630,287185
631,275800
632,544804
633,162307
634,344481
635,236437
636,239169
637,605378
638,10061
639,553087
640,152503
641,211133
642,12772
643,17288
644,1005568
645,243958
646,357799
647,1177370
648,63477
649,4377
650,503112
651,2501082
652,66360
653,288827
654,379730
655,309057
656,211313
657,15310
658,1197352
659,616463
660,825422
661,63144
662,22004
663,7136
664,1098046
665,739161
666,160431
667,326123
668,7429
669,1105937
670,51312
671,147487
672,43528
673,639590
674,44446
675,671663
676,675423
677,42423
678,557136
679,715575
680,623102
681,536090
682,705998
683,7106
684,22143
685,452895
686,410169
687,590503
688,14179
689,500472
690,6600
691,99726
692,141673
693,444118
694,363655
695,344933
696,218900
697,1198069
698,6157
699,552102
700,390881
701,169418
702,171795
703,340871
704,28060
705,978585
706,163948
707,448177
708,442954
709,5996
710,253653
711,534171
712,1361635
713,297181
714,316110
715,118545
716,301401
717,304924
718,273250
719,153529
720,506847
721,651200
722,8108
723,31337
724,10901
725,117062
726,267247
727,5973
728,91474
729,990937
730,160892
731,103680
732,76773
733,647098
734,209881
735,1459
736,205397
737,1998
738,970536
739,651877
740,90489
741,24574
742,153078
743,46477
744,144259
745,764608
746,6143
747,1211233
748,272736
749,454094
750,13424
751,111771
752,67573
753,5092
754,44301
755,475008
756,79654
757,23884
758,249644
759,82542
760,407
761,748202
762,441928
763,232376
764,299798
765,88556
766,261413
767,749028
768,372451
769,803411
770,76872
771,199382
772,43639
773,191978
774,384836
775,122847
776,57161
777,1574223
778,30082
779,161573
780,83142
781,97689
782,714923
783,8168
784,555658
785,582435
786,556899
787,212656
788,293321
789,922990
790,78136
791,696270
792,383200
793,901170
794,438986
795,132126
796,283808
797,155098
798,41966
799,1020335
800,165417
801,419547
802,9755
803,235967
804,309169
805,595676
806,433121
807,209881
808,36268
809,425850
810,919447
811,230191
812,252042
813,150098
814,2110
815,511467
816,215755
817,11245
818,1009105
819,643717
820,280943
821,31954
822,586412
823,336149
824,2233
825,22548
826,231750
827,10196
828,462141
829,242104
830,172809
831,838649
832,418282
833,407261
834,16886
835,97187
836,637564
837,672861
838,34299
839,18734
840,69008
841,135510
842,564562
843,38244
844,168246
845,596382
846,5044
847,11193
848,1725
849,81000
850,13848
851,7199
852,4415
853,806330
854,10325
855,359090
856,4487
857,14894
858,3913
859,422477
860,5195
861,26178
862,119739
863,4266
864,130402
865,177318
866,210820
867,189613
868,8217
869,253883
870,64463
871,3924
872,32666
873,10837
874,40728
875,263187
876,22907
877,2511
878,24325
879,131575
880,60590
881,2915
882,13318
883,161658
884,171156
885,54461
886,116766
887,39221
888,115107
889,9598
890,22542
891,12283
892,7642
893,48338
894,12762
895,468991
896,1219
897,18970
898,1199
899,104044
900,11473
901,7814
902,11676
903,12953
904,194176
905,275169
906,325810
907,6966
908,9514
909,4264
910,1920
911,64574
912,3082
913,1467
914,6748
915,56562
916,102571
917,102320
918,412
919,403892
920,83858
921,67043
922,27319
923,42573
924,111376
925,82553
926,81741
927,102138
928,32264
929,30465
930,133147
931,8960
932,447018
933,73816
934,983406
935,297142
936,8602
937,10448
938,98990
939,624419
940,145866
941,20441
942,2683
943,3882
944,50648
945,5332
946,5070
947,24547
948,325170
949,808422
950,59863
951,57236
952,174130
953,49805
954,4670
955,16080
956,9715
957,49265
958,3297
959,4755
960,449773
961,22413
962,571944
963,178043
964,7733
965,547161
966,7655
967,165179
968,13497
969,213406
970,40240
971,10817
972,28491
973,8529
974,360
975,119955
976,493613
977,228155
978,8708
979,11627
980,17108
981,63031
982,47102
983,227954
984,3504
985,7792
986,5880
987,65815
988,450265
989,308663
990,18270
991,999
992,11648
993,71602
994,5013
995,1165
996,3606573
997,46527
998,7186
999,6729
1000,2254
1001,2240
1002,12124
1003,61898
1004,6061
1005,62206
1006,161951
1007,399391
1008,2183
1009,41424
1010,140393
1011,159610
1012,13959
1013,149390
1014,25327
1015,295483
1016,214882
1017,21730
1018,196468
1019,90254
1020,36925
1021,35368
1022,133520
1023,9310
1024,18873
1025,216348
1026,193465
1027,3288
1028,257275
1029,500321
1030,12190
1031,13787
1032,29835
1033,6421
1034,115767
1035,449287
1036,13756
1037,8641
1038,34256
1039,41364
1040,484430
1041,140111
1042,204323
1043,11192
1044,20543
1045,7103
1046,54511
1047,306389
1048,59857
1049,79055
1050,29002
1051,3798
1052,2532
1053,279334
1054,72047
1055,4920
1056,8896
1057,153419
1058,112360
1059,2736
1060,18400
1061,44822
1062,300502
1063,4286
1064,16403
1065,5110
1066,121913
1067,73861
1068,36031
1069,3531
1070,3216
1071,7818
1072,25880
1073,33788
1074,156931
1075,8615
1076,244809
1077,33433
1078,12523
1079,336679
1080,41344
1081,623134
1082,38618
1083,96975
1084,32030
1085,1754
1086,614415
1087,1347105
1088,47700
1089,47808
1090,38581
1091,20861
1092,4688
1093,118513
1094,2050070
1095,2426
1096,86428
1097,14582
1098,11635
1099,108897
1100,1333
1101,249276
1102,3894
1103,28573
1104,294559
1105,83446
1106,4093
1107,85943
1108,132338
1109,392156
1110,8150
1111,439221
1112,11493
1113,69464
1114,7780
1115,9330
1116,88198
1117,30627
1118,2193
1119,93876
1120,6669
1121,43958
1122,21523
1123,15936
1124,15742
1125,139717
1126,8998
1127,8856
1128,42828
1129,69638
1130,5915
1131,10500
1132,120614
1133,934
1134,31023
1135,27275
1136,88091
1137,106413
1138,175180
1139,401169
1140,4147
1141,53760
1142,12493
1143,244117
1144,23690
1145,24701
1146,75507
1147,108411
1148,349184
1149,2089
1150,85618
1151,3040
1152,4152
1153,2596
1154,46977
1155,582318
1156,41513
1157,513711
1158,12418
1159,6536
1160,3875
1161,5084
1162,28170
1163,9455
1164,5518
1165,81371
1166,300078
1167,101347
1168,86242
1169,2982
1170,80768
1171,15353
1172,38316
1173,217792
1174,81389
1175,56140
1176,1816
1177,12118
1178,52612
1179,250123
1180,55383
1181,111018
1182,243529
1183,8428
1184,29286
1185,1047
1186,202496
1187,368654
1188,139189
1189,32582
1190,48054
1191,105988
1192,59274
1193,325340
1194,10712
1195,297167
1196,330380
1197,145750
1198,8694
1199,106101
1200,5936
1201,5425
1202,3313
1203,83050
1204,257696
1205,2867
1206,3525
1207,459977
1208,9132
1209,105277
1210,4742
1211,51631
1212,43274
1213,262343
1214,9450
1215,39880
1216,4863
1217,11620
1218,55891
1219,11542
1220,5858
1221,21960
1222,1948
1223,9807
1224,7654
1225,14167
1226,62157
1227,1834
1228,37953
1229,197417
1230,124916
1231,38919
1232,23792
1233,112042
1234,2912
1235,77878
1236,41659
1237,152373
1238,9116
1239,14625
1240,5717
1241,1171
1242,75795
1243,2379
1244,16768
1245,6974
1246,181752
1247,66366
1248,262509
1249,182865
1250,395238
1251,7797
1252,13029
1253,524264
1254,14991
1255,26150
1256,46320
1257,1577
1258,338750
1259,5318
1260,1919
1261,188374
1262,11423
1263,125844
1264,9618
1265,7664
1266,7546
1267,266221
1268,29509
1269,3115
1270,54345
1271,163435
1272,1341
1273,79940
1274,29998
1275,275220
1276,5074
1277,823178
1278,267512
1279,201558
1280,9537
1281,66544
1282,132194
1283,19085
1284,586694
1285,97949
1286,16476
1287,49074
1288,156019
1289,259434
1290,216970
1291,6451
1292,67800
1293,259566
1294,23393
1295,8812
1296,16160
1297,14219
1298,27703
1299,13816
1300,10290
1301,20185
1302,5070
1303,36079
1304,289566
1305,34785
1306,443196
1307,11877
1308,214606
1309,258564
1310,15902
1311,79289
1312,165686
1313,426870
1314,19155
1315,3552
1316,286275
1317,32637
1318,52934
1319,13387
1320,14273
1321,15759
1322,17513
1323,716355
1324,233592
1325,526324
1326,151556
1327,87042
1328,17127
1329,3118
1330,633319
1331,45560
1332,94010
1333,43711
1334,11347
1335,12413
1336,40983
1337,15887
1338,183450
1339,22333
1340,118942
1341,10775
1342,112693
1343,114148
1344,5264
1345,804590
1346,327156
1347,6984
1348,2889
1349,37517
1350,228752
1351,77199
1352,155242
1353,46528
1354,1310
1355,240205
1356,17731
1357,58755
1358,67606
1359,28963
1360,6508
1361,1115568
1362,182724
1363,7627
1364,4737
1365,149607
1366,638813
1367,4896
1368,230128
1369,407121
1370,50596
1371,5995
1372,294676
1373,116226
1374,255173
1375,411398
1376,16196
1377,79819
1378,497363
1379,106029
1380,46543
1381,2381
1382,192279
1383,13647
1384,19096
1385,34108
1386,44188
1387,14226
1388,37106
1389,1572
1390,234031
1391,22379
1392,265135
1393,17434
1394,32130
1395,13303
1396,4227
1397,356148
1398,1001561
1399,77830
1400,4580
1401,11777
1402,978284
1403,16008
1404,163256
1405,70002
1406,5629
1407,352097
1408,76845
1409,19112
1410,529
1411,85440
1412,89942
1413,10227
1414,658625
1415,47560
1416,403099
1417,21644
1418,22203
1419,28666
1420,698385
1421,462131
1422,20384
1423,75036
1424,18036
1425,2418
1426,27563
1427,14795
1428,75722
1429,216730
1430,13429
1431,6551
1432,13315
1433,1214
1434,633301
1435,16266
1436,2714
1437,5262
1438,29624
1439,339917
1440,11723
1441,486251
1442,1076372
1443,94752
1444,851179
1445,27978
1446,66660
1447,10501
1448,11401
1449,19602
1450,308007
1451,50444
1452,281222
1453,299130
1454,20706
1455,5463
1456,76827
1457,85874
1458,126745
1459,258546
1460,742037
1461,11786
1462,5588
1463,3375
1464,110606
1465,11779
1466,426882
1467,4968
1468,4902
1469,278396
1470,126860
1471,86061
1472,42750
1473,166220
1474,30151
1475,261107
1476,116179
1477,828365
1478,30305
1479,224320
1480,125416
1481,18743
1482,86094
1483,771539
1484,489302
1485,62840
1486,11050
1487,65939
1488,61902
1489,125506
1490,14597
1491,372981
1492,42352
1493,24308
1494,680105
1495,458486
1496,32361
1497,24530
1498,34453
1499,14053
1500,63625
1501,30603
1502,173048
1503,6837
1504,160109
1505,48235
1506,14060
1507,100723
1508,8904
1509,18968
1510,4110
1511,36957
1512,392360
1513,17340
1514,159841
1515,48956
1516,64472
1517,484888
1518,287430
1519,6507
1520,622316
1521,23969
1522,86720
1523,241406
1524,123730
1525,37828
1526,338634
1527,14183
1528,4085
1529,134517
1530,101296
1531,781400
1532,109407
1533,9281
1534,669660
1535,342735
1536,54246
1537,431723
1538,49876
1539,300723
1540,131958
1541,36351
1542,6103
1543,6965
1544,60446
1545,38334
1546,34714
1547,3594
1548,17441
1549,62357
1550,39877
1551,1940
1552,102716
1553,51167
1554,17664
1555,176143
1556,88536
1557,36372
1558,15579
1559,7326
1560,72747
1561,334996
1562,21893
1563,38639
1564,381746
1565,67334
1566,39335
1567,64410
1568,499928
1569,914203
1570,441275
1571,14691
1572,5471
1573,213413
1574,84647
1575,4466
1576,39732
1577,13974
1578,73989
1579,3079
1580,26044
1581,8729
1582,51114
1583,179405
1584,89995
1585,9686
1586,9546
1587,7783
1588,9842
1589,12040
1590,120067
1591,20910
1592,231354
1593,12272
1594,737927
1595,35567
1596,256649
1597,109956
1598,26308
1599,61265
1600,32878
1601,9458
1602,31492
1603,16971
1604,14841
1605,135656
1606,187933
1607,54690
1608,509495
1609,100512
1610,172548
1611,60100
1612,183341
1613,13879
1614,116515
1615,1909
1616,48154
1617,26266
1618,20053
1619,250841
1620,5793
1621,85556
1622,247251
1623,100783
1624,333106
1625,12899
1626,13771
1627,101947
1628,337453
1629,67572
1630,26934
1631,371631
1632,6287
1633,362674
1634,82774
1635,118663
1636,16195
1637,4453
1638,10395
1639,236206
1640,78281
1641,163454
1642,106430
1643,47814
1644,4812
1645,46139
1646,157800
1647,257919
1648,78368
1649,3163
1650,128545
1651,15590
1652,21852
1653,169655
1654,65032
1655,84741
1656,11592
1657,394025
1658,15833
1659,10257
1660,2016
1661,31965
1662,117326
1663,6285
1664,25911
1665,396751
1666,19027
1667,136909
1668,8001
1669,371960
1670,20740
1671,7921
1672,238038
1673,70405
1674,24038
1675,44943
1676,138350
1677,120902
1678,21809
1679,39597
1680,3587
1681,88203
1682,5317
1683,25992
1684,49174
1685,19852
1686,129089
1687,15148
1688,3519
1689,252217
1690,452011
1691,22521
1692,72995
1693,260550
1694,28066
1695,253268
1696,468012
1697,11960
1698,32276
1699,20734
1700,6778
1701,12100
1702,2068
1703,11475
1704,21707
1705,70514
1706,40173
1707,5856
1708,15368
1709,8879
1710,70021
1711,26154
1712,138212
1713,13327
1714,35462
1715,8775
1716,7843
1717,288171
1718,90334
1719,219259
1720,31768
1721,258661
1722,588450
1723,265807
1724,12988
1725,46522
1726,564422
1727,315207
1728,123226
1729,86249
1730,11277
1731,115386
1732,128628
1733,17042
1734,16699
1735,6663
1736,12841
1737,27008
1738,23345
1739,191177
1740,9407
1741,3931
1742,1121
1743,1356
1744,7559
1745,6706
1746,53712
1747,102409
1748,282
1749,153602
1750,3170
1751,241273
1752,153097
1753,2374
1754,89612
1755,23502
1756,121751
1757,6779
1758,9069
1759,29874
1760,5362
1761,68798
1762,24628
1763,52391
1764,176697
1765,133632
1766,317906
1767,47028
1768,5764
1769,11511
1770,15358
1771,91687
1772,16389
1773,213270
1774,100286
1775,536058
1776,22587
1777,1683
1778,177762
1779,1833
1780,3743
1781,2085
1782,138412
1783,304595
1784,96563
1785,43155
1786,91012
1787,637748
1788,3166
1789,1116
1790,28967
1791,182682
1792,156987
1793,67143
1794,64662
1795,471295
1796,286945
1797,566969
1798,140524
1799,2990
1800,34355
1801,59178
1802,1151119
1803,14639
1804,52209
1805,31878
1806,8220
1807,2976
1808,166255
1809,2514
1810,184303
1811,663846
1812,337998
1813,129196
1814,661147
1815,2343
1816,169773
1817,380244
1818,4183
1819,20304
1820,256107
1821,132145
1822,521099
1823,848062
1824,200776
1825,6632
1826,49273
1827,222965
1828,182820
1829,41532
1830,54158
1831,150082
1832,148
1833,13645
1834,301119
1835,533390
1836,39275
1837,7300
1838,12137
1839,80572
1840,461490
1841,4276
1842,84425
1843,148479
1844,90576
1845,468637
1846,9746
1847,28376
1848,78992
1849,12388
1850,67379
1851,94172
1852,8381
1853,1478869
1854,548184
1855,103045
1856,27545
1857,2678
1858,493641
1859,27007
1860,65563
1861,2699
1862,11552
1863,96047
1864,3799
1865,39637
1866,67099
1867,44415
1868,290994
1869,10228
1870,89808
1871,378440
1872,12166
1873,120520
1874,9500
1875,51492
1876,5124
1877,145800
1878,213092
1879,81038
1880,660870
1881,70079
1882,388936
1883,17386
1884,3452
1885,6905
1886,81812
1887,3172
1888,3541
1889,1185
1890,2142
1891,6487
1892,79047
1893,4413
1894,44727
1895,11770
1896,3438
1897,19659
1898,1349
1899,2033
1900,15790
1901,48410
1902,4187
1903,85582
1904,228061
1905,1358
1906,55463
1907,1996
1908,11314
1909,43828
1910,50001
1911,202807
1912,43639
1913,90031
1914,12058
1915,3475
1916,68645
1917,1073
1918,16169
1919,10622
1920,508526
1921,13178
1922,3440
1923,4611
1924,67575
1925,13443
1926,172035
1927,455449
1928,123956
1929,9914
1930,2617
1931,23104
1932,94647
1933,220319
1934,4385
1935,3621
1936,1932
1937,8380
1938,9992
1939,581570
1940,4088
1941,5641
1942,21177
1943,41777
1944,1831
1945,6793
1946,131432
1947,492612
1948,26393
1949,98992
1950,16226
1951,5932
1952,436545
1953,19796
1954,247314
1955,5334
1956,120026
1957,15966
1958,129420
1959,692458
1960,553886
1961,16558
1962,2513
1963,281109
1964,22139
1965,226288
1966,194628
1967,72548
1968,8890
1969,7477
1970,53805
1971,63222
1972,38721
1973,21566
1974,4306
1975,232111
1976,136522
1977,55772
1978,70624
1979,217401
1980,3603
1981,399537
1982,115746
1983,29767
1984,93215
1985,42123
1986,826178
1987,23615
1988,8053
1989,623474
1990,30484
1991,26853
1992,13511
1993,398623
1994,721168
1995,58174
1996,101861
1997,207316
1998,97547
1999,1054804
2000,84039
2001,120348
2002,2617
2003,1465
2004,659229
2005,590567
2006,88470
2007,14716
2008,51667
2009,42411
2010,25557
2011,162437
2012,90
2013,113463
2014,8739
2015,304795
2016,245742
2017,1500
2018,304793
2019,1471
2020,8233
2021,2450
2022,101386
2023,4882
2024,27488
2025,4669
2026,1125
2027,62444
2028,230638
2029,19244
2030,4065
2031,7105
2032,4378
2033,2476
2034,26070
2035,6984
2036,18617
2037,135703
2038,5986
2039,1542
2040,181516
2041,94144
2042,87936
2043,75060
2044,14287
2045,249948
2046,54289
2047,248418
2048,98027
2049,46129
2050,119587
2051,90669
2052,88839
2053,30211
2054,71984
2055,199695
2056,58223
2057,23165
2058,13362
2059,99027
2060,154282
2061,290260
2062,21455
2063,2355
2064,15935
2065,49698
2066,91087
2067,8466
2068,12853
2069,25268
2070,117350
2071,36977
2072,191572
2073,5945
2074,90495
2075,229407
2076,39866
2077,2206
2078,154740
2079,31900
2080,44938
2081,143638
2082,945491
2083,101898
2084,124912
2085,56920
2086,3111
2087,72764
2088,387527
2089,52321
2090,284204
2091,60252
2092,169713
2093,87189
2094,63952
2095,10687
2096,192235
2097,2173
2098,83281
2099,6375
2100,687504
2101,65568
2102,12960
2103,68162
2104,133094
2105,61931
2106,2860
2107,1023563
2108,26113
2109,4321
2110,4002
2111,70307
2112,644880
2113,220793
2114,38269
2115,4043
2116,212865
2117,85798
2118,12462
2119,24720
2120,18439
2121,35114
2122,33715
2123,937146
2124,48958
2125,273657
2126,835180
2127,21334
2128,517403
2129,86690
2130,322234
2131,427634
2132,2847
2133,751712
2134,161017
2135,4632
2136,127244
2137,1826
2138,46219
2139,9529
2140,90149
2141,32643
2142,155232
2143,95930
2144,105649
2145,2537
2146,50189
2147,55191
2148,78392
2149,296989
2150,4538
2151,8237
2152,28002
2153,102883
2154,204928
2155,22712
2156,78856
2157,184134
2158,34604
2159,203001
2160,14312
2161,2500
2162,53654
2163,1135
2164,219387
2165,34726
2166,14346
2167,40437
2168,216358
2169,75735
2170,19885
2171,327710
2172,3800
2173,56387
2174,155026
2175,33536
2176,2623
2177,89112
2178,508398
2179,275736
2180,7611
2181,208594
2182,12124
2183,264160
2184,73979
2185,215853
2186,652560
2187,267607
2188,217752
2189,22328
2190,93262
2191,1181530
2192,10715
2193,67807
2194,457330
2195,47164
2196,299484
2197,13473
2198,223825
2199,93985
2200,370796
2201,243325
2202,9785
2203,257841
2204,26450
2205,527983
2206,194076
2207,2141
2208,2320
2209,56751
2210,7656
2211,74151
2212,145890
2213,9222
2214,195905
2215,51267
2216,72865
2217,423813
2218,320390
2219,9242
2220,83903
2221,1122
2222,1061
2223,1842
2224,96380
2225,465542
2226,10121
2227,183779
2228,221650
2229,12566
2230,36108
2231,18889
2232,2037
2233,95580
2234,88898
2235,71279
2236,402754
2237,8560
2238,365485
2239,57320
2240,28129
2241,469519
2242,291839
2243,3923
2244,1370
2245,62265
2246,341070
2247,9362
2248,3111
2249,2017
2250,2089
2251,153450
2252,6560
2253,1114929
2254,275122
2255,2819
2256,1019
2257,3391
2258,11733
2259,289559
2260,393553
2261,215913
2262,1927
2263,4768
2264,41426
2265,102777
2266,320775
2267,6206
2268,1562
2269,567805
2270,36565
2271,21198
2272,375036
2273,63869
2274,201400
2275,42557
2276,88154
2277,3464
2278,139999
2279,159926
2280,152631
2281,8929
2282,136520
2283,3571
2284,172137
2285,69998
2286,17635
2287,35576
2288,28548
2289,936
2290,489051
2291,248395
2292,114580
2293,49750
2294,679287
2295,235388
2296,30842
2297,8563
2298,119349
2299,17783
2300,18443
2301,18880
2302,122657
2303,68052
2304,4355
2305,205629
2306,154936
2307,1249223
2308,1457
2309,23964
2310,7239
2311,272736
2312,27016
2313,493418
2314,5692
2315,106636
2316,134522
2317,3146
2318,26813
2319,6629
2320,27753
2321,34836
2322,1927
2323,114115
2324,105865
2325,194956
2326,11910
2327,12142
2328,5905
2329,109169
2330,43469
2331,56621
2332,71274
2333,3021
2334,49059
2335,179344
2336,2660
2337,216467
2338,2462
2339,2374
2340,653825
2341,53089
2342,121413
2343,83842
2344,4751
2345,45092
2346,1332
2347,9937
2348,25903
2349,433149
2350,71210
2351,282350
2352,2578
2353,210675
2354,74039
2355,149508
2356,252934
2357,11011
2358,144713
2359,1497
2360,2961
2361,110272
2362,5050
2363,156829
2364,25060
2365,170859
2366,62072
2367,1381
2368,191215
2369,187935
2370,334916
2371,179972
2372,4637
2373,136775
2374,4545
2375,76206
2376,418506
2377,119878
2378,228215
2379,10505
2380,76308
2381,7947
2382,570392
2383,234674
2384,1449474
2385,214220
2386,440536
2387,975561
2388,23761
2389,989
2390,2755
2391,166058
2392,16911
2393,189464
2394,22222
2395,1828
2396,1136325
2397,68145
2398,51697
2399,4968
2400,8045
2401,11586
2402,9285
2403,70385
2404,198294
2405,56472
2406,169624
2407,13533
2408,10215
2409,1572
2410,448257
2411,15717
2412,292727
2413,312120
2414,34273
2415,2081
2416,2434
2417,5584
2418,2119
2419,1986
2420,25094
2421,64815
2422,2023
2423,5654
2424,650837
2425,27868
2426,107555
2427,405409
2428,686513
2429,96036
2430,406075
2431,107359
2432,142128
2433,2453
2434,138486
2435,55771
2436,131019
2437,13364
2438,2288
2439,127846
2440,171246
2441,45376
2442,702
2443,10847
2444,5518
2445,22622
2446,160109
2447,2280
2448,3661
2449,371459
2450,380968
2451,89465
2452,14724
2453,49335
2454,35674
2455,50564
2456,16570
2457,41112
2458,15639
2459,32763
2460,28920
2461,3185
2462,9037
2463,11801
2464,2103
2465,203058
2466,19946
2467,8777
2468,11288
2469,575514
2470,12199
2471,17221
2472,4166
2473,1428
2474,8078
2475,13268
2476,4879
2477,418828
2478,198593
2479,1834
2480,422778
2481,6299
2482,5447
2483,129362
2484,408480
2485,154583
2486,6513
2487,20585
2488,15208
2489,11429
2490,1477
2491,28212
2492,2478
2493,577307
2494,740805
2495,19377
2496,17711
2497,4934
2498,391832
2499,147152
2500,532080
2501,103488
2502,129910
2503,1787
2504,43528
2505,175938
2506,2229253
2507,67860
2508,17716
2509,221114
2510,236188
2511,9365
2512,8794
2513,144388
2514,25112
2515,76504
2516,2460
2517,22644
2518,9298
2519,12806
2520,118413
2521,429020
2522,160282
2523,44388
2524,261589
2525,451679
2526,33946
2527,1428
2528,6810
2529,124273
2530,133474
2531,489015
2532,275644
2533,8010
2534,6430
2535,5941
2536,49115
2537,136912
2538,67093
2539,308935
2540,607078
2541,1230
2542,57786
2543,17702
2544,354198
2545,590773
2546,133285
2547,134955
2548,85510
2549,87110
2550,57015
2551,278743
2552,322506
2553,175366
2554,531579
2555,370913
2556,16501
2557,23093
2558,39417
2559,371510
2560,96474
2561,130714
2562,25733
2563,178954
2564,12262
2565,35150
2566,25200
2567,10758
2568,31020
2569,863812
2570,3923
2571,744349
2572,169329
2573,707891
2574,255533
2575,61538
2576,46009
2577,432251
2578,358287
2579,12299
2580,119635
2581,331184
2582,163872
2583,379705
2584,21246
2585,7945
2586,5805
2587,48002
2588,570
2589,6186
2590,219184
2591,117702
2592,160963
2593,61487
2594,9391
2595,59060
2596,1177926
2597,344893
2598,32570
2599,172788
2600,146952
2601,5915
2602,81770
2603,131784
2604,57371
2605,128805
2606,2534
2607,3073
2608,36321
2609,57355
2610,3962
2611,38551
2612,23496
2613,2290
2614,43386
2615,429125
2616,2041
2617,190716
2618,10087
2619,420126
2620,54840
2621,5708
2622,660351
2623,21024
2624,565579
2625,92083
2626,56528
2627,8474
2628,347757
2629,364268
2630,185087
2631,59180
2632,55076
2633,17324
2634,2783
2635,91319
2636,22011
2637,4045
2638,60590
2639,360407
2640,10405
2641,10532
2642,996667
2643,116921
2644,310923
2645,495143
2646,42757
2647,43197
2648,206414
2649,87505
2650,12281
2651,220763
2652,38110
2653,193679
2654,15791
2655,183236
2656,357894
2657,22381
2658,855026
2659,241406
2660,77460
2661,50721
2662,278900
2663,61820
2664,43461
2665,10763
2666,27975
2667,4647
2668,28609
2669,10984
2670,377691
2671,545573
2672,9235
2673,51923
2674,75298
2675,1866
2676,154443
2677,20127
2678,2682
2679,25846
2680,5145
2681,195937
2682,587198
2683,14104
2684,54665
2685,674630
2686,308837
2687,1023
2688,1486673
2689,682473
2690,24861
2691,8296
2692,375244
2693,4820
2694,84325
2695,8860
2696,670274
2697,90562
2698,813751
2699,10675
2700,17019
2701,22080
2702,22321
2703,198658
2704,52816
2705,356523
2706,7520
2707,75462
2708,6761
2709,108372
2710,41793
2711,93082
2712,792053
2713,18762
2714,10982
2715,2554
2716,133024
2717,159540
2718,6802
2719,9310
2720,199766
2721,86096
2722,219166
2723,2126
2724,42548
2725,14714
2726,161
2727,112308
2728,9710
2729,217769
2730,75666
2731,107546
2732,23154
2733,195101
2734,2153
2735,60660
2736,229154
2737,532567
2738,3806
2739,5034
2740,117159
2741,119405
2742,4874
2743,260784
2744,127325
2745,142594
2746,31540
2747,1872
2748,45896
2749,94867
2750,236068
2751,2018
2752,256103
2753,206900
2754,1978
2755,111652
2756,215060
2757,89019
2758,14147
2759,3265
2760,22760
2761,33468
2762,723244
2763,30202
2764,5663
2765,110679
2766,353558
2767,2383
2768,71726
2769,595159
2770,3602
2771,551136
2772,63130
2773,114594
2774,240147
2775,1139
2776,1389
2777,402752
2778,596176
2779,9718
2780,353127
2781,7962
2782,185925
2783,3096
2784,11328
2785,62476
2786,547526
2787,305519
2788,213094
2789,17435
2790,2672
2791,2041
2792,838
2793,120850
2794,104848
2795,89697
2796,5117
2797,310129
2798,25555
2799,73080
2800,46266
2801,447605
2802,87911
2803,83766
2804,29805
2805,3104
2806,174274
2807,347718
2808,146943
2809,48782
2810,301719
2811,30120
2812,58447
2813,26363
2814,60330
2815,82275
2816,263164
2817,216626
2818,96842
2819,48352
2820,278
2821,12655
2822,72041
2823,163317
2824,63560
2825,100738
2826,4202
2827,125539
2828,21668
2829,32679
2830,4029
2831,526943
2832,89468
2833,435749
2834,107665
2835,13534
2836,270689
2837,17625
2838,50747
2839,122079
2840,1714
2841,1812
2842,353027
2843,168578
2844,32695
2845,35912
2846,960
2847,81035
2848,100136
2849,123259
2850,22624
2851,90773
2852,11152
2853,56138
2854,37871
2855,64350
2856,30628
2857,337986
2858,263447
2859,46031
2860,9515
2861,12216
2862,19906
2863,281264
2864,39601
2865,128654
2866,400102
2867,613726
2868,108325
2869,353277
2870,171856
2871,3064
2872,113156
2873,579617
2874,17106
2875,49038
2876,278164
2877,15852
2878,60979
2879,107989
2880,342513
2881,40586
2882,332321
2883,109614
2884,1779
2885,166480
2886,205202
2887,543278
2888,15751
2889,60221
2890,51475
2891,6399
2892,30136
2893,151301
2894,1130
2895,389268
2896,105493
2897,10241
2898,174261
2899,120474
2900,95932
2901,414433
2902,6667
2903,22537
2904,2515
2905,571329
2906,367047
2907,47415
2908,47030
2909,19484
2910,121047
2911,160414
2912,51161
2913,2430
2914,1168
2915,2611
2916,180500
2917,244240
2918,180842
2919,33995
2920,53188
2921,493772
2922,12444
2923,10791
2924,3448
2925,14190
2926,77724
2927,9811
2928,2228
2929,15264
2930,35383
2931,242199
2932,1166095
2933,30049
2934,3039
2935,11624
2936,151543
2937,133793
2938,4536
2939,13900
2940,1600
2941,1641
2942,640590
2943,44334
2944,1819
2945,8704
2946,66007
2947,18143
2948,337108
2949,28442
2950,242699
2951,21757
2952,319912
2953,152371
2954,9698
2955,6755
2956,36759
2957,207150
2958,17636
2959,451053
2960,72252
2961,471901
2962,262319
2963,371545
2964,427
2965,161412
2966,1928
2967,193985
2968,6461
2969,9183
2970,428682
2971,225203
2972,8855
2973,40989
2974,122329
2975,5103
2976,7300
2977,61901
2978,377194
2979,6109
2980,3632
2981,466324
2982,825879
2983,29250
2984,96907
2985,170740
2986,7511
2987,38175
2988,317446
2989,67389
2990,325950
2991,18433
2992,1722
2993,21299
2994,3270
2995,227068
2996,67033
2997,20630
2998,41802
2999,9381
3000,957243
3001,90048
3002,23719
3003,41613
3004,5690
3005,1047673
3006,157216
3007,18494
3008,10993
3009,58730
3010,108032
3011,2981
3012,135703
3013,19987
3014,191787
3015,14094
3016,42443
3017,237926
3018,178154
3019,61981
3020,109582
3021,8069
3022,381443
3023,14022
3024,285558
3025,48992
3026,328195
3027,10942
3028,1458133
3029,174619
3030,31003
3031,8442
3032,570
3033,27803
3034,60629
3035,8039
3036,2142
3037,905958
3038,642786
3039,16776
3040,18931
3041,14692
3042,68053
3043,74359
3044,2420
3045,31541
3046,16414
3047,12186
3048,6387
3049,973260
3050,271587
3051,169890
3052,135356
3053,339665
3054,42365
3055,196958
3056,99260
3057,199966
3058,174167
3059,94933
3060,367600
3061,24695
3062,17678
3063,44639
3064,45191
3065,56373
3066,36106
3067,944252
3068,52775
3069,725285
3070,479
3071,753
3072,9979
3073,116978
3074,17343
3075,23493
3076,11641
3077,325972
3079,151258
3080,452321
3081,151612
3082,36872
3083,210995
3084,76811
3085,457927
3086,24311
3087,208762
3088,3078
3089,88326
3090,141859
3091,9683
3092,16322
3093,377484
3094,5648
3095,45642
3096,48779
3097,39980
3098,326874
3099,8929
3100,21622
3101,77250
3102,1943
3103,1217733
3104,12153
3105,653979
3106,131504
3107,198240
3108,69869
3109,11156
3110,122028
3111,50703
3112,91158
3113,28686
3114,42424
3115,285678
3116,9884
3117,171806
3118,3984
3119,49964
3120,107350
3121,59631
3122,8248
3123,86093
3124,37358
3125,6694
3126,204537
3127,193903
3128,27473
3129,8509
3130,73105
3131,547929
3132,66488
3133,724223
3134,1237539
3135,390053
3136,970536
3137,15194
3138,5632
3139,52075
3140,17763
3141,2717
3142,11750
3143,7774
3144,31934
3145,220073
3146,669948
3147,8309
3148,16654
3149,10388
3150,195745
3151,161826
3152,19542
3153,351835
3154,15430
3155,18278
3156,103060
3157,42270
3158,300
3159,4791
3160,93955
3161,361295
3162,90908
3163,5209
3164,987414
3165,77413
3166,65757
3167,115080
3168,285297
3169,637203
3170,10567
3171,215710
3172,1175
3173,29958
3174,119134
3175,148990
3176,2966
3177,435468
3178,264858
3179,86632
3180,5062
3181,586493
3182,3140
3183,108315
3184,1736
3185,315754
3186,58796
3187,1576
3188,100731
3189,48214
3190,30383
3191,69287
3192,1730
3193,496088
3194,30792
3195,30465
3196,41648
3197,106444
3198,7023
3199,83660
3200,26872
3201,125401
3202,55525
3203,92014
3204,8686
3205,311009
3206,178508
3207,628261
3208,12237
3209,230287
3210,42202
3211,31496
3212,687
3213,2450
3214,1003
3215,21234
3216,4711
3217,81883
3218,20562
3219,139012
3220,5044
3221,1246
3222,58681
3223,31690
3224,12287
3225,5776
3226,127880
3227,564191
3228,17523
3229,248125
3230,197079
3231,51306
3232,21414
3233,332353
3234,70984
3235,279040
3236,4352
3237,26584
3238,364285
3239,604940
3240,311265
3241,79327
3242,31074
3243,409666
3244,118388
3245,28358
3246,94475
3247,24215
3248,82724
3249,109478
3250,14853
3251,258792
3252,39129
3253,84823
3254,5067
3255,91623
3256,523465
3257,364503
3258,198225
3259,100922
3260,146488
3261,4279
3262,158460
3263,32236
3264,484117
3265,34006
3266,33362
3267,126219
3268,10588
3269,7481
3270,403504
3271,291030
3272,53477
3273,1125
3274,2897
3275,73249
3276,71115
3277,516491
3278,422447
3279,13172
3280,7535
3281,72893
3282,37283
3283,147826
3284,202107
3285,645994
3286,67196
3287,127861
3288,285636
3289,2534
3290,59451
3291,426052
3292,35501
3293,158985
3294,18130
3295,10504
3296,9336
3297,54201
3298,24171
3299,271676
3300,13490
3301,15369
3302,2119
3303,1937
3304,3209
3305,20292
3306,96164
3307,6761
3308,29829
3309,171089
3310,26854
3311,40115
3312,812
3313,4020
3314,38510
3315,39308
3316,1555
3317,26438
3318,144265
3319,320181
3320,30771
3321,247292
3322,4225
3323,151741
3324,27225
3325,93266
3326,14473
3327,5336
3328,13966
3329,57671
3330,127463
3331,310644
3332,65652
3333,82691
3334,277673
3335,63920
3336,284010
3337,135817
3338,52724
3339,6897
3340,57775
3341,193845
3342,19904
3343,2877
3344,3113
3345,15698
3346,30582
3347,6658
3348,42899
3349,7925
3350,1540
3351,11779
3352,120360
3353,156770
3354,157566
3355,28574
3356,100442
3357,77785
3358,178637
3359,17464
3360,78242
3361,38562
3362,135360
3363,159589
3364,154403
3365,161835
3366,14801
3367,449345
3368,28163
3369,174005
3370,107303
3371,304650
3372,17215
3373,104505
3374,44191
3375,28778
3376,27423
3377,200504
3378,234230
3379,1080298
3380,130684
3381,15072
3382,466582
3383,248543
3384,25953
3385,2357
3386,23775
3387,4682
3388,423550
3390,340812
3391,74397
3392,30033
3393,41934
3394,15005
3395,693
3396,6711
3397,75852
3398,446787
3399,637735
3400,1040933
3401,19170
3402,95452
3403,364987
3404,244649
3405,100666
3406,315033
3407,267080
3408,11325
3409,169556
3410,4824
3411,21216
3412,36435
3413,300263
3414,373373
3415,4961
3416,7041
3417,701653
3418,67262
3419,93919
3420,121674
3421,125166
3422,16288
3423,103057
3424,16636
3425,240843
3426,19935
3427,1505
3428,37141
3429,30334
3430,1977
3431,14062
3432,83804
3433,159146
3434,620163
3435,6519
3436,126686
3437,26938
3438,703389
3439,10295
3440,34749
3441,10697
3442,4036
3443,78126
3444,4389
3445,13152
3446,4738
3447,587094
3448,48076
3449,130172
3450,163815
3451,320238
3452,42852
3453,10151
3454,30114
3455,11930
3456,11572
3457,12614
3458,23791
3459,7108
3460,105862
3461,112140
3462,21298
3463,38783
3464,219528
3465,565340
3466,323725
3467,6230
3468,232326
3469,286330
3470,29434
3471,245728
3472,5627
3473,420154
3474,397736
3475,51733
3476,182421
3477,123173
3478,23600
3479,211570
3480,7844
3481,354063
3482,51981
3483,318108
3484,104585
3485,70784
3486,2458
3487,213851
3488,3847
3489,858241
3490,4190
3491,1240
3492,160407
3493,29012
3494,156524
3495,6709
3496,45923
3497,42516
3498,96141
3499,56369
3500,61464
3501,124422
3502,249137
3503,6520
3504,43430
3505,6272
3506,101846
3507,172792
3508,64320
3509,148483
3510,494625
3511,10375
3512,18189
3513,6570
3514,6465
3515,211516
3516,86647
3517,279142
3518,17914
3519,49626
3520,14153
3521,102915
3522,89437
3523,172345
3524,61384
3525,45101
3526,339847
3527,172597
3528,24346
3529,399604
3530,10210
3531,87575
3532,413918
3533,114779
3534,259484
3535,24244
3536,96827
3537,87804
3538,27728
3539,203719
3540,127682
3541,88789
3542,68095
3543,1045
3544,164342
3545,57649
3546,11881
3547,98655
3548,3099
3549,21076
3550,326746
3551,1269
3552,4732
3553,8405
3554,95849
3555,286074
3556,10850
3557,5331
3558,65429
3559,32622
3560,8637
3561,2424014
3562,6451
3563,15809
3564,56611
3565,1749
3566,186362
3567,3252
3568,17694
3569,1364
3570,3168
3571,4129
3572,3723
3573,14855
3574,1035
3575,10158
3576,263413
3577,2494139
3578,6889
3579,47597
3580,1477
3581,7406
3582,31778
3583,40958
3584,19048
3585,46115
3586,41932
3587,3296
3588,272166
3589,24837
3590,112931
3591,1510
3592,207936
3593,38581
3594,206805
3595,165689
3596,1013
3597,44025
3598,384861
3599,18903
3600,4152
3601,862993
3602,76544
3603,57040
3604,287818
3605,5612
3606,24721
3607,672
3608,235146
3609,125929
3610,48901
3611,4945
3612,722036
3613,242771
3614,105304
3615,21421
3616,1003536
3617,31823
3618,182801
3619,18982
3620,9160
3621,20834
3622,54961
3623,134683
3624,157490
3625,52675
3626,79784
3627,2202
3628,139127
3629,62191
3630,9617
3631,36719
3632,496912
3633,23590
3634,5703
3635,187221
3636,15663
3637,6334
3638,59545
3639,265707
3640,24071
3641,96795
3642,14577
3643,94262
3644,82021
3645,39639
3646,33175
3647,60496
3648,9058
3649,76936
3650,541370
3651,58239
3652,2345
3653,67214
3654,13158
3655,277852
3656,314152
3657,1349639
3658,445075
3659,86264
3660,1876
3661,269469
3662,191688
3663,22460
3664,8974
3665,5826
3666,2791
3667,160095
3668,44554
3669,39400
3670,4955
3671,16187
3672,1096353
3673,57953
3674,276183
3675,13337
3676,8775
3677,8158
3678,166978
3679,3035
3680,426717
3681,66541
3682,17550
3683,169500
3684,4056
3685,6647
3686,10814
3687,1290
3688,83964
3689,13449
3690,37744
3691,56821
3692,15130
3693,8816
3694,308481
3695,59863
3696,12516
3697,7511
3698,227156
3699,2290
3700,79485
3701,710477
3702,23541
3703,38229
3704,4116
3705,12809
3706,27672
3707,1512
3708,3783
3709,720494
3710,143892
3711,22503
3712,3685
3713,28189
3714,506669
3715,110229
3716,81548
3717,6502
3718,127691
3719,2891
3720,977024
3721,2162
3722,46379
3723,214883
3724,38884
3725,972094
3726,39712
3727,17849
3728,6979
3729,520329
3730,1552
3731,174129
3732,1767918
3733,54327
3734,40713
3735,155643
3736,29957
3737,107556
3738,9594
3739,150754
3740,4155
3741,545339
3742,48146
3743,5171
3744,346764
3745,489364
3746,47030
3747,58694
3748,255024
3749,292694
3750,61375
3751,146425
3752,964099
3753,11397
3754,116285
3755,350396
3756,3736
3757,41902
3758,107182
3759,32942
3760,71983
3761,68928
3762,47100
3763,12792
3764,195444
3765,104936
3766,12067
3767,6909
3768,35680
3769,30640
3770,77275
3771,123660
3772,35741
3773,137979
3774,36646
3775,35040
3776,197342
3777,53517
3778,16812
3779,43203
3780,20634
3781,174010
3782,760735
3783,1206
3784,154201
3785,7923
3786,57000
3787,34768
3788,492240
3789,32432
3790,350086
3791,31725
3792,61995
3793,37436
3794,146852
3795,423204
3796,44903
3797,501494
3798,2657
3799,104931
3800,1812
3801,15391
3802,747588
3803,883
3804,101585
3805,7174
3806,215339
3807,22626
3808,177156
3809,21138
3810,4692
3811,237532
3812,455
3813,460639
3814,12348
3815,119310
3816,155969
3817,38430
3818,28325
3819,133874
3820,2179
3821,14565
3822,28992
3823,18632
3824,4049
3825,11921
3826,224200
3827,599
3828,204
3829,18412
3830,5511
3831,6689
3832,874
3833,6766
3834,10336
3835,4910
3836,79910
3837,145827
3838,12056
3839,29576
3840,38523
3841,141937
3842,12934
3843,2103
3844,60830
3845,9397
3846,62372
3847,15571
3848,35514
3849,13283
3850,2668
3851,19796
3852,18282
3853,14796
3854,6985
3855,20905
3856,20946
3857,168807
3858,304
3859,22668
3860,8076
3861,7583
3862,1835
3863,74724
3864,11551
3865,7375
3867,98703
3868,48299
3869,3724
3870,4953
3871,28068
3872,5843
3873,3245
3874,345804
3875,82394
3876,393523
3877,71524
3878,55108
3879,5769
3880,12425
3881,1365
3882,114842
3883,18243
3884,143256
3885,1636
3886,7386
3887,7188
3888,35056
3889,146388
3890,49509
3891,13850
3892,4025
3893,15552
3894,2901
3895,4258
3896,3426
3897,344508
3898,14978
3899,2376
3900,146399
3901,166730
3902,21396
3903,2887
3904,2449
3905,6352
3906,2159
3907,12935
3908,10657
3909,1021
3910,1202
3911,20304
3912,71889
3913,383312
3914,28454
3915,2328
3916,1985
3917,8901
3918,4724
3919,62783
3920,14582
3921,25795
3922,16011
3923,18021
3924,23510
3925,14532
3926,2718
3927,8496
3928,150645
3929,14309
3930,949
3931,27836
3932,2575
3933,4396
3934,22305
3935,43772
3936,19071
3938,25973
3939,3155
3940,7428
3941,39081
3942,31333
3943,743991
3944,76370
3945,80018
3946,90567
3947,4697
3948,57108
3949,20301
3950,64911
3951,4327
3952,3249
3953,89660
3954,28290
3955,12762
3956,5817
3957,3233
3958,10092
3959,1307
3960,14150
3961,1377
3962,463
3963,88286
3964,4799
3965,8912
3966,2357
3967,2488
3968,2411
3969,76525
3970,112270
3971,11140
3972,13274
3973,68326
3974,6793
3975,17878
3976,123370
3977,70902
3978,38865
3979,24549
3980,9681
3981,82748
3982,15513
3983,1422
3984,2106
3985,1625
3986,4601
3987,5019
3988,28056
3989,3902
3990,54780
3991,14756
3992,2613
3993,35569
3994,54264
3995,149634
3996,3265
3997,1679
3998,7996
3999,35921
4000,24406
4001,46976
4002,31638
4003,56511
4004,3590
4005,9952
4006,19432
4007,195958
4008,77142
4009,3318
4010,30115
4011,4385
4012,1762
4013,9143
4014,8881
4015,8852
4016,24489
4017,329621
4018,60404
4019,901978
4020,89764
4021,14902
4022,63114
4023,42864
4024,2481
4025,21916
4026,104084
4027,37941
4028,3501
4029,24365
4030,10503
4031,5111
4032,39034
4033,6661
4034,3142
4035,49713
4036,3838
4037,15102
4038,163681
4039,392220
4040,7410
4041,8306
4042,23082
4043,5929
4044,136315
4045,35711
4046,32290
4047,1956
4048,6955
4049,1911
4050,7777
4051,4494
4052,7244
4053,970
4054,21905
4055,8569
4056,9873
4057,109566
4058,5603
4059,1478
4060,64808
4061,10218
4062,77593
4063,3910
4064,310726
4065,1425
4066,9628
4067,2480
4068,80107
4069,623028
4070,9648
4071,45882
4072,22961
4073,6927
4074,10793
4075,34626
4076,105586
4077,29943
4078,62472
4079,119449
4080,3614
4081,70247
4082,308728
4083,6732
4084,101164
4085,76455
4086,270
4087,35325
4088,12143
4089,75390
4090,4517
4091,84414
4092,1431
4093,9996
4094,21135
4095,1149
4096,4330
4097,27119
4098,9724
4099,7645
4100,22663
4101,8316
4102,388247
4103,15361
4104,3143
4105,1633
4106,112013
4107,83298
4108,197820
4109,5193
4110,1675
4111,63173
4112,30763
4113,24297
4114,2712
4115,11526
4116,33248
4117,27066
4118,3358
4119,1264
4120,128349
4121,11381
4122,21459
4123,72305
4124,21568
4125,1394
4126,71001
4127,74465
4128,69183
4129,111422
4130,4684
4131,6326
4132,13678
4133,49610
4134,34517
4135,35658
4136,39529
4137,45860
4138,368615
4139,27487
4140,2584
4141,13646
4142,12987
4143,10330
4144,83614
4145,14229
4146,6289
4147,22535
4148,7425
4149,67612
4150,2035
4151,21110
4152,17059
4154,6215
4155,2457
4156,111985
4157,35848
4158,1618
4159,116604
4160,2072
4161,25127
4162,25428
4163,14204
4164,8291
4165,117112
4166,3154
4167,33335
4168,164772
4169,32129
4170,277902
4171,19727
4172,39091
4173,22614
4174,144794
4175,4649
4176,42561
4177,7869
4178,14151
4179,15250
4180,30143
4181,9080
4182,303790
4183,41714
4184,9058
4185,31305
4186,7564
4187,10396
4188,103791
4189,61117
4190,11649
4191,22948
4192,6794
4193,3020
4194,123406
4195,4214
4196,3398
4197,7051
4198,3958
4199,29307
4200,1403
4201,1192
4202,73397
4203,10825
4204,7743
4205,23898
4206,12130
4207,9081
4208,44678
4209,264893
4210,65054
4211,42310
4212,23642
4213,93839
4214,16658
4215,2228
4216,8573
4217,16023
4218,27017
4219,1653
4220,331111
4221,7334
4222,85587
4223,17834
4224,24397
4225,7913
4226,3745
4227,129387
4228,4116
4229,24537
4230,104916
4231,5193
4232,29490
4233,4663
4234,747
4235,328000
4236,893
4237,1532
4238,9235
4239,2469
4240,29125
4241,18043
4242,77639
4243,296642
4244,4296
4245,146046
4246,28128
4247,47387
4248,14974
4249,9688
4250,200842
4251,88090
4252,1304
4253,1549
4254,8671
4255,70826
4256,10392
4257,84938
4258,3702
4259,63188
4260,102898
4261,11667
4262,4558
4263,9969
4264,1398
4265,2340
4266,3433
4267,2332
4268,55612
4269,88009
4270,7138
4271,117178
4272,100190
4273,63949
4274,16643
4275,4900
4276,38812
4277,495487
4278,6530
4279,26616
4280,101141
4281,17751
4282,19781
4283,1133
4284,612139
4285,4201
4286,19032
4287,3920
4288,51371
4289,5565
4290,159041
4291,54423
4292,1339
4293,14454
4294,3391
4295,20768
4296,33695
4297,1423
4298,769
4299,4944
4300,18234
4301,4666
4302,6599
4303,3195
4304,7759
4305,7811
4306,91628
4307,2250
4308,7658
4309,25024
4310,74120
4311,5754
4312,1717
4313,11575
4314,35033
4315,6439
4316,13334
4317,1058
4318,24369
4319,13965
4320,5430
4321,193722
4322,466233
4323,29123
4324,17545
4325,23660
4326,22721
4327,42720
4328,15177
4329,58764
4330,23171
4331,1288
4332,4686
4333,922
4334,140394
4335,10653
4336,87064
4337,3204
4338,5390
4339,4688
4340,92070
4341,15548
4342,8117
4343,30394
4344,6056
4345,7666
4346,690597
4347,519119
4348,11768
4349,35527
4350,11022
4351,58686
4352,2456
4353,23811
4354,4398
4355,50171
4356,97903
4357,20132
4358,93533
4359,9978
4360,11603
4361,11053
4362,81968
4363,54957
4364,204500
4365,534610
4366,12350
4367,62149
4368,12742
4369,170087
4370,56675
4371,20816
4372,70482
4373,89432
4374,61139
4375,28032
4376,4664
4377,90077
4378,6963
4379,446414
4380,281619
4381,16023
4382,103320
4383,2134
4384,49111
4385,1531
4386,112985
4387,38459
4388,5547
4389,196138
4390,15703
4391,125070
4392,14445
4393,138427
4394,2086
4395,19616
4396,26604
4397,27993
4398,33386
4399,3526
4400,6152
4401,213925
4402,3418
4403,1746
4404,33157
4405,104340
4406,3527
4407,23695
4408,281022
4409,1252
4410,4941
4411,332839
4412,64823
4413,3676
4414,111195
4415,28516
4416,2158
4417,72685
4418,59850
4419,84882
4420,1188
4421,70125
4422,1476
4423,5189
4424,1256
4425,4099
4426,10634
4427,9641
4428,37821
4429,64846
4430,91423
4431,24411
4432,5634
4433,19067
4434,6775
4435,10969
4436,5315
4437,50144
4438,52006
4439,1518
4440,46480
4441,1242
4442,1601
4443,1518
4444,24857
4445,90337
4446,14442
4447,90580
4448,8562
4449,2574
4450,83822
4451,21695
4452,16247
4453,129823
4454,172056
4455,13743
4456,4986
4457,2081
4458,26898
4459,74158
4460,236
4461,796
4462,10523
4463,6300
4464,3560
4465,1334
4466,30462
4467,83047
4468,2745
4469,1277
4470,10924
4471,5992
4472,12920
4473,104891
4474,43240
4475,5783
4476,196066
4477,13805
4478,169091
4479,934
4480,5707
4481,124835
4482,2557
4483,720
4484,5477
4485,18815
4486,19683
4487,178355
4488,6537
4489,49833
4490,1736
4491,4250
4492,14602
4493,5569
4494,15189
4495,1720
4496,5019
4497,19976
4498,36849
4499,5030
4500,1530
4501,2570
4502,3348
4503,38877
4504,12881
4505,33522
4506,9508
4507,22378
4508,72433
4509,5144
4510,2670
4511,5013
4512,4579
4513,10292
4514,15849
4515,21282
4516,15750
4517,67193
4518,1472
4519,6213
4520,828
4521,66192
4522,848
4523,992
4524,1814
4525,39349
4526,993
4527,151436
4528,15165
4529,2219
4530,2863
4531,8624
4532,3635
4533,641
4534,13179
4535,2325
4536,14706
4537,5832
4538,10247
4539,2388
4540,9078
4541,14995
4542,5439
4543,2373
4544,75970
4545,16448
4546,28200
4547,83900
4548,2702
4549,2738
4550,28265
4551,4813
4552,73067
4553,40642
4554,22965
4555,112088
4556,48020
4557,112185
4558,51793
4559,1431
4560,21768
4561,9667
4562,12091
4563,48154
4564,17710
4565,887
4566,81761
4567,40380
4568,1430
4569,47569
4570,1319
4571,36350
4572,7972
4573,5253
4574,23654
4575,206430
4576,4186
4577,207908
4578,1232
4579,2171
4580,4526
4581,75554
4582,13788
4583,41127
4584,65937
4585,828
4586,26435
4587,14143
4588,52149
4589,18426
4590,324624
4591,16773
4592,6725
4593,170571
4594,84363
4595,136941
4596,78516
4597,93540
4598,7282
4599,23669
4600,9633
4601,835
4602,1454
4603,35817
4604,17166
4605,9220
4606,1517
4607,14608
4608,35835
4609,3922
4610,1416
4611,24590
4612,14147
4613,12622
4614,6693
4615,40932
4616,2440
4617,2007
4618,5397
4619,7720
4620,57173
4621,4871
4622,3120
4623,25732
4624,2043
4625,8297
4626,16922
4627,12794
4628,87971
4629,7307
4630,236909
4631,1826
4632,27431
4633,8757
4634,30177
4635,78625
4636,4099
4637,20235
4638,4796
4639,23888
4640,201
4641,804
4642,357715
4643,40774
4644,2665
4645,42307
4646,454
4647,1765
4648,87849
4649,111122
4650,202362
4651,231780
4652,32542
4653,164200
4654,86810
4655,19057
4656,125
4657,4708
4658,219330
4659,43314
4660,11454
4661,21323
4662,25050
4663,36859
4664,116196
4665,17034
4666,101595
4667,20648
4668,11215
4669,3783
4670,8201
4671,13904
4672,81965
4673,8142
4674,16787
4675,6260
4676,71880
4677,311101
4678,15595
4679,15558
4680,2051
4681,444303
4682,49811
4683,6678
4684,106386
4685,2567
4686,24188
4687,25085
4688,40164
4689,21044
4690,24849
4691,64880
4692,14146
4693,3432
4694,127281
4695,11187
4696,15166
4697,20910
4698,12745
4699,82187
4700,32188
4701,43766
4702,6628
4703,21591
4704,99817
4705,1514
4706,3873
4707,15379
4708,193348
4709,12037
4710,85533
4711,40100
4712,5848
4713,1562
4714,16967
4715,139910
4716,7568
4717,6978
4718,87893
4719,18020
4720,6723
4721,200149
4722,29161
4723,15678
4724,1858
4725,20944
4726,35857
4727,21364
4728,1023
4729,1691
4730,12562
4731,41129
4732,75970
4733,52965
4734,161259
4735,4155
4736,5580
4737,11573
4738,4184
4739,33543
4740,10927
4741,4141
4742,17852
4743,109851
4744,85291
4745,78300
4746,16553
4747,4232
4748,164
4749,901
4750,20353
4751,60014
4752,89567
4753,59673
4754,18755
4755,172904
4756,99729
4757,6641
4758,183784
4759,3505
4760,3244
4761,135558
4762,173952
4763,10850
4764,2974
4765,9761
4766,250658
4767,55706
4768,90840
4769,16707
4770,1952
4771,262539
4772,1811
4773,63440
4774,166470
4775,25620
4776,3947
4777,37727
4778,22933
4779,28915
4780,11318
4781,22065
4782,4327
4783,4767
4784,9427
4785,2423
4786,546
4787,91650
4788,43862
4789,7725
4790,16743
4791,83421
4792,45316
4793,34121
4794,20794
4795,15820
4796,2777
4797,45869
4798,49554
4799,8777
4800,34363
4801,1746
4802,6725
4803,3208
4804,12349
4805,12517
4806,34566
4807,2932
4808,5112
4809,10366
4810,51514
4811,19562
4812,1058
4813,24661
4814,2298
4815,15569
4816,109621
4817,74443
4818,4808
4819,174746
4820,16188
4821,17990
4822,108929
4823,20925
4824,22178
4825,17310
4826,6720
4827,377702
4828,330419
4829,275768
4830,391
4831,229572
4832,66955
4833,74001
4834,152095
4835,21998
4836,74143
4837,95292
4838,56219
4839,3925
4840,7936
4841,7308
4842,3176
4843,3290
4844,46724
4845,18319
4846,63189
4847,36742
4848,25066
4849,18828
4850,32653
4851,17038
4852,7972
4853,23680
4854,147471
4855,23071
4856,14399
4857,35426
4858,16492
4859,34594
4860,8032
4861,14153
4862,10358
4863,14383
4864,8872
4865,31345
4866,17698
4867,30695
4868,16625
4869,6374
4870,28245
4871,123515
4872,28556
4873,1909
4874,28241
4875,434
4876,7037
4877,245673
4878,2590
4879,1917
4880,27142
4881,9522
4882,980
4883,1753
4884,78511
4885,1848
4886,20942
4887,34332
4888,513162
4889,21149
4890,5466
4891,8063
4892,3129
4893,886
4894,9512
4895,2395
4896,161420
4897,6284
4898,7486
4899,1148
4900,10207
4901,12298
4902,17282
4903,15271
4904,133752
4905,202942
4906,20510
4907,10839
4908,1884
4909,5860
4910,4653
4911,8025
4912,1181
4913,169577
4914,122486
4915,15087
4916,17622
4917,7235
4918,10825
4919,99219
4920,5110
4921,9174
4922,55675
4923,18037
4924,3402
4925,2475
4926,6373
4927,33678
4928,2090
4929,17115
4930,18368
4931,922
4932,22030
4933,4214
4934,4152
4935,178097
4936,17565
4937,23174
4938,11275
4939,2545
4940,11408
4941,196665
4942,39095
