,Unnamed: 0,label,tfidf,pmi,country,h_cat,key_phrases,key_words,lda_label,links,cluster_alg,augmented,LDA,plain
0,0,computer-related introductions by year,0.00673084000994305,0.017412090163249273,0,1,0,0,0,0,LDA,0,1,0
1,1,computers,0.006140613315421648,0.015781258897563013,0,1,0,0,0,0,LDA,0,1,0
2,2,technology by year,0.00585998627527851,0.015251701198549829,0,1,0,0,0,0,LDA,0,1,0
3,3,companies by industry and year of establishment,0.005848060545828445,0.015210008690505478,0,1,0,0,0,0,LDA,0,1,0
4,4,mobile phones,0.005621051979186962,0.014667087143110168,0,1,0,0,0,0,LDA,0,1,0
5,5,product introductions by year,0.005591975340855531,0.014523361469900572,0,1,0,0,0,0,LDA,0,1,0
6,6,computer networking,0.005390079900673204,0.014018863431610469,0,1,0,0,0,0,LDA,0,1,0
7,7,smart devices,0.00537128140032435,0.01399488945755496,0,1,0,0,0,0,LDA,0,1,0
8,8,mobile computers,0.005353548772752972,0.013969499406776229,0,1,0,0,0,0,LDA,0,1,0
9,9,technology companies by year of establishment,0.00530340386459592,0.013838698850533009,0,1,0,0,0,0,LDA,0,1,0
10,10,materials,0.0255244310757952,0.0845655434409064,1,1,0,0,0,0,LDA,0,1,0
11,11,industrial processes,0.02325916146354579,0.07426764603548827,1,1,0,0,0,0,LDA,0,1,0
12,12,chemistry,0.022437771676592246,0.07329511960712802,1,1,0,0,0,0,LDA,0,1,0
13,13,manufacturing,0.020883293687103528,0.06613000388114934,1,1,0,0,0,0,LDA,0,1,0
14,14,artificial materials,0.01997359422505544,0.06895498581960352,1,1,0,0,0,0,LDA,0,1,0
15,15,building engineering,0.018825630913369487,0.06066602342600118,1,1,0,0,0,0,LDA,0,1,0
16,16,materials science,0.01641844876280424,0.05705018941883189,1,1,0,0,0,0,LDA,0,1,0
17,17,technology by type,0.015211091608218603,0.03745783726653073,1,1,0,0,0,0,LDA,0,1,0
18,18,procedural knowledge,0.014828025435293619,0.05820471480679535,1,1,0,0,0,0,LDA,0,1,0
19,19,building materials,0.01453357283562266,0.0528566934309397,1,1,0,0,0,0,LDA,0,1,0
20,20,electrical engineering,0.027984696348755368,0.11238238747011324,2,1,0,0,0,0,LDA,0,1,0
21,21,electrical components,0.0246134019494293,0.1284792826254183,2,1,0,0,0,0,LDA,0,1,0
22,22,electronics,0.02357246880615561,0.09096933399511298,2,1,0,0,0,0,LDA,0,1,0
23,23,electricity,0.022736289977933543,0.10700458691809388,2,1,0,0,0,0,LDA,0,1,0
24,24,electromagnetism,0.02175579510873972,0.10964944848393204,2,1,0,0,0,0,LDA,0,1,0
25,25,engineering disciplines,0.017998053634655654,0.0521235228713068,2,1,0,0,0,0,LDA,0,1,0
26,26,telecommunications,0.017598843354691092,0.0865573948570708,2,1,0,0,0,0,LDA,0,1,0
27,27,glass applications,0.016193311336019176,0.08829475699662574,2,1,0,0,0,0,LDA,0,1,0
28,28,electronic engineering,0.01619325502532433,0.08089444005498253,2,1,0,0,0,0,LDA,0,1,0
29,29,manufactured goods,0.016142787472250075,0.05161607185740765,2,1,0,0,0,0,LDA,0,1,0
30,30,management by type,0.018314163664127442,0.09036359600710277,3,1,0,0,0,0,LDA,0,1,0
31,31,subfields by academic discipline,0.017700359163445718,0.06820522388059701,3,1,0,0,0,0,LDA,0,1,0
32,32,systems science,0.015709919274789926,0.09287203687445128,3,1,0,0,0,0,LDA,0,1,0
33,33,academic disciplines,0.015299069967342776,0.0736139089826939,3,1,0,0,0,0,LDA,0,1,0
34,34,main topic classifications,0.01505125782053331,0.05171583029733224,3,1,0,0,0,0,LDA,0,1,0
35,35,product,0.014844659342954038,0.08537849913522516,3,1,0,0,0,0,LDA,0,1,0
36,36,applied sciences,0.01473575834236196,0.05869988997321088,3,1,0,0,0,0,LDA,0,1,0
37,37,systems theory,0.014433210526937532,0.0819139136951227,3,1,0,0,0,0,LDA,0,1,0
38,38,technology,0.014263236637219125,0.03987375102204853,3,1,0,0,0,0,LDA,0,1,0
39,39,production and manufacturing,0.013591657058903677,0.07079427152493759,3,1,0,0,0,0,LDA,0,1,0
40,40,vehicle technology,0.03927787857026761,0.17951003768991086,4,1,0,0,0,0,LDA,0,1,0
41,41,engines,0.03326343081103788,0.16848409787490554,4,1,0,0,0,0,LDA,0,1,0
42,42,machines,0.029690486402055818,0.10295428632215474,4,1,0,0,0,0,LDA,0,1,0
43,43,vehicle parts,0.028275294603953637,0.14723360234172492,4,1,0,0,0,0,LDA,0,1,0
44,44,rotating machines,0.026964375474459932,0.14599105832025325,4,1,0,0,0,0,LDA,0,1,0
45,45,propulsion,0.025261527166243518,0.13760372889126615,4,1,0,0,0,0,LDA,0,1,0
46,46,automotive technologies,0.02499976934725401,0.1438760793153511,4,1,0,0,0,0,LDA,0,1,0
47,47,motor vehicles,0.02455283425234011,0.14037941273396035,4,1,0,0,0,0,LDA,0,1,0
48,48,mechanical engineering,0.0244458891252309,0.08541584849868768,4,1,0,0,0,0,LDA,0,1,0
49,49,automotive industry,0.024382807843223327,0.14001782939813046,4,1,0,0,0,0,LDA,0,1,0
50,50,optics,0.01587425571303066,0.07730040904991038,5,1,0,0,0,0,LDA,0,1,0
51,51,measurement,0.01579246108042346,0.06784872703475976,5,1,0,0,0,0,LDA,0,1,0
52,52,measuring instruments,0.014465812319099047,0.06614419406391099,5,1,0,0,0,0,LDA,0,1,0
53,53,military technology,0.01320674453100204,0.08002230103928372,5,1,0,0,0,0,LDA,0,1,0
54,54,weapons,0.012264683320788316,0.07413964609361454,5,1,0,0,0,0,LDA,0,1,0
55,55,scientific equipment,0.012221523339192531,0.05779492693717394,5,1,0,0,0,0,LDA,0,1,0
56,56,applied and interdisciplinary physics,0.012073657093277665,0.04631090232299948,5,1,0,0,0,0,LDA,0,1,0
57,57,electromagnetic radiation,0.011894866055602572,0.06734681577416393,5,1,0,0,0,0,LDA,0,1,0
58,58,engineering equipment,0.011854783045660032,0.06107883280879405,5,1,0,0,0,0,LDA,0,1,0
59,59,imaging,0.011213654452023656,0.06202285000068467,5,1,0,0,0,0,LDA,0,1,0
60,60,tools,0.010862144712395612,0.03341715296666789,6,1,0,0,0,0,LDA,0,1,0
61,61,hardlines (retail),0.010653134400312757,0.03469098886374604,6,1,0,0,0,0,LDA,0,1,0
62,62,equipment,0.010382776313294649,0.029795682790503163,6,1,0,0,0,0,LDA,0,1,0
63,63,history of technology,0.00932415592037843,0.037593066439220287,6,1,0,0,0,0,LDA,0,1,0
64,64,construction,0.00874717990886107,0.031044245300098142,6,1,0,0,0,0,LDA,0,1,0
65,65,inventions by country,0.007724275233028761,0.02638973328232032,6,1,0,0,0,0,LDA,0,1,0
66,66,history of industries,0.007696567096589028,0.03529732173390398,6,1,0,0,0,0,LDA,0,1,0
67,67,stub categories,0.007396094469691672,0.028759364741776462,6,1,0,0,0,0,LDA,0,1,0
68,68,wikiproject stub sorting,0.007386386910199876,0.028691295239429062,6,1,0,0,0,0,LDA,0,1,0
69,69,wikipedia maintenance,0.007386386910199876,0.028691295239429062,6,1,0,0,0,0,LDA,0,1,0
70,70,main topic classifications,0.006245487148189135,0.01487631196698568,0,1,0,0,0,0,LDA,0,1,0
71,71,matter,0.01439625834753701,0.05756441220295954,1,1,0,0,0,0,LDA,0,1,0
72,72,business process,0.014146635052487,0.05331119513807598,1,1,0,0,0,0,LDA,0,1,0
73,73,lighting,0.013177047883123915,0.08809598358238135,2,1,0,0,0,0,LDA,0,1,0
74,74,telecommunications engineering,0.01591295278333451,0.08502760595142217,2,1,0,0,0,0,LDA,0,1,0
75,75,electrical equipment,0.012963883590607246,0.0834761610277709,2,1,0,0,0,0,LDA,0,1,0
76,76,emergence,0.011836217119506515,0.08086662722970513,3,1,0,0,0,0,LDA,0,1,0
77,77,formal sciences,0.01344689931942506,0.07894123134328357,3,1,0,0,0,0,LDA,0,1,0
78,78,quality,0.010771706010833094,0.07537614347616756,3,1,0,0,0,0,LDA,0,1,0
79,79,concepts,0.01121946804413632,0.07483446208265032,3,1,0,0,0,0,LDA,0,1,0
80,80,evaluation,0.011086130940201009,0.0747372604433454,3,1,0,0,0,0,LDA,0,1,0
81,81,internal combustion engine,0.02421239530358595,0.1428059454764808,4,1,0,0,0,0,LDA,0,1,0
82,82,vehicles,0.023648640742232486,0.1257727935828166,4,1,0,0,0,0,LDA,0,1,0
83,83,aircraft,0.010537308490304532,0.06914634635670931,5,1,0,0,0,0,LDA,0,1,0
84,84,military science,0.010264004745805196,0.06605168470158386,5,1,0,0,0,0,LDA,0,1,0
85,85,"atomic, molecular, and optical physics",0.010316749571706757,0.06417102095954012,5,1,0,0,0,0,LDA,0,1,0
86,86,natural philosophy,0.010177142136789007,0.06254849198458336,5,1,0,0,0,0,LDA,0,1,0
87,87,manufactured goods,0.011126509905267193,0.032693551743481174,6,1,0,0,0,0,LDA,0,1,0
88,88,tool stubs,0.006434936268630699,0.031362114606041734,6,1,0,0,0,0,LDA,0,1,0
89,89,industrial history,0.006301495944631968,0.03046422175433501,6,1,0,0,0,0,LDA,0,1,0
90,90,top-level stub categories,0.006646609903670268,0.029073530449293106,6,1,0,0,0,0,LDA,0,1,0
91,0,company,0.004758892339385433,0.011814373093880495,0,0,1,0,0,0,LDA,0,1,0
92,1,technology,0.004048590525224343,0.010175192102164634,0,0,1,0,0,0,LDA,0,1,0
93,2,research,0.0034381772653836076,0.008882249923489922,0,0,1,0,0,0,LDA,0,1,0
94,3,business,0.0033536004165888172,0.00868643532533069,0,0,1,0,0,0,LDA,0,1,0
95,4,services,0.0033096819350702496,0.008643895835261177,0,0,1,0,0,0,LDA,0,1,0
96,5,announced,0.003306126245362301,0.008640730537634646,0,0,1,0,0,0,LDA,0,1,0
97,6,phone,0.0030962582580716987,0.00809382011187709,0,0,1,0,0,0,LDA,0,1,0
98,7,university,0.002868706660062047,0.007498325079183091,0,0,1,0,0,0,LDA,0,1,0
99,8,users,0.0027929868125991034,0.007298545588766449,0,0,1,0,0,0,LDA,0,1,0
100,9,internet,0.002758507122720097,0.007202331724182414,0,0,1,0,0,0,LDA,0,1,0
101,10,material,0.006388661010663902,0.023118142862929663,1,0,1,0,0,0,LDA,0,1,0
102,11,water,0.005339725720187588,0.01769915188989618,1,0,1,0,0,0,LDA,0,1,0
103,12,process,0.0051584840148955185,0.01817575137291309,1,0,1,0,0,0,LDA,0,1,0
104,13,surface,0.004878128470496138,0.01810617416654394,1,0,1,0,0,0,LDA,0,1,0
105,14,temperature,0.004829738432769987,0.01848185752625734,1,0,1,0,0,0,LDA,0,1,0
106,15,heat,0.004441101255402052,0.01731669520460285,1,0,1,0,0,0,LDA,0,1,0
107,16,liquid,0.004083559092163925,0.017003096915467034,1,0,1,0,0,0,LDA,0,1,0
108,17,polymer,0.003877952651146231,0.01658848541397719,1,0,1,0,0,0,LDA,0,1,0
109,18,gas,0.0038650750690583852,0.014675989352519975,1,0,1,0,0,0,LDA,0,1,0
110,19,particles,0.003813818026184066,0.01606551929121624,1,0,1,0,0,0,LDA,0,1,0
111,20,voltage,0.007283634428491939,0.042742095140804966,2,0,1,0,0,0,LDA,0,1,0
112,21,signal,0.0067797977573403655,0.03666464101414234,2,0,1,0,0,0,LDA,0,1,0
113,22,frequency,0.006447126909858227,0.03987406931109147,2,0,1,0,0,0,LDA,0,1,0
114,23,circuit,0.006058438859397384,0.0379412718493407,2,0,1,0,0,0,LDA,0,1,0
115,24,light,0.005991799055938885,0.030166573883161307,2,0,1,0,0,0,LDA,0,1,0
116,25,output,0.004730153541952906,0.028280015872823663,2,0,1,0,0,0,LDA,0,1,0
117,26,current,0.004360231259555948,0.026572918540059488,2,0,1,0,0,0,LDA,0,1,0
118,27,electrical,0.003953368903569413,0.02501054486171109,2,0,1,0,0,0,LDA,0,1,0
119,28,lamp,0.003852324215136342,0.02675688750774685,2,0,1,0,0,0,LDA,0,1,0
120,29,analog,0.003777361547678828,0.02580834201264209,2,0,1,0,0,0,LDA,0,1,0
121,30,analysis,0.005796662286568566,0.032428629174805226,3,0,1,0,0,0,LDA,0,1,0
122,31,product,0.005522402187904374,0.026288299035731384,3,0,1,0,0,0,LDA,0,1,0
123,32,management,0.0050460447004742025,0.027149350908600482,3,0,1,0,0,0,LDA,0,1,0
124,33,information,0.004897119399200529,0.02376747471675213,3,0,1,0,0,0,LDA,0,1,0
125,34,systems,0.004604120482968535,0.020506572779299632,3,0,1,0,0,0,LDA,0,1,0
126,35,data,0.004473570182301547,0.01900668321988762,3,0,1,0,0,0,LDA,0,1,0
127,36,software,0.004313335452750143,0.018776630162687217,3,0,1,0,0,0,LDA,0,1,0
128,37,design,0.0043067979263384905,0.02043705822756384,3,0,1,0,0,0,LDA,0,1,0
129,38,organization,0.00385735536554008,0.02329326985484239,3,0,1,0,0,0,LDA,0,1,0
130,39,testing,0.003752477680348576,0.02255285647880756,3,0,1,0,0,0,LDA,0,1,0
131,40,engine,0.012648871215130437,0.05415096934920914,4,0,1,0,0,0,LDA,0,1,0
132,41,vehicle,0.007411553320307665,0.03611196594117565,4,0,1,0,0,0,LDA,0,1,0
133,42,car,0.0070686251160728426,0.03760166508208064,4,0,1,0,0,0,LDA,0,1,0
134,43,cylinder,0.0063239556947907475,0.03410403447136779,4,0,1,0,0,0,LDA,0,1,0
135,44,pressure,0.006147975803805532,0.028479987638068808,4,0,1,0,0,0,LDA,0,1,0
136,45,valve,0.005839021437789489,0.03307812429893635,4,0,1,0,0,0,LDA,0,1,0
137,46,power,0.00570093609359334,0.025224958074649282,4,0,1,0,0,0,LDA,0,1,0
138,47,piston,0.005627027580151871,0.03430077078175155,4,0,1,0,0,0,LDA,0,1,0
139,48,fuel,0.00530011831640249,0.02797814768449357,4,0,1,0,0,0,LDA,0,1,0
140,49,torque,0.004882196714464193,0.030387768611830908,4,0,1,0,0,0,LDA,0,1,0
141,50,aircraft,0.006795402613576737,0.03380632408616305,5,0,1,0,0,0,LDA,0,1,0
142,51,image,0.00539637272205186,0.02741832629430466,5,0,1,0,0,0,LDA,0,1,0
143,52,flight,0.005076427162739899,0.030573288631761317,5,0,1,0,0,0,LDA,0,1,0
144,53,weapon,0.004976906978258699,0.03179983973995624,5,0,1,0,0,0,LDA,0,1,0
145,54,target,0.0043148987179220145,0.026538288116083646,5,0,1,0,0,0,LDA,0,1,0
146,55,\displaystyle,0.004031188463532564,0.02019431018357195,5,0,1,0,0,0,LDA,0,1,0
147,56,optical,0.003986205925623332,0.022273136231880826,5,0,1,0,0,0,LDA,0,1,0
148,57,radar,0.003850744491965855,0.02496162001005341,5,0,1,0,0,0,LDA,0,1,0
149,58,ship,0.003434307142835889,0.02112231094953597,5,0,1,0,0,0,LDA,0,1,0
150,59,object,0.003369049828187357,0.018944035493523213,5,0,1,0,0,0,LDA,0,1,0
151,60,machine,0.004423007047741944,0.01767797451512066,6,0,1,0,0,0,LDA,0,1,0
152,61,mill,0.003990045578905494,0.0191710591111554,6,0,1,0,0,0,LDA,0,1,0
153,62,iron,0.0034005517126085923,0.01597025951729176,6,0,1,0,0,0,LDA,0,1,0
154,63,tool,0.003306978358103581,0.01512907213070138,6,0,1,0,0,0,LDA,0,1,0
155,64,references,0.003231944891672468,0.010801847743392844,6,0,1,0,0,0,LDA,0,1,0
156,65,wooden,0.0031142525643049783,0.015382123069551203,6,0,1,0,0,0,LDA,0,1,0
157,66,wood,0.003063493255787841,0.014424618453895362,6,0,1,0,0,0,LDA,0,1,0
158,67,museum,0.0029953097329560715,0.01461301691607364,6,0,1,0,0,0,LDA,0,1,0
159,68,steel,0.00295817067555392,0.013497754351351155,6,0,1,0,0,0,LDA,0,1,0
160,69,stone,0.0029320133673696297,0.014411522481380272,6,0,1,0,0,0,LDA,0,1,0
161,70,software,0.0037460600265613133,0.009535001973032713,0,0,1,0,0,0,LDA,0,1,0
162,71,references,0.003213029399993857,0.007868229825763596,0,0,1,0,0,0,LDA,0,1,0
163,72,coating,0.0035774551543589867,0.015366555664809527,1,0,1,0,0,0,LDA,0,1,0
164,73,requirements,0.003668875083396667,0.025341681257318283,3,0,1,0,0,0,LDA,0,1,0
165,74,approach,0.003381713208029541,0.02293508178702981,3,0,1,0,0,0,LDA,0,1,0
166,75,human,0.003746751823551768,0.02141785101006264,3,0,1,0,0,0,LDA,0,1,0
167,76,modeling,0.0029659047560798217,0.021017672257083026,3,0,1,0,0,0,LDA,0,1,0
168,77,vehicles,0.006792986688309554,0.03627589208830515,4,0,1,0,0,0,LDA,0,1,0
169,78,valves,0.005439322641245044,0.0330803730581939,4,0,1,0,0,0,LDA,0,1,0
170,79,crankshaft,0.0048423772794789705,0.031648322276453915,4,0,1,0,0,0,LDA,0,1,0
171,80,pilot,0.0032687895284191073,0.02063681498839125,5,0,1,0,0,0,LDA,0,1,0
172,81,england,0.002792638344679634,0.013806280861751084,6,0,1,0,0,0,LDA,0,1,0
173,0,sulfur,0.005526349685677843,0.012245395809025523,0,0,0,1,0,0,LDA,0,1,0
174,1,military,0.005341932314314063,0.011832758358255974,0,0,0,1,0,0,LDA,0,1,0
175,2,arrival,0.0052532693249531005,0.011954663062699844,0,0,0,1,0,0,LDA,0,1,0
176,3,generate,0.005027186284225329,0.0118335213987951,0,0,0,1,0,0,LDA,0,1,0
177,4,apgood,0.004929322613663661,0.011732909566715974,0,0,0,1,0,0,LDA,0,1,0
178,5,crewed,0.0048811116503089365,0.011296887363683216,0,0,0,1,0,0,LDA,0,1,0
179,6,messe convention,0.004834685298584822,0.01214276054015174,0,0,0,1,0,0,LDA,0,1,0
180,7,abacuses,0.004787255823042768,0.011980062604076778,0,0,0,1,0,0,LDA,0,1,0
181,8,useful,0.004609266498274504,0.01017947138221375,0,0,0,1,0,0,LDA,0,1,0
182,9,com,0.0045951929363343864,0.011282264469033295,0,0,0,1,0,0,LDA,0,1,0
183,10,bao,0.0072457554731437295,0.021336854569485808,1,0,0,1,0,0,LDA,0,1,0
184,11,feinstein,0.006288565313439088,0.019135737320477887,1,0,0,1,0,0,LDA,0,1,0
185,12,crimes,0.006215624198025268,0.02167618862358776,1,0,0,1,0,0,LDA,0,1,0
186,13,sources,0.006048644507989752,0.021859496772624443,1,0,0,1,0,0,LDA,0,1,0
187,14,communication,0.005668611421399532,0.016141842592033436,1,0,0,1,0,0,LDA,0,1,0
188,15,private,0.00549951494210751,0.01735848472182154,1,0,0,1,0,0,LDA,0,1,0
189,16,instrument,0.005281165605137425,0.016869922279105547,1,0,0,1,0,0,LDA,0,1,0
190,17,greatly,0.005224445277211821,0.01743583982307743,1,0,0,1,0,0,LDA,0,1,0
191,18,recreation,0.005105014634690891,0.013952319523696898,1,0,0,1,0,0,LDA,0,1,0
192,19,cannons,0.004959861697988932,0.0186455886822647,1,0,0,1,0,0,LDA,0,1,0
193,20,nitroglycerine,0.0055172551945729216,0.03163967534075656,2,0,0,1,0,0,LDA,0,1,0
194,21,dowding,0.005389368165602023,0.02856327269855135,2,0,0,1,0,0,LDA,0,1,0
195,22,ministry,0.005181145658310454,0.032029556465861184,2,0,0,1,0,0,LDA,0,1,0
196,23,unit,0.005162951124627327,0.02602848761108746,2,0,0,1,0,0,LDA,0,1,0
197,24,club,0.005078463476132074,0.029584681440177826,2,0,0,1,0,0,LDA,0,1,0
198,25,sfo,0.005041445394030822,0.023146999943510008,2,0,0,1,0,0,LDA,0,1,0
199,26,weather,0.0049029661141814064,0.016182797106908054,2,0,0,1,0,0,LDA,0,1,0
200,27,lining,0.004889249058616829,0.012642509452569384,2,0,0,1,0,0,LDA,0,1,0
201,28,chinatown,0.004882687635390231,0.02009477299017462,2,0,0,1,0,0,LDA,0,1,0
202,29,boistissandeau,0.004842752591373578,0.030701312345859606,2,0,0,1,0,0,LDA,0,1,0
203,30,initiator,0.005198755082743456,0.02054417281701621,3,0,0,1,0,0,LDA,0,1,0
204,31,devices,0.005023393886359577,0.013761373940358177,3,0,0,1,0,0,LDA,0,1,0
205,32,aid,0.0049233728422523465,0.018251797864573142,3,0,0,1,0,0,LDA,0,1,0
206,33,effects,0.004837168135490025,0.017637748888164308,3,0,0,1,0,0,LDA,0,1,0
207,34,precision,0.0047433223825282785,0.016526697244025106,3,0,0,1,0,0,LDA,0,1,0
208,35,reference,0.004676868755748932,0.014625883876377178,3,0,0,1,0,0,LDA,0,1,0
209,36,emperor,0.004658040511941418,0.014190001997218272,3,0,0,1,0,0,LDA,0,1,0
210,37,apparatus,0.004629181471719771,0.02504516346736723,3,0,0,1,0,0,LDA,0,1,0
211,38,allowing,0.004601761398908928,0.014503992017605284,3,0,0,1,0,0,LDA,0,1,0
212,39,providing,0.004402593551861436,0.019655382361811958,3,0,0,1,0,0,LDA,0,1,0
213,40,iii,0.008160060043447744,0.03378196510299775,4,0,0,1,0,0,LDA,0,1,0
214,41,par,0.007008629332491878,0.03465437590503069,4,0,0,1,0,0,LDA,0,1,0
215,42,radiate,0.0064068431680766105,0.030998454691669862,4,0,0,1,0,0,LDA,0,1,0
216,43,prove,0.006387053304555972,0.019727368679493325,4,0,0,1,0,0,LDA,0,1,0
217,44,people,0.006311975485421208,0.0278791478549058,4,0,0,1,0,0,LDA,0,1,0
218,45,barrier,0.006054737907981432,0.031765897590379545,4,0,0,1,0,0,LDA,0,1,0
219,46,heavenly,0.006043489881706469,0.027453303666960062,4,0,0,1,0,0,LDA,0,1,0
220,47,aroused,0.0059574243776875715,0.023606355460880083,4,0,0,1,0,0,LDA,0,1,0
221,48,relative,0.005652249030477247,0.02146545253546371,4,0,0,1,0,0,LDA,0,1,0
222,49,polymers,0.005597334164966724,0.02699355616835069,4,0,0,1,0,0,LDA,0,1,0
223,50,include,0.0044451212847152425,0.02160598563096421,5,0,0,1,0,0,LDA,0,1,0
224,51,couple,0.004263473404140843,0.017732571056178446,5,0,0,1,0,0,LDA,0,1,0
225,52,neighbors,0.004070613351419258,0.011876139847623946,5,0,0,1,0,0,LDA,0,1,0
226,53,income,0.0039813130267352575,0.016034812060106592,5,0,0,1,0,0,LDA,0,1,0
227,54,adult,0.003846015969550599,0.0169604082761814,5,0,0,1,0,0,LDA,0,1,0
228,55,changed,0.00384070079012186,0.01377121435217774,5,0,0,1,0,0,LDA,0,1,0
229,56,signals,0.003833159456225315,0.012146374131048548,5,0,0,1,0,0,LDA,0,1,0
230,57,arm,0.0037531195450751648,0.014808859340574387,5,0,0,1,0,0,LDA,0,1,0
231,58,directly,0.003707344954383215,0.010293304692058315,5,0,0,1,0,0,LDA,0,1,0
232,59,lmfao,0.0036749278727284296,0.017602555197768637,5,0,0,1,0,0,LDA,0,1,0
233,60,sand,0.005353333623427168,0.021680049133597817,6,0,0,1,0,0,LDA,0,1,0
234,61,wooden pagoda,0.005045476743344115,0.018693628064721562,6,0,0,1,0,0,LDA,0,1,0
235,62,groundwater,0.004446290239457101,0.014307733312882612,6,0,0,1,0,0,LDA,0,1,0
236,63,brazil,0.0042832223214936994,0.011827805144639266,6,0,0,1,0,0,LDA,0,1,0
237,64,dollars,0.0042549695977262495,0.014967143368190073,6,0,0,1,0,0,LDA,0,1,0
238,65,economically,0.004239212434951531,0.015810779339692466,6,0,0,1,0,0,LDA,0,1,0
239,66,dipole antenna,0.0041412048132951,0.012564735904843177,6,0,0,1,0,0,LDA,0,1,0
240,67,cornu,0.004006368055361104,0.012081891458917615,6,0,0,1,0,0,LDA,0,1,0
241,68,bezos,0.0039801376591209175,0.01608236935516994,6,0,0,1,0,0,LDA,0,1,0
242,69,local,0.003873125323086264,0.015458817643087137,6,0,0,1,0,0,LDA,0,1,0
243,70,star,0.0044210307436725865,0.01125458596073127,0,0,0,1,0,0,LDA,0,1,0
244,71,spheres,0.004521096793712618,0.017516085772189532,1,0,0,1,0,0,LDA,0,1,0
245,72,rock,0.004836560458214143,0.01712064166049094,1,0,0,1,0,0,LDA,0,1,0
246,73,observers,0.004429999385230978,0.01704487343283121,1,0,0,1,0,0,LDA,0,1,0
247,74,impulse,0.0045498383357230774,0.030568238513130376,2,0,0,1,0,0,LDA,0,1,0
248,75,european,0.004496528140483428,0.028076058203313426,2,0,0,1,0,0,LDA,0,1,0
249,76,mexican,0.004344600435202399,0.027333543784728503,2,0,0,1,0,0,LDA,0,1,0
250,77,experiences,0.0042901359816794795,0.023818422262422048,2,0,0,1,0,0,LDA,0,1,0
251,78,protein,0.0034363164203393428,0.022931611360209027,3,0,0,1,0,0,LDA,0,1,0
252,79,mia,0.00365579829747044,0.02155611923510387,3,0,0,1,0,0,LDA,0,1,0
253,80,love,0.003405972257014527,0.02153566636760391,3,0,0,1,0,0,LDA,0,1,0
254,81,immediate,0.003960811352864318,0.02138619786165312,3,0,0,1,0,0,LDA,0,1,0
255,82,channel,0.00426025120187537,0.02060019536498965,3,0,0,1,0,0,LDA,0,1,0
256,83,chess,0.0035308435815877416,0.020536800449302367,3,0,0,1,0,0,LDA,0,1,0
257,84,event,0.0034248190374352727,0.020240746810202808,3,0,0,1,0,0,LDA,0,1,0
258,85,miniature,0.00524100213035439,0.029803684477885256,4,0,0,1,0,0,LDA,0,1,0
259,86,elliott,0.0044915892240782115,0.029072783400600193,4,0,0,1,0,0,LDA,0,1,0
260,87,names,0.00528183841131956,0.028989718305169908,4,0,0,1,0,0,LDA,0,1,0
261,88,zhoubi,0.004876997152642255,0.028720672195609163,4,0,0,1,0,0,LDA,0,1,0
262,89,accredited,0.0036564283472824578,0.022666621439654682,5,0,0,1,0,0,LDA,0,1,0
263,90,future,0.0035268376399167117,0.02239242843836853,5,0,0,1,0,0,LDA,0,1,0
264,91,announcement,0.003304288278239651,0.02143937969504061,5,0,0,1,0,0,LDA,0,1,0
265,92,stanford,0.003641966367144391,0.021262720336973358,5,0,0,1,0,0,LDA,0,1,0
266,93,points,0.0033517259850089198,0.020777736319683455,5,0,0,1,0,0,LDA,0,1,0
267,94,offers,0.003302800256861559,0.020621144807146982,5,0,0,1,0,0,LDA,0,1,0
268,95,kilns,0.003539173822868957,0.018186318488424686,5,0,0,1,0,0,LDA,0,1,0
269,96,outcomes,0.0035377264611331275,0.01782316263540414,5,0,0,1,0,0,LDA,0,1,0
270,97,short,0.002611293525640961,0.01779910978434422,5,0,0,1,0,0,LDA,0,1,0
271,98,weapons,0.0037535903706047845,0.017262346368113968,6,0,0,1,0,0,LDA,0,1,0
272,99,extracts,0.003618805066233249,0.01704102810686631,6,0,0,1,0,0,LDA,0,1,0
273,100,facilitate,0.0037078753430301,0.01676205684538844,6,0,0,1,0,0,LDA,0,1,0
274,101,small neutron,0.0033672119156100944,0.01635979167750019,6,0,0,1,0,0,LDA,0,1,0
275,102,eth,0.0033084980850083844,0.015821524529534968,6,0,0,1,0,0,LDA,0,1,0
276,103,weights,0.003318987221504759,0.015608833895630959,6,0,0,1,0,0,LDA,0,1,0
277,0,android,0.031057694577175964,0.08169668971516851,0,0,0,0,0,1,LDA,0,1,0
278,1,smartphone,0.026034031450829942,0.06855512095641278,0,0,0,0,0,1,LDA,0,1,0
279,2,united states,0.01701037105600929,0.04468653689248872,0,0,0,0,0,1,LDA,0,1,0
280,3,wi-fi,0.015131749544238075,0.038884580516203734,0,0,0,0,0,1,LDA,0,1,0
281,4,apple inc.,0.014616885201500097,0.037374433176532135,0,0,0,0,0,1,LDA,0,1,0
282,5,google,0.013621126301126885,0.03458364002525771,0,0,0,0,0,1,LDA,0,1,0
283,6,microsoft,0.012327793572306973,0.031037136153260075,0,0,0,0,0,1,LDA,0,1,0
284,7,intel,0.010579139705681714,0.026506401322647283,0,0,0,0,0,1,LDA,0,1,0
285,8,samsung electronics,0.009832257915429606,0.024260596974240156,0,0,0,0,0,1,LDA,0,1,0
286,9,internet,0.009551336260703048,0.02356743706069044,0,0,0,0,0,1,LDA,0,1,0
287,10,plastic,0.01814051529106361,0.07898717524268023,1,0,0,0,0,1,LDA,0,1,0
288,11,paper,0.015589017298497763,0.06787357056453902,1,0,0,0,0,1,LDA,0,1,0
289,12,metal,0.014806557754775794,0.06444126836430628,1,0,0,0,0,1,LDA,0,1,0
290,13,polymer,0.014159357034121231,0.06134282100004746,1,0,0,0,0,1,LDA,0,1,0
291,14,glass,0.013243408139197143,0.057061583044073286,1,0,0,0,0,1,LDA,0,1,0
292,15,composite material,0.012144032791703929,0.05208129646743508,1,0,0,0,0,1,LDA,0,1,0
293,16,adhesive,0.01162276078094843,0.04965579019120694,1,0,0,0,0,1,LDA,0,1,0
294,17,corrosion,0.011396339290240098,0.04895723276764951,1,0,0,0,0,1,LDA,0,1,0
295,18,thermoplastic,0.011175463053843829,0.04741136115893568,1,0,0,0,0,1,LDA,0,1,0
296,19,heat,0.010659352057345388,0.04586233185619332,1,0,0,0,0,1,LDA,0,1,0
297,20,alternating current,0.023743293692844083,0.17686031608639566,2,0,0,0,0,1,LDA,0,1,0
298,21,voltage,0.022354376434172627,0.1657910344452881,2,0,0,0,0,1,LDA,0,1,0
299,22,magnetic field,0.01699396477154137,0.1229692335630625,2,0,0,0,0,1,LDA,0,1,0
300,23,electronics,0.016083428466254285,0.11698840554434145,2,0,0,0,0,1,LDA,0,1,0
301,24,transistor,0.015163941452550784,0.11403734666574547,2,0,0,0,0,1,LDA,0,1,0
302,25,frequency,0.014092027438912363,0.1061479704813228,2,0,0,0,0,1,LDA,0,1,0
303,26,electric current,0.013817502485679959,0.103543112310002,2,0,0,0,0,1,LDA,0,1,0
304,27,cathode ray tube,0.013623893804341076,0.10337015610903877,2,0,0,0,0,1,LDA,0,1,0
305,28,direct current,0.01238535800394643,0.09397286919003522,2,0,0,0,0,1,LDA,0,1,0
306,29,light,0.012160330913222174,0.08977408141771451,2,0,0,0,0,1,LDA,0,1,0
307,30,engineering,0.03348478649520045,0.2150784052519296,3,0,0,0,0,1,LDA,0,1,0
308,31,technology,0.02248365896778502,0.1391270393641552,3,0,0,0,0,1,LDA,0,1,0
309,32,system,0.013831870098879186,0.10541772557599152,3,0,0,0,0,1,LDA,0,1,0
310,33,design,0.013606042491846665,0.10356422710432574,3,0,0,0,0,1,LDA,0,1,0
311,34,information technology,0.011701113410403112,0.08429646392212559,3,0,0,0,0,1,LDA,0,1,0
312,35,software,0.011649718063151154,0.08369755476459717,3,0,0,0,0,1,LDA,0,1,0
313,36,electrical engineering,0.011647618266738095,0.08780445341453705,3,0,0,0,0,1,LDA,0,1,0
314,37,computer science,0.011647618266738095,0.08780445341453705,3,0,0,0,0,1,LDA,0,1,0
315,38,artificial intelligence,0.01150158057848686,0.08637383095564438,3,0,0,0,0,1,LDA,0,1,0
316,39,industrial engineering,0.011482149482606386,0.08746491569831685,3,0,0,0,0,1,LDA,0,1,0
317,40,internal combustion engine,0.05394940079040685,0.33177281971175104,4,0,0,0,0,1,LDA,0,1,0
318,41,automobile,0.029369485516240825,0.1953882798599552,4,0,0,0,0,1,LDA,0,1,0
319,42,cylinder,0.025799250536218808,0.17552611429499526,4,0,0,0,0,1,LDA,0,1,0
320,43,valve,0.025799250536218808,0.17552611429499526,4,0,0,0,0,1,LDA,0,1,0
321,44,crankshaft,0.024700316715980296,0.16991975780855811,4,0,0,0,0,1,LDA,0,1,0
322,45,volkswagen group,0.024550563574771433,0.1686610929359021,4,0,0,0,0,1,LDA,0,1,0
323,46,diesel engine,0.02134831615197516,0.1466618199442627,4,0,0,0,0,1,LDA,0,1,0
324,47,steam engine,0.02093273771334233,0.1404683309263462,4,0,0,0,0,1,LDA,0,1,0
325,48,piston,0.01886594926254775,0.13046080495041973,4,0,0,0,0,1,LDA,0,1,0
326,49,clutch,0.0170171848776061,0.1178532481694968,4,0,0,0,0,1,LDA,0,1,0
327,50,world war ii,0.025271827545709075,0.16589816836255206,5,0,0,0,0,1,LDA,0,1,0
328,51,aircraft,0.019893001117267026,0.13540578666578165,5,0,0,0,0,1,LDA,0,1,0
329,52,radar,0.019893001117267026,0.13540578666578165,5,0,0,0,0,1,LDA,0,1,0
330,53,submarine,0.015140646205547944,0.10633867779486053,5,0,0,0,0,1,LDA,0,1,0
331,54,laser,0.013582188586041877,0.09442642153915212,5,0,0,0,0,1,LDA,0,1,0
332,55,missile,0.01180746664777738,0.08359958946136832,5,0,0,0,0,1,LDA,0,1,0
333,56,electromagnetic spectrum,0.011514184432480824,0.08154806579360467,5,0,0,0,0,1,LDA,0,1,0
334,57,gyroscope,0.010882332746884995,0.07653935541856564,5,0,0,0,0,1,LDA,0,1,0
335,58,infrared,0.009988687799743013,0.07050943763411678,5,0,0,0,0,1,LDA,0,1,0
336,59,wavelength,0.009733272560709392,0.06836057858241035,5,0,0,0,0,1,LDA,0,1,0
337,60,england,0.017099005711120784,0.08689908678421687,6,0,0,0,0,1,LDA,0,1,0
338,61,industrial revolution,0.013212868049502427,0.06714929433325849,6,0,0,0,0,1,LDA,0,1,0
339,62,kent,0.011344878009388229,0.05673106320629006,6,0,0,0,0,1,LDA,0,1,0
340,63,machine,0.01088617151185927,0.05490876362738978,6,0,0,0,0,1,LDA,0,1,0
341,64,steel,0.010103957920207737,0.05134946037249179,6,0,0,0,0,1,LDA,0,1,0
342,65,tractor,0.010082412468192723,0.05088574530221469,6,0,0,0,0,1,LDA,0,1,0
343,66,inventor,0.010012878809385716,0.050599468254100964,6,0,0,0,0,1,LDA,0,1,0
344,67,tool,0.00930826890702997,0.0469106734489478,6,0,0,0,0,1,LDA,0,1,0
345,68,wood,0.009178472241936906,0.04638284589959255,6,0,0,0,0,1,LDA,0,1,0
346,69,fastener,0.008726829237990945,0.04363927938945389,6,0,0,0,0,1,LDA,0,1,0
347,70,signal processing,0.011909423975022395,0.08996549736956465,2,0,0,0,0,1,LDA,0,1,0
348,71,software engineering,0.011369889485159669,0.08666064061143577,3,0,0,0,0,1,LDA,0,1,0
349,72,science,0.011298335732157593,0.08431322266246798,3,0,0,0,0,1,LDA,0,1,0
350,73,electromagnetic radiation,0.009733272560709392,0.06836057858241035,5,0,0,0,0,1,LDA,0,1,0
351,0,steam,0.008838459772041245,0.021007729440871318,0,0,0,0,1,0,LDA,0,1,0
352,1,building,0.008751301555623786,0.020869051098770627,0,0,0,0,1,0,LDA,0,1,0
353,2,unit,0.008695263870341573,0.020780289547456376,0,0,0,0,1,0,LDA,0,1,0
354,3,motor,0.008619297299290646,0.02066046087154601,0,0,0,0,1,0,LDA,0,1,0
355,4,cut,0.008553873278023759,0.02055772165711353,0,0,0,0,1,0,LDA,0,1,0
356,5,end,0.008325390114272614,0.020202245594252058,0,0,0,0,1,0,LDA,0,1,0
357,6,tool,0.0082567656986033,0.02009648456281539,0,0,0,0,1,0,LDA,0,1,0
358,7,common,0.00823235838706414,0.020058980625962137,0,0,0,0,1,0,LDA,0,1,0
359,8,load,0.007924547499072928,0.0195910047724812,0,0,0,0,1,0,LDA,0,1,0
360,9,typically,0.007848896924029704,0.01947740286023704,0,0,0,0,1,0,LDA,0,1,0
361,10,electricity,0.013802310035810679,0.03411146463850091,1,0,0,0,1,0,LDA,0,1,0
362,11,tube,0.013720804834949763,0.03387957160900737,1,0,0,0,1,0,LDA,0,1,0
363,12,output,0.013591710728690679,0.033515030152555365,1,0,0,0,1,0,LDA,0,1,0
364,13,fire,0.013519793351366004,0.03331340229735951,1,0,0,0,1,0,LDA,0,1,0
365,14,source,0.013113735363172457,0.032194347439825466,1,0,0,0,1,0,LDA,0,1,0
366,15,battery,0.013037432670205679,0.03198770849605252,1,0,0,0,1,0,LDA,0,1,0
367,16,fuel,0.01292401812857561,0.03168267631077548,1,0,0,0,1,0,LDA,0,1,0
368,17,weapon,0.01287899636822216,0.031562286153799766,1,0,0,0,1,0,LDA,0,1,0
369,18,color,0.012467933276120304,0.03048125372284393,1,0,0,0,1,0,LDA,0,1,0
370,19,plant,0.01210720311231608,0.029559222916281037,1,0,0,0,1,0,LDA,0,1,0
371,20,range,0.015492442850266524,0.04247800564598463,2,0,0,0,1,0,LDA,0,1,0
372,21,carry,0.01534898114892231,0.041941328379452913,2,0,0,0,1,0,LDA,0,1,0
373,22,british,0.015207473140262957,0.041418042934918256,2,0,0,0,1,0,LDA,0,1,0
374,23,transport,0.01514208981508904,0.04117828581228487,2,0,0,0,1,0,LDA,0,1,0
375,24,boat,0.015003352851918356,0.040673753006743286,2,0,0,0,1,0,LDA,0,1,0
376,25,space,0.014848324832915196,0.040116690528503904,2,0,0,0,1,0,LDA,0,1,0
377,26,fly,0.014758200727803455,0.03979607761718719,2,0,0,0,1,0,LDA,0,1,0
378,27,military,0.014615608518686412,0.039293621715135514,2,0,0,0,1,0,LDA,0,1,0
379,28,later,0.014553834485996784,0.03907776505278044,2,0,0,0,1,0,LDA,0,1,0
380,29,mill,0.014527471907336796,0.0389859793450816,2,0,0,0,1,0,LDA,0,1,0
381,30,introduce,0.014808426463633175,0.0399906802341449,3,0,0,0,1,0,LDA,0,1,0
382,31,sell,0.014611098074250015,0.039289508713801255,3,0,0,0,1,0,LDA,0,1,0
383,32,like,0.014452416225142787,0.038733852727277265,3,0,0,0,1,0,LDA,0,1,0
384,33,app,0.014347971985391048,0.038372065428014884,3,0,0,0,1,0,LDA,0,1,0
385,34,number,0.014261737873998781,0.03807569882884119,3,0,0,0,1,0,LDA,0,1,0
386,35,platform,0.014176220596427603,0.03778387511679796,3,0,0,0,1,0,LDA,0,1,0
387,36,format,0.014150703421081687,0.03769719828609607,3,0,0,0,1,0,LDA,0,1,0
388,37,apple,0.014099858164769257,0.037525032204484964,3,0,0,0,1,0,LDA,0,1,0
389,38,access,0.01404085457429593,0.037326148823503415,3,0,0,0,1,0,LDA,0,1,0
390,39,hardware,0.013998915383508169,0.03718537511494786,3,0,0,0,1,0,LDA,0,1,0
391,40,approach,0.018675352639735583,0.05503293132942135,4,0,0,0,1,0,LDA,0,1,0
392,41,element,0.01861063349775951,0.05473335086491715,4,0,0,0,1,0,LDA,0,1,0
393,42,value,0.018418837668818563,0.053853864777103806,4,0,0,0,1,0,LDA,0,1,0
394,43,case,0.01831796247196261,0.053396264226687626,4,0,0,0,1,0,LDA,0,1,0
395,44,function,0.018180824053230682,0.05277961445609071,4,0,0,0,1,0,LDA,0,1,0
396,45,effect,0.01809447838355744,0.052394562552815424,4,0,0,0,1,0,LDA,0,1,0
397,46,testing,0.018045455211907514,0.05217704490858994,4,0,0,0,1,0,LDA,0,1,0
398,47,determine,0.017851621713805447,0.051324739938158656,4,0,0,0,1,0,LDA,0,1,0
399,48,field,0.017803717796584722,0.051115996715227666,4,0,0,0,1,0,LDA,0,1,0
400,49,level,0.01775603162519379,0.050908944576634335,4,0,0,0,1,0,LDA,0,1,0
401,50,part,0.018379852140425014,0.05518979794932816,5,0,0,0,1,0,LDA,0,1,0
402,51,dry,0.017897726763033577,0.0528292115919262,5,0,0,0,1,0,LDA,0,1,0
403,52,particle,0.017838241835986767,0.05248657119278341,5,0,0,0,1,0,LDA,0,1,0
404,53,fiber,0.01777675223755851,0.052203242873254216,5,0,0,0,1,0,LDA,0,1,0
405,54,remove,0.01773043151845301,0.05192631120961889,5,0,0,0,1,0,LDA,0,1,0
406,55,liquid,0.017718254833301618,0.051870730464411915,5,0,0,0,1,0,LDA,0,1,0
407,56,coating,0.01753734239146434,0.05105107183184285,5,0,0,0,1,0,LDA,0,1,0
408,57,cell,0.0174896407190724,0.0508368528050111,5,0,0,0,1,0,LDA,0,1,0
409,58,property,0.017301052768132184,0.04999765791733488,5,0,0,0,1,0,LDA,0,1,0
410,59,wire,0.017161884482878812,0.04938622159121205,5,0,0,0,1,0,LDA,0,1,0
411,60,idea,0.014679213823462055,0.0391904935246926,6,0,0,0,1,0,LDA,0,1,0
412,61,communication,0.014622664411692137,0.0388568266828246,6,0,0,0,1,0,LDA,0,1,0
413,62,term,0.01365488824411404,0.03436080087030477,6,0,0,0,1,0,LDA,0,1,0
414,63,focus,0.013558680349271109,0.03408030453666963,6,0,0,0,1,0,LDA,0,1,0
415,64,establish,0.013538763514268736,0.03401479984509119,6,0,0,0,1,0,LDA,0,1,0
416,65,management,0.01337288437326957,0.033537319365982296,6,0,0,0,1,0,LDA,0,1,0
417,66,innovation,0.013248241063170777,0.0331824270975592,6,0,0,0,1,0,LDA,0,1,0
418,67,organization,0.013201879742873032,0.03305127125922893,6,0,0,0,1,0,LDA,0,1,0
419,68,human,0.013163401513628622,0.032942764130997705,6,0,0,0,1,0,LDA,0,1,0
420,69,society,0.013117413528740664,0.032813492329306415,6,0,0,0,1,0,LDA,0,1,0
