article_id,country
0,4
1,0
2,1
3,4
4,5
5,4
6,0
7,4
8,6
9,4
10,5
11,0
12,5
13,1
14,4
15,4
16,3
17,3
18,3
19,4
20,4
21,6
22,2
23,5
24,1
25,2
26,1
27,4
28,3
29,1
30,4
31,0
32,1
33,3
34,2
35,4
36,1
37,4
38,2
39,4
40,1
41,6
42,1
43,0
44,4
45,2
46,6
47,0
48,4
49,5
50,4
51,0
52,3
53,0
54,2
55,5
56,5
57,0
58,5
59,1
60,2
61,4
62,4
63,5
64,5
65,6
66,5
67,5
68,6
69,3
70,4
71,4
72,2
73,1
74,5
75,5
76,2
77,3
78,3
79,0
80,2
81,5
82,5
83,0
84,5
85,0
86,0
87,5
88,4
89,5
90,4
91,3
92,6
93,3
94,2
95,3
96,3
97,5
98,1
99,5
100,5
101,5
102,5
103,1
104,1
105,2
106,2
107,2
108,2
109,3
110,4
111,0
112,1
113,0
114,6
115,3
116,0
117,6
118,4
119,0
120,2
121,2
122,6
123,6
124,0
125,4
126,3
127,5
128,1
129,0
130,0
131,4
132,6
133,6
134,6
135,4
136,3
137,4
138,0
139,5
140,5
141,0
142,5
143,0
144,5
145,1
146,5
147,6
148,0
149,3
150,5
151,6
152,1
153,0
154,0
155,1
156,0
157,0
158,6
159,6
160,5
161,5
162,6
163,2
164,6
165,4
166,5
167,4
168,1
169,0
170,4
171,0
172,0
173,4
174,2
175,3
176,5
177,3
178,1
179,6
180,5
181,0
182,5
183,5
184,3
185,2
186,5
187,2
188,4
189,2
190,2
191,6
192,0
193,2
194,5
195,2
196,1
197,3
198,0
199,6
200,3
201,5
202,0
203,1
204,1
205,6
206,2
207,2
208,6
209,6
210,2
211,3
212,6
213,6
214,5
215,4
216,4
217,5
218,3
219,1
220,0
221,5
222,1
223,5
224,5
225,3
226,3
227,5
228,4
229,2
230,5
231,4
232,5
233,5
234,4
235,4
236,5
237,5
238,6
239,1
240,2
241,5
242,3
243,1
244,1
245,1
246,4
247,3
248,2
249,4
250,4
251,1
252,0
253,0
254,4
255,4
256,4
257,4
258,0
259,3
260,6
261,1
262,6
263,6
264,6
265,4
266,5
267,2
268,0
269,0
270,5
271,1
272,4
273,4
274,6
275,3
276,0
277,3
278,1
279,2
280,0
281,0
282,4
283,3
284,1
285,5
286,0
287,4
288,0
289,3
290,2
291,2
292,1
293,4
294,6
295,5
296,0
297,5
298,2
299,0
300,5
301,5
302,0
303,1
304,1
305,0
306,3
307,3
308,2
309,3
310,3
311,3
312,4
313,3
314,3
315,1
316,1
317,4
318,5
319,5
320,2
321,5
322,5
323,4
324,4
325,6
326,0
327,1
328,3
329,4
330,4
331,3
332,2
333,6
334,6
335,1
336,6
337,6
338,0
339,1
340,1
341,6
342,0
343,0
344,1
345,0
346,6
347,6
348,6
349,6
350,1
351,1
352,0
353,3
354,0
355,3
356,3
357,5
358,3
359,3
360,3
361,2
362,5
363,3
364,2
365,1
366,4
367,0
368,4
369,1
370,1
371,4
372,2
373,4
374,1
375,5
376,5
377,3
378,0
379,3
380,1
381,3
382,4
383,4
384,0
385,3
386,5
387,2
388,4
389,4
390,5
391,4
392,3
393,6
394,5
395,6
396,5
397,2
398,6
399,1
400,5
401,6
402,3
403,3
404,6
405,4
406,1
407,4
408,3
409,6
410,1
411,6
412,6
413,5
414,5
415,3
416,4
417,4
418,0
419,1
420,6
421,1
422,5
423,1
424,4
425,1
426,4
427,4
428,4
429,6
430,1
431,0
432,1
433,4
434,5
435,5
436,4
437,0
438,5
439,6
440,3
441,0
442,2
443,4
444,5
445,1
446,0
447,1
448,1
449,3
450,5
451,0
452,2
453,2
454,6
455,6
456,5
457,5
458,6
459,0
460,2
461,0
462,2
463,0
464,0
465,0
466,0
467,5
468,5
469,4
470,5
471,3
472,1
473,2
474,2
475,2
476,5
477,5
478,3
479,3
480,5
481,1
482,0
483,2
484,4
485,1
486,1
487,3
488,3
489,1
490,5
491,5
492,2
493,6
494,1
495,3
496,6
497,3
498,4
499,1
500,4
501,3
502,3
503,0
504,1
505,3
506,3
507,0
508,0
509,0
510,3
511,0
512,2
513,1
514,1
515,3
516,6
517,6
518,1
519,1
520,3
521,3
522,6
523,4
524,2
525,6
526,3
527,4
528,3
529,0
530,5
531,1
532,1
533,0
534,6
535,0
536,6
537,2
538,2
539,4
540,6
541,4
542,3
543,2
544,2
545,2
546,0
547,3
548,3
549,3
550,3
551,1
552,0
553,4
554,0
555,4
556,3
557,3
558,1
559,5
560,0
561,5
562,2
563,4
564,3
565,6
566,5
567,1
568,4
569,4
570,1
571,4
572,0
573,3
574,0
575,1
576,5
577,3
578,5
579,5
580,5
581,5
582,5
583,3
584,5
585,4
586,6
587,5
588,4
589,6
590,5
591,3
592,5
593,6
594,1
595,0
596,2
597,4
598,0
599,0
600,0
601,0
602,3
603,6
604,4
605,0
606,3
607,3
608,3
609,1
610,1
611,1
612,4
613,6
614,5
615,5
616,5
617,5
618,5
619,2
620,6
621,0
622,0
623,0
624,1
625,1
626,1
627,6
628,5
629,4
630,2
631,1
632,3
633,1
634,5
635,0
636,2
637,6
638,5
639,3
640,0
641,2
642,0
643,2
644,4
645,0
646,0
647,6
648,0
649,0
650,2
651,6
652,6
653,2
654,6
655,6
656,1
657,2
658,0
659,3
660,0
661,2
662,4
663,4
664,3
665,2
666,2
667,4
668,3
669,5
670,0
671,3
672,0
673,2
674,3
675,5
676,6
677,3
678,5
679,3
680,3
681,6
682,3
683,5
684,6
685,5
686,2
687,6
688,6
689,6
690,1
691,5
692,5
693,0
694,0
695,5
696,5
697,1
698,6
699,3
700,0
701,6
702,5
703,4
704,3
705,1
706,5
707,6
708,2
709,2
710,6
711,4
712,6
713,3
714,3
715,3
716,0
717,3
718,4
719,4
720,1
721,5
722,2
723,1
724,2
725,0
726,2
727,3
728,6
729,3
730,2
731,3
732,3
733,3
734,4
735,4
736,3
737,5
738,5
739,5
740,6
741,1
742,5
743,1
744,5
745,3
746,5
747,2
748,4
749,3
750,6
751,3
752,3
753,5
754,6
755,3
756,0
757,1
758,2
759,2
760,6
761,5
762,6
763,2
764,2
765,0
766,1
767,4
768,5
769,4
770,4
771,0
772,2
773,1
774,1
775,2
776,2
777,2
778,2
779,2
780,1
781,4
782,4
783,3
784,4
785,3
786,0
787,2
788,4
789,1
790,1
791,1
792,5
793,3
794,3
795,5
796,5
797,2
798,1
799,3
800,6
801,5
802,0
803,6
804,6
805,1
806,1
807,1
808,4
809,4
810,6
811,4
812,1
813,4
814,5
815,4
816,4
817,4
818,2
819,5
820,5
821,3
822,2
823,6
824,5
825,3
826,3
827,5
828,3
829,6
830,3
831,3
832,2
833,2
834,1
835,0
836,0
837,3
838,5
839,3
840,5
841,3
842,3
843,3
844,3
845,0
846,2
847,3
848,1
849,1
850,6
851,2
852,2
853,2
854,2
855,2
856,2
857,1
858,2
859,2
860,2
861,2
862,2
863,0
864,0
865,2
866,5
867,1
868,3
869,1
870,3
871,5
872,0
873,3
874,0
875,3
876,3
877,2
878,3
879,1
880,6
881,4
882,0
883,0
884,0
885,0
886,6
887,0
888,2
889,0
890,1
891,1
892,1
893,0
894,0
895,0
896,6
897,6
898,5
899,3
900,6
901,0
902,1
903,6
904,0
905,1
906,1
907,1
908,0
909,6
910,2
911,1
912,0
913,0
914,5
915,1
916,1
917,0
918,1
919,4
920,6
921,3
922,6
923,0
924,4
925,1
926,6
927,1
928,5
929,1
930,1
931,1
932,1
933,5
934,2
935,1
936,1
937,5
938,4
939,1
940,6
941,1
942,1
943,0
944,0
945,0
946,3
947,0
948,2
949,1
950,6
951,3
952,1
953,6
954,0
955,3
956,0
957,3
958,4
959,6
960,2
961,2
962,6
963,3
964,6
965,3
966,5
967,6
968,5
969,5
970,4
971,6
972,1
973,1
974,1
975,5
976,3
977,0
978,6
979,3
980,5
981,5
982,0
983,5
984,5
985,0
986,2
987,6
988,6
989,6
990,3
991,4
992,1
993,4
994,0
995,2
996,2
997,2
998,3
999,4
1000,6
1001,4
1002,3
1003,4
1004,1
1005,6
1006,1
1007,1
1008,5
1009,2
1010,0
1011,4
1012,0
1013,0
1014,0
1015,1
1016,4
1017,3
1018,3
1019,2
1020,4
1021,3
1022,1
1023,0
1024,4
1025,2
1026,1
1027,0
1028,5
1029,5
1030,4
1031,3
1032,2
1033,1
1034,2
1035,1
1036,4
1037,3
1038,5
1039,6
1040,6
1041,4
1042,0
1043,3
1044,5
1045,0
1046,3
1047,0
1048,0
1049,5
1050,1
1051,0
1052,6
1053,0
1054,6
1055,4
1056,6
1057,0
1058,3
1059,3
1060,4
1061,6
1062,6
1063,4
1064,6
1065,6
1066,6
1067,6
1068,6
1069,3
1070,6
1071,2
1072,6
1073,6
1074,2
1075,2
1076,6
1077,4
1078,4
1079,4
1080,4
1081,4
1082,3
1083,0
1084,6
1085,4
1086,2
1087,2
1088,6
1089,0
1090,3
1091,0
1092,2
1093,2
1094,2
1095,2
1096,1
1097,1
1098,0
1099,2
1100,6
1101,2
1102,2
1103,3
1104,6
1105,0
1106,5
1107,1
1108,4
1109,5
1110,2
1111,2
1112,4
1113,4
1114,2
1115,3
1116,5
1117,0
1118,0
1119,6
1120,1
1121,4
1122,3
1123,4
1124,2
1125,4
1126,4
1127,4
1128,1
1129,1
1130,5
1131,1
1132,6
1133,6
1134,6
1135,3
1136,6
1137,6
1138,6
1139,0
1140,1
1141,1
1142,1
1143,0
1144,4
1145,4
1146,4
1147,3
1148,6
1149,1
1150,4
1151,0
1152,0
1153,2
1154,0
1155,0
1156,0
1157,5
1158,1
1159,1
1160,6
1161,2
1162,2
1163,6
1164,5
1165,5
1166,5
1167,6
1168,6
1169,0
1170,1
1171,2
1172,4
1173,0
1174,6
1175,4
1176,2
1177,3
1178,1
1179,3
1180,1
1181,1
1182,3
1183,1
1184,6
1185,1
1186,1
1187,0
1188,5
1189,3
1190,1
1191,6
1192,2
1193,2
1194,4
1195,2
1196,1
1197,3
1198,3
1199,4
1200,1
1201,2
1202,2
1203,2
1204,1
1205,2
1206,1
1207,2
1208,1
1209,5
1210,4
1211,2
1212,3
1213,2
1214,6
1215,1
1216,5
1217,0
1218,0
1219,5
1220,5
1221,3
1222,2
1223,5
1224,3
1225,3
1226,5
1227,1
1228,3
1229,4
1230,4
1231,2
1232,3
1233,2
1234,6
1235,3
1236,3
1237,4
1238,2
1239,6
1240,6
1241,5
1242,5
1243,4
1244,6
1245,6
1246,5
1247,1
1248,3
1249,0
1250,5
1251,5
1252,2
1253,3
1254,3
1255,4
1256,0
1257,4
1258,3
1259,5
1260,5
1261,4
1262,6
1263,6
1264,1
1265,0
1266,6
1267,6
1268,6
1269,6
1270,6
1271,5
1272,5
1273,3
1274,3
1275,3
1276,5
1277,4
1278,3
1279,2
1280,2
1281,3
1282,1
1283,6
1284,3
1285,6
1286,3
1287,6
1288,3
1289,3
1290,2
1291,3
1292,1
1293,4
1294,1
1295,4
1296,2
1297,6
1298,5
1299,6
1300,4
1301,4
1302,5
1303,2
1304,1
1305,6
1306,2
1307,5
1308,5
1309,5
1310,5
1311,5
1312,5
1313,0
1314,2
1315,0
1316,6
1317,3
1318,5
1319,1
1320,0
1321,1
1322,0
1323,6
1324,0
1325,2
1326,0
1327,0
1328,4
1329,0
1330,0
1331,4
1332,1
1333,3
1334,6
1335,5
1336,0
1337,5
1338,5
1339,4
1340,6
1341,3
1342,2
1343,2
1344,0
1345,0
1346,6
1347,6
1348,1
1349,6
1350,2
1351,5
1352,5
1353,0
1354,6
1355,4
1356,4
1357,2
1358,6
1359,1
1360,0
1361,0
1362,3
1363,3
1364,5
1365,4
1366,0
1367,1
1368,5
1369,5
1370,3
1371,6
1372,5
1373,1
1374,1
1375,0
1376,0
1377,2
1378,2
1379,4
1380,5
1381,0
1382,6
1383,0
1384,1
1385,2
1386,3
1387,5
1388,3
1389,3
1390,6
1391,5
1392,3
1393,0
1394,6
1395,3
1396,0
1397,0
1398,0
1399,4
1400,1
1401,1
1402,0
1403,0
1404,1
1405,4
1406,3
1407,3
1408,5
1409,4
1410,4
1411,4
1412,4
1413,4
1414,1
1415,2
1416,0
1417,3
1418,3
1419,5
1420,5
1421,6
1422,3
1423,0
1424,1
1425,1
1426,2
1427,2
1428,5
1429,1
1430,5
1431,4
1432,6
1433,3
1434,0
1435,3
1436,3
1437,2
1438,2
1439,2
1440,2
1441,2
1442,4
1443,2
1444,3
1445,3
1446,0
1447,3
1448,1
1449,6
1450,6
1451,6
1452,6
1453,6
1454,3
1455,1
1456,4
1457,1
1458,1
1459,1
1460,1
1461,1
1462,1
1463,1
1464,1
1465,4
1466,1
1467,1
1468,1
1469,1
1470,4
1471,6
1472,6
1473,4
1474,5
1475,6
1476,5
1477,3
1478,0
1479,4
1480,1
1481,4
1482,4
1483,2
1484,6
1485,5
1486,6
1487,6
1488,0
1489,0
1490,2
1491,3
1492,4
1493,4
1494,3
1495,1
1496,3
1497,1
1498,3
1499,3
1500,4
1501,4
1502,3
1503,3
1504,0
1505,0
1506,3
1507,3
1508,2
1509,0
1510,2
1511,5
1512,6
1513,6
1514,3
1515,5
1516,0
1517,6
1518,2
1519,1
1520,2
1521,2
1522,5
1523,0
1524,0
1525,1
1526,1
1527,2
1528,2
1529,4
1530,1
1531,3
1532,1
1533,4
1534,1
1535,3
1536,0
1537,0
1538,0
1539,0
1540,5
1541,6
1542,5
1543,4
1544,5
1545,5
1546,5
1547,5
1548,3
1549,2
1550,3
1551,4
1552,6
1553,2
1554,2
1555,2
1556,0
1557,1
1558,5
1559,3
1560,0
1561,0
1562,3
1563,3
1564,3
1565,2
1566,3
1567,6
1568,4
1569,3
1570,0
1571,3
1572,0
1573,1
1574,3
1575,3
1576,5
1577,5
1578,4
1579,5
1580,5
1581,5
1582,5
1583,5
1584,5
1585,5
1586,5
1587,5
1588,6
1589,1
1590,6
1591,2
1592,4
1593,4
1594,3
1595,0
1596,3
1597,3
1598,0
1599,3
1600,6
1601,6
1602,0
1603,0
1604,0
1605,1
1606,4
1607,2
1608,1
1609,2
1610,1
1611,6
1612,1
1613,6
1614,4
1615,2
1616,6
1617,6
1618,3
1619,3
1620,6
1621,6
1622,6
1623,3
1624,3
1625,1
1626,6
1627,5
1628,1
1629,1
1630,0
1631,1
1632,5
1633,0
1634,2
1635,0
1636,0
1637,1
1638,1
1639,0
1640,5
1641,3
1642,2
1643,3
1644,0
1645,3
1646,0
1647,1
1648,0
1649,1
1650,1
1651,1
1652,1
1653,1
1654,0
1655,1
1656,0
1657,1
1658,1
1659,1
1660,1
1661,4
1662,4
1663,2
1664,0
1665,4
1666,0
1667,0
1668,1
1669,0
1670,2
1671,6
1672,2
1673,0
1674,6
1675,3
1676,0
1677,5
1678,3
1679,0
1680,4
1681,4
1682,1
1683,4
1684,1
1685,1
1686,4
1687,0
1688,1
1689,6
1690,3
1691,3
1692,4
1693,5
1694,6
1695,6
1696,6
1697,6
1698,2
1699,4
1700,0
1701,4
1702,3
1703,0
1704,3
1705,2
1706,1
1707,1
1708,6
1709,0
1710,4
1711,4
1712,4
1713,6
1714,4
1715,4
1716,4
1717,3
1718,2
1719,2
1720,1
1721,4
1722,2
1723,6
1724,3
1725,0
1726,3
1727,4
1728,4
1729,4
1730,5
1731,4
1732,6
1733,0
1734,5
1735,5
1736,2
1737,1
1738,2
1739,2
1740,5
1741,0
1742,0
1743,2
1744,6
1745,5
1746,2
1747,4
1748,2
1749,1
1750,4
1751,2
1752,5
1753,5
1754,3
1755,3
1756,2
1757,5
1758,0
1759,2
1760,2
1761,2
1762,2
1763,6
1764,2
1765,0
1766,0
1767,5
1768,5
1769,4
1770,0
1771,2
1772,0
1773,1
1774,1
1775,1
1776,0
1777,4
1778,4
1779,2
1780,5
1781,3
1782,3
1783,1
1784,0
1785,5
1786,1
1787,3
1788,5
1789,2
1790,5
1791,1
1792,0
1793,2
1794,3
1795,6
1796,6
1797,0
1798,3
1799,1
1800,3
1801,4
1802,5
1803,0
1804,6
1805,4
1806,2
1807,6
1808,6
1809,5
1810,5
1811,5
1812,5
1813,6
1814,6
1815,5
1816,4
1817,6
1818,2
1819,5
1820,5
1821,5
1822,5
1823,6
1824,5
1825,3
1826,1
1827,3
1828,5
1829,4
1830,5
1831,5
1832,6
1833,2
1834,6
1835,2
1836,1
1837,3
1838,3
1839,1
1840,4
1841,1
1842,0
1843,4
1844,3
1845,4
1846,2
1847,1
1848,2
1849,2
1850,4
1851,1
1852,5
1853,5
1854,2
1855,3
1856,1
1857,1
1858,4
1859,2
1860,1
1861,2
1862,0
1863,4
1864,1
1865,1
1866,1
1867,6
1868,3
1869,2
1870,0
1871,2
1872,2
1873,2
1874,2
1875,1
1876,2
1877,6
1878,6
1879,2
1880,1
1881,5
1883,1
1884,2
1885,2
1886,2
1887,4
1888,1
1889,2
1890,1
1891,0
1892,2
1893,2
1894,0
1895,1
1896,1
1897,2
1898,0
1899,0
1900,1
1901,6
1902,2
1903,1
1904,2
1905,2
1906,2
1907,6
1908,2
1909,1
1910,2
1911,1
1912,2
1913,1
1914,1
1915,4
1916,3
1917,3
1918,5
1919,6
1920,0
1921,2
1922,5
1923,1
1924,3
1925,6
1926,0
1927,0
1928,0
1929,0
1930,6
1931,0
1932,6
1933,3
1934,5
1935,5
1936,2
1937,5
1938,4
1939,0
1940,2
1941,1
1942,1
1943,4
1944,2
1945,6
1946,3
1947,2
1948,1
1949,2
1950,5
1951,1
1952,6
1953,6
1954,5
1955,5
1956,6
1957,1
1958,6
1959,0
1960,3
1961,1
1962,5
1963,3
1964,4
1965,3
1966,6
1967,3
1968,5
1969,0
1970,5
1971,3
1972,1
1973,1
1974,5
1975,5
1976,1
1977,1
1978,1
1979,1
1980,1
1981,1
1982,1
1983,1
1984,1
1985,4
1986,5
1987,4
1988,6
1989,0
1990,5
1991,0
1992,5
1993,5
1994,2
1995,2
1996,1
1997,2
1998,1
1999,4
2000,1
2001,6
2002,1
2003,6
2004,2
2005,0
2006,6
2007,0
2008,0
2009,4
2010,1
2011,2
2012,0
2013,1
2014,1
2015,1
2016,0
2017,1
2018,1
2019,6
2020,2
2021,2
2022,1
2023,6
2024,3
2025,3
2026,4
2027,1
2028,6
2029,0
2030,2
2031,1
2032,1
2033,4
2034,1
2035,0
2036,2
2037,2
2038,2
2039,4
2040,0
2041,4
2042,1
2043,1
2044,1
2045,6
2046,0
2047,6
2048,4
2049,1
2050,4
2051,6
2052,6
2053,3
2054,0
2055,2
2056,1
2057,1
2058,4
2059,2
2060,5
2061,6
2062,0
2063,4
2064,5
2065,2
2066,0
2067,1
2068,3
2069,0
2070,2
2071,3
2072,1
2073,1
2074,0
2075,0
2076,3
2077,3
2078,0
2079,2
2080,5
2081,5
2082,5
2083,0
2084,0
2085,2
2086,2
2087,1
2088,2
2089,0
2090,1
2091,5
2092,1
2093,1
2094,1
2095,6
2096,3
2097,3
2098,3
2099,3
2100,5
2101,2
2102,4
2103,3
2104,5
2105,3
2106,3
2107,3
2108,1
2109,2
2110,1
2111,3
2112,2
2113,4
2114,3
2115,4
2116,0
2117,3
2118,6
2119,0
2120,3
2121,0
2122,2
2123,5
2124,2
2125,2
2126,0
2127,2
2128,6
2129,4
2130,3
2131,5
2132,1
2133,4
2134,4
2135,0
2136,3
2137,5
2138,4
2139,3
2140,5
2141,6
2142,5
2143,6
2144,6
2145,0
2146,6
2147,5
2148,6
2149,0
2150,1
2151,6
2152,6
2153,5
2154,1
2155,6
2156,2
2157,2
2158,4
2159,1
2160,1
2161,2
2162,6
2163,5
2164,5
2165,1
2166,6
2167,6
2168,1
2169,5
2170,6
2171,4
2172,0
2173,3
2174,4
2175,1
2176,3
2177,6
2178,1
2179,1
2180,4
2181,3
2182,4
2183,1
2184,2
2185,2
2186,1
2187,1
2188,3
2189,4
2190,4
2191,3
2192,6
2193,3
2194,1
2195,4
2196,1
2197,2
2198,1
2199,3
2200,5
2201,4
2202,4
2203,4
2204,1
2205,1
2206,5
2207,3
2208,1
2209,1
2210,1
2211,0
2212,2
2213,3
2214,4
2215,1
2216,1
2217,2
2218,2
2219,1
2220,2
2221,1
2222,3
2223,2
2224,5
2225,1
2226,6
2227,1
2228,5
2229,4
2230,3
2231,3
2232,6
2233,0
2234,3
2235,6
2236,5
2237,6
2238,6
2239,0
2240,0
2241,5
2242,3
2243,3
2244,2
2245,4
2246,4
2247,3
2248,1
2249,2
2250,3
2251,2
2252,0
2253,1
2254,6
2255,5
2256,2
2257,2
2258,1
2259,1
2260,1
2261,5
2262,1
2263,1
2264,6
2265,6
2266,4
2267,3
2268,1
2269,6
2270,1
2271,4
2272,4
2273,1
2274,3
2275,1
2276,0
2277,5
2278,4
2279,3
2280,3
2281,6
2282,3
2283,6
2284,0
2285,6
2286,5
2287,0
2288,1
2289,1
2290,1
2291,1
2292,1
2293,1
2294,1
2295,3
2296,4
2297,4
2298,1
2299,6
2300,6
2301,2
2302,6
2303,4
2304,3
2305,1
2306,1
2307,2
2308,4
2309,3
2310,4
2311,1
2312,2
2313,1
2314,1
2315,5
2316,5
2317,0
2318,3
2319,5
2320,2
2321,1
2322,3
2323,1
2324,1
2325,1
2326,4
2327,2
2328,4
2329,1
2330,2
2331,3
2332,0
2333,1
2334,3
2335,6
2336,6
2337,0
2338,3
2339,3
2340,3
2341,0
2342,0
2343,6
2344,0
2345,6
2346,5
2347,5
2348,1
2349,1
2350,1
2351,4
2352,3
2353,3
2354,3
2355,1
2356,3
2357,3
2358,3
2359,0
2360,3
2361,6
2362,0
2363,0
2364,0
2365,6
2366,0
2367,0
2368,5
2369,0
2370,3
2371,0
2372,4
2373,1
2374,1
2375,3
2376,1
2377,1
2378,2
2379,0
2380,5
2381,6
2382,5
2383,3
2384,0
2385,0
2386,0
2387,5
2388,1
2389,4
2390,6
2391,2
2392,4
2393,6
2394,6
2395,3
2396,4
2397,0
2398,4
2399,3
2400,0
2401,0
2402,2
2403,0
2404,0
2405,3
2406,3
2407,5
2408,1
2409,5
2410,5
2411,5
2412,3
2413,6
2414,5
2415,5
2416,5
2417,1
2418,5
2419,5
2420,5
2421,6
2422,0
2423,1
2424,0
2425,5
2426,3
2427,5
2428,1
2429,6
2430,1
2431,1
2432,6
2433,4
2434,5
2435,3
2436,1
2437,1
2438,3
2439,0
2440,0
2441,1
2442,1
2443,4
2444,4
2445,2
2446,3
2447,4
2448,5
2449,4
2450,1
2451,6
2452,5
2453,6
2454,0
2455,3
2456,1
2457,3
2458,1
2459,2
2460,3
2461,5
2462,1
2463,3
2464,0
2465,0
2466,0
2467,5
2468,2
2469,2
2470,6
2471,4
2472,3
2473,6
2474,2
2475,2
2476,6
2477,5
2478,0
2479,2
2480,1
2481,1
2482,1
2483,2
2484,6
2485,2
2486,2
2487,1
2488,0
2489,0
2490,0
2491,6
2492,0
2493,2
2494,6
2495,1
2496,1
2497,0
2498,2
2499,0
2500,4
2501,0
2502,0
2503,3
2504,3
2505,1
2506,0
2507,0
2508,0
2509,0
2510,4
2511,3
2512,1
2513,3
2514,0
2515,0
2516,1
2517,1
2518,1
2519,1
2520,4
2521,2
2522,3
2523,3
2524,2
2525,3
2526,4
2527,2
2528,3
2529,5
2530,5
2531,2
2532,2
2533,0
2534,4
2535,6
2536,3
2537,4
2538,0
2539,5
2540,5
2541,3
2542,1
2543,2
2544,1
2545,0
2546,1
2547,6
2548,1
2549,2
2550,0
2551,4
2552,1
2553,2
2554,1
2555,1
2556,5
2557,1
2558,1
2559,1
2560,1
2561,3
2562,1
2563,1
2564,0
2565,1
2566,4
2567,3
2568,6
2569,3
2570,3
2571,5
2572,1
2573,1
2574,5
2575,0
2576,6
2577,6
2578,3
2579,2
2580,3
2581,4
2582,3
2583,1
2584,0
2585,2
2586,3
2587,4
2588,0
2589,0
2590,0
2591,2
2592,0
2593,0
2594,1
2595,1
2596,6
2597,6
2598,3
2599,3
2600,3
2601,3
2602,1
2603,1
2604,1
2605,3
2606,1
2607,1
2608,1
2609,0
2610,0
2611,2
2612,3
2613,6
2614,5
2615,5
2616,5
2617,0
2618,0
2619,0
2620,3
2621,0
2622,1
2623,2
2624,0
2625,5
2626,0
2627,0
2628,6
2629,4
2630,3
2631,2
2632,1
2633,2
2634,1
2635,0
2636,1
2637,1
2638,1
2639,1
2640,6
2641,5
2642,1
2643,0
2644,3
2645,3
2646,5
2647,5
2648,2
2649,5
2650,0
2651,0
2652,3
2653,6
2654,4
2655,4
2656,4
2657,2
2658,0
2659,5
2660,1
2661,6
2662,0
2663,0
2664,2
2665,3
2666,2
2667,3
2668,0
2669,4
2670,4
2671,5
2672,1
2673,3
2674,5
2675,1
2676,1
2677,1
2678,0
2679,6
2680,3
2681,0
2682,4
2683,1
2684,1
2685,3
2686,3
2687,4
2688,3
2689,6
2690,6
2691,2
2692,6
2693,2
2694,5
2695,1
2696,6
2697,0
2698,1
2699,4
2700,0
2701,3
2702,3
2703,4
2704,1
2705,0
2706,0
2707,1
2708,0
2709,4
2710,4
2711,3
2712,6
2713,3
2714,0
2715,3
2716,4
2717,4
2718,4
2719,4
2720,5
2721,3
2722,5
2723,5
2724,4
2725,6
2726,6
2727,6
2728,4
2729,6
2730,6
2731,5
2732,4
2733,1
2734,6
2735,5
2736,5
2737,5
2738,6
2739,2
2740,4
2741,0
2742,1
2743,1
2744,0
2745,1
2746,1
2747,1
2748,1
2749,5
2750,5
2751,3
2752,5
2753,3
2754,5
2755,5
2756,3
2757,6
2758,3
2759,2
2760,5
2761,3
2762,2
2763,0
2764,6
2765,4
2766,2
2767,5
2768,3
2769,4
2770,5
2771,5
2772,3
2773,3
2774,3
2775,1
2776,0
2777,3
2778,0
2779,5
2780,5
2781,1
2782,1
2783,2
2784,2
2785,6
2786,5
2787,1
2788,2
2789,1
2790,6
2791,1
2792,2
2793,1
2794,6
2795,0
2796,0
2797,1
2798,1
2799,6
2800,5
2801,5
2802,2
2803,6
2804,2
2805,3
2806,6
2807,5
2808,1
2809,1
2810,3
2811,3
2812,5
2813,1
2814,0
2815,1
2816,1
2817,2
2818,4
2819,1
2820,2
2821,4
2822,1
2823,2
2824,1
2825,2
2826,1
2827,1
2828,1
2829,5
2830,4
2831,1
2832,0
2833,6
2834,0
2835,2
2836,4
2837,3
2838,0
2839,1
2840,1
2841,4
2842,5
2843,1
2844,5
2845,6
2846,1
2847,3
2848,1
2849,0
2850,4
2851,0
2852,5
2853,2
2854,2
2855,2
2856,2
2857,2
2858,2
2859,0
2860,4
2861,3
2862,4
2863,3
2864,4
2865,4
2866,4
2867,3
2868,0
2869,2
2870,3
2871,4
2872,1
2873,0
2874,6
2875,0
2876,1
2877,2
2878,3
2879,3
2880,5
2881,3
2882,4
2883,1
2884,2
2885,6
2886,1
2887,4
2888,1
2889,2
2890,1
2891,4
2892,3
2893,5
2894,2
2895,1
2896,2
2897,1
2898,2
2899,6
2900,6
2901,2
2902,4
2903,5
2904,6
2905,0
2906,0
2907,1
2908,2
2909,3
2910,1
2911,4
2912,4
2913,4
2914,2
2915,1
2916,1
2917,3
2918,0
2919,3
2920,6
2921,1
2922,6
2923,5
2924,5
2925,1
2926,1
2927,1
2928,3
2929,0
2930,5
2931,5
2932,4
2933,5
2934,5
2935,3
2936,3
2937,3
2938,5
2939,5
2940,3
2941,1
2942,1
2943,2
2944,2
2945,5
2946,4
2947,0
2948,5
2949,0
2950,0
2951,2
2952,0
2953,1
2954,6
2955,5
2956,6
2957,5
2958,3
2959,3
2960,3
2961,3
2962,5
2963,5
2964,5
2965,3
2966,6
2967,5
2968,6
2969,4
2970,5
2971,0
2972,2
2973,3
2974,6
2975,1
2976,2
2977,2
2978,0
2979,2
2980,2
2981,1
2982,1
2983,2
2984,2
2985,2
2986,2
2987,2
2988,2
2989,2
2990,1
2991,0
2992,2
2993,1
2994,2
2995,3
2996,5
2997,1
2998,6
2999,1
3000,0
3001,6
3002,6
3003,6
3004,6
3005,6
3006,4
3007,2
3008,3
3009,3
3010,1
3011,6
3012,5
3013,2
3014,3
3015,0
3016,0
3017,6
3018,1
3019,5
3020,6
3021,6
3022,3
3023,3
3024,4
3025,2
3026,4
3027,0
3028,0
3029,5
3030,0
3031,1
3032,1
3033,1
3034,0
3035,0
3036,1
3037,1
3038,6
3039,6
3040,3
3041,3
3042,3
3043,1
3044,1
3045,1
3046,2
3047,1
3048,0
3049,1
3050,0
3051,0
3052,1
3053,3
3054,0
3055,6
3056,1
3057,1
3058,3
3059,2
3060,2
3061,3
3062,1
3063,6
3064,3
3065,1
3066,1
3067,1
3068,1
3069,1
3070,1
3071,1
3072,0
3073,1
3074,1
3075,1
3076,4
3077,1
3078,1
3079,1
3080,4
3081,4
3082,4
3083,6
3084,1
3085,1
3086,6
3087,3
3088,4
3089,4
3090,1
3091,3
3092,2
3093,3
3094,2
3095,1
3096,4
3097,1
3098,1
3099,2
3100,1
3101,1
3102,1
3103,3
3104,5
3105,5
3106,1
3107,0
3108,0
3109,1
3110,1
3111,1
3112,1
3113,1
3114,4
3115,5
3116,2
3117,1
3118,5
3119,1
3120,1
3121,1
3122,6
3123,1
3124,1
3125,1
3126,1
3127,3
3128,1
3129,1
3130,1
3131,1
3132,2
3133,0
3134,1
3135,1
3136,1
3137,3
3138,3
3139,3
3140,1
3141,4
3142,1
3143,1
3144,0
3145,0
3146,0
3147,5
3148,5
3149,3
3150,0
3151,2
3152,3
3153,6
3154,2
3155,2
3156,2
3157,2
3158,2
3159,2
3160,1
3161,6
3162,2
3163,2
3164,4
3165,0
3166,3
3167,3
3168,3
3169,0
3170,1
3171,1
3172,6
3173,3
3174,4
3175,4
3176,1
3177,6
3178,5
3179,3
3180,1
3181,2
3182,6
3183,6
3184,0
3185,6
3186,4
3187,1
3188,4
3189,4
3190,0
3191,1
3192,3
3193,3
3194,0
3195,1
3196,1
3197,6
3198,1
3199,4
3200,3
3201,4
3202,1
3203,3
3204,2
3205,3
3206,3
3207,5
3208,3
3209,3
3210,3
3211,5
3212,4
3213,4
3214,3
3215,5
3216,3
3217,6
3218,2
3219,4
3220,3
3221,4
3222,6
3223,5
3224,0
3225,5
3226,0
3227,4
3228,0
3229,6
3230,6
3231,4
3232,4
3233,5
3234,4
3235,1
3236,5
3237,1
3238,1
3239,0
3240,6
3241,2
3242,4
3243,1
3244,2
3245,6
3246,1
3247,2
3248,2
3249,0
3250,5
3251,1
3252,1
3253,2
3254,1
3255,4
3256,0
3257,3
3258,6
3259,6
3260,0
3261,5
3262,6
3263,0
3264,5
3265,1
3266,6
3267,0
3268,2
3269,1
3270,4
3271,1
3272,1
3273,4
3274,4
3275,1
3276,1
3277,1
3278,6
3279,1
3280,1
3281,4
3282,2
3283,1
3284,3
3285,1
3286,1
3287,3
3288,0
3289,6
3290,0
3291,2
3292,1
3293,6
3294,6
3295,5
3296,3
3297,0
3298,5
3299,1
3300,0
3301,0
3302,0
3303,0
3304,0
3305,6
3306,1
3307,2
3308,6
3309,3
3310,2
3311,2
3312,4
3313,2
3314,0
3315,6
3316,6
3317,6
3318,0
3319,1
3320,1
3321,1
3322,1
3323,1
3324,5
3325,4
3326,0
3327,0
3328,4
3329,6
3330,1
3331,6
3332,0
3333,6
3334,2
3335,1
3336,2
3337,2
3338,1
3339,0
3340,4
3341,1
3342,4
3343,6
3344,2
3345,2
3346,2
3347,6
3348,4
3349,1
3350,4
3351,2
3352,1
3353,1
3354,5
3355,5
3356,2
3357,0
3358,2
3359,2
3360,2
3361,6
3362,1
3363,6
3364,6
3365,4
3366,1
3367,1
3368,4
3369,1
3370,0
3371,0
3372,0
3373,2
3374,2
3375,2
3376,2
3377,2
3378,2
3379,2
3380,2
3381,2
3382,2
3383,2
3384,4
3385,6
3386,6
3387,2
3388,3
3389,0
3390,3
3391,6
3392,6
3393,2
3394,4
3395,4
3396,4
3397,4
3398,1
3399,2
3400,2
3401,0
3402,1
3403,1
3404,1
3405,1
3406,1
3407,5
3408,2
3409,5
3410,1
3411,3
3412,3
3413,1
3414,6
3415,6
3416,6
3417,6
3418,6
3419,6
3420,6
3421,1
3422,6
3423,6
3424,6
3425,1
3426,4
3427,1
3428,1
3429,2
3430,0
3431,1
3432,4
3433,4
3434,4
3435,4
3436,3
3437,6
3438,0
3439,1
3440,3
3441,2
3442,0
3443,0
3444,0
3445,6
3446,6
3447,1
3448,1
3449,0
3450,2
3451,2
3452,2
3453,1
3454,2
3455,3
3456,2
3457,1
3458,5
3459,2
3460,2
3461,1
3462,5
3463,2
3464,2
3465,2
3466,0
3467,2
3468,4
3469,2
3470,4
3471,0
3472,4
3473,1
3474,1
3475,1
3476,3
3477,2
3478,3
3479,2
3480,6
3481,1
3482,1
3483,2
3484,2
3485,4
3486,2
3487,0
3488,1
3489,6
3490,5
3491,3
3492,4
3493,5
3494,6
3495,3
3496,1
3497,2
3498,0
3499,2
3500,3
3501,1
3502,6
3503,2
3504,2
3505,1
3506,2
3507,2
3508,1
3509,1
3510,1
3511,1
3512,2
3513,6
3514,6
3515,3
3516,0
3517,6
3518,4
3519,2
3520,1
3521,6
3522,3
3523,4
3524,4
3525,2
3526,0
3527,6
3528,1
3529,0
3530,6
3531,3
3532,5
3533,2
3534,1
3535,2
3536,0
3537,1
3538,1
3539,0
3540,3
3541,1
3542,4
3543,3
3544,3
3545,3
3546,4
3547,0
3548,6
3549,2
3550,6
3551,3
3552,3
3553,0
3554,4
3555,1
3556,0
3557,6
3558,1
3559,1
3560,4
3561,1
3562,5
3563,3
3564,3
3565,4
3566,4
3567,1
3568,2
3569,2
3570,0
3571,4
3572,5
3573,1
3574,4
3575,0
3576,6
3577,0
3578,0
3579,6
3580,6
3581,6
3582,6
3583,6
3584,6
3585,6
3586,0
3587,1
3588,0
3589,6
3590,0
3591,2
3592,0
3593,3
3594,3
3595,3
3596,1
3597,3
3598,3
3599,3
3600,1
3601,2
3602,2
3603,6
3604,5
3605,6
3606,6
3607,3
3608,6
3609,6
3610,3
3611,3
3612,6
3613,6
3614,3
3615,3
3616,6
3617,1
3618,5
3619,3
3620,3
3621,3
3622,3
3623,3
3624,3
3625,2
3626,6
3627,6
3628,1
3629,1
3630,1
3631,6
3632,6
3633,2
3634,0
3635,5
3636,6
3637,6
3638,3
3639,5
3640,4
3641,4
3642,1
3643,2
3644,5
3645,5
3646,6
3647,4
3648,0
3649,1
3650,3
3651,3
3652,2
3653,5
3654,6
3655,6
3656,3
3657,6
3658,6
3659,0
3660,2
3661,1
3662,0
3663,0
3664,0
3665,0
3666,0
3667,0
3668,0
3669,1
3670,0
3671,1
3672,0
3673,0
3674,2
3675,2
3676,0
3677,0
3678,4
3679,0
3680,3
3681,3
3682,5
3683,2
3684,3
3685,3
3686,1
3687,2
3688,5
3689,1
3690,2
3691,6
3692,2
3693,3
3694,6
3695,2
3696,1
3697,0
3698,1
3699,6
3700,0
3701,6
3702,1
3703,6
3704,2
3705,3
3706,5
3707,4
3708,6
3709,1
3710,1
3711,2
3712,0
3713,4
3714,6
3715,0
3716,4
3717,0
3718,6
3719,4
3720,1
3721,3
3722,1
3723,0
3724,0
3725,1
3726,3
3727,4
3728,1
3729,3
3730,6
3731,6
3732,1
3733,3
3734,6
3735,1
3736,1
3737,4
3738,5
3739,5
3740,5
3741,1
3742,6
3743,0
3744,0
3745,2
3746,6
3747,2
3748,3
3749,0
3750,4
3751,5
3752,3
3753,3
3754,5
3755,5
3756,1
3757,1
3758,6
3759,6
3760,1
3761,0
3762,2
3763,5
3764,0
3765,1
3766,6
3767,2
3768,2
3769,0
3770,1
3771,1
3772,0
3773,1
3774,5
3775,6
3776,6
3777,1
3778,0
3779,5
3780,4
3781,4
3782,1
3783,3
3784,6
3785,2
3786,4
3787,2
3788,0
3789,1
3790,1
3791,4
3792,1
3793,6
3794,3
3795,4
3796,5
3797,3
3798,3
3799,4
3800,5
3801,3
3802,6
3803,0
3804,5
3805,4
3806,2
3807,4
3808,3
3809,4
3810,1
3811,1
3812,1
3813,1
3814,1
3815,1
3816,1
3817,5
3818,2
3819,6
3820,4
3821,1
3822,2
3823,0
3824,1
3825,1
3826,1
3827,5
3828,3
3829,1
3830,0
3831,3
3832,3
3833,3
3834,3
3835,4
3836,4
3837,2
3838,2
3839,3
3840,4
3841,2
3842,2
3843,2
3844,2
3845,2
3846,2
3847,2
3848,2
3849,2
3850,2
3851,2
3852,2
3853,2
3854,2
3855,2
3856,2
3857,2
3858,2
3859,2
3860,2
3861,2
3862,2
3863,2
3864,2
3865,2
3866,2
3867,2
3868,2
3869,2
3870,2
3871,2
3872,1
3873,1
3874,4
3875,6
3876,1
3877,1
3878,1
3879,1
3880,3
3881,2
3882,4
3883,1
3884,1
3885,6
3886,1
3887,0
3888,1
3889,1
3890,3
3891,1
3892,1
3893,1
3894,1
3895,4
3896,1
3897,1
3898,1
3899,1
3900,1
3901,1
3902,1
3903,1
3904,1
3905,1
3906,1
3907,1
3908,1
3909,1
3910,4
3911,1
3912,1
3913,1
3914,1
3915,1
3916,1
3917,1
3918,1
3919,1
3920,1
3921,1
3922,1
3923,1
3924,1
3925,1
3926,1
3927,4
3928,1
3929,1
3930,1
3931,1
3932,1
3933,1
3934,1
3935,2
3936,3
3937,5
3938,3
3939,1
3940,4
3941,4
3942,3
3943,1
3944,5
3945,1
3946,1
3947,2
3948,6
3949,3
3950,3
3951,2
3952,1
3953,6
3954,3
3955,3
3956,4
3957,3
3958,6
3959,4
3960,3
3961,1
3962,1
3963,0
3964,0
3965,3
3966,0
3967,1
3968,3
3969,0
3970,0
3971,0
3972,0
3973,0
3974,1
3975,3
3976,5
3977,1
3978,6
3979,1
3980,3
3981,3
3982,6
3983,1
3984,2
3985,0
3986,5
3987,3
3988,3
3989,6
3990,2
3991,2
3992,2
3993,1
3994,1
3995,4
3996,6
3997,0
3998,5
3999,0
4000,4
4001,1
4002,0
4003,1
4004,1
4005,3
4006,6
4007,3
4008,0
4009,5
4010,1
4011,2
4012,0
4013,6
4014,2
4015,6
4016,1
4017,2
4018,6
4019,0
4020,2
4021,0
4022,0
4023,2
4024,0
4025,5
4026,4
4027,0
4028,2
4029,0
4030,0
4031,4
4032,5
4033,5
4034,5
4035,5
4036,5
4037,6
4038,3
4039,3
4040,3
4041,6
4042,2
4043,2
4044,2
4045,0
4046,1
4047,3
4048,1
4049,5
4050,6
4051,1
4052,3
4053,4
4054,2
4055,6
4056,2
4057,0
4058,6
4059,2
4060,5
4061,2
4062,3
4063,3
4064,0
4065,4
4066,6
4067,2
4068,3
4069,6
4070,1
4071,0
4072,3
4073,6
4074,3
4075,3
4076,1
4077,4
4078,4
4079,3
4080,3
4081,4
4082,3
4083,5
4084,4
4085,4
4086,3
4087,3
4088,1
4089,3
4090,6
4091,1
4092,5
4093,5
4094,4
4095,1
4096,5
4097,0
4098,6
4099,3
4100,5
4101,4
4102,2
4103,5
4104,5
4105,3
4106,2
4107,2
4108,4
4109,5
4110,0
4111,2
4112,3
4113,0
4114,3
4115,3
4116,1
4117,1
4118,6
4119,6
4120,3
4121,6
4122,5
4123,6
4124,6
4125,6
4126,3
4127,0
4128,1
4129,3
4130,1
4131,1
4132,1
4133,3
4134,4
4135,3
4136,5
4137,4
4138,3
4139,1
4140,2
4141,2
4142,5
4143,6
4144,6
4145,0
4146,0
4147,0
4148,0
4149,1
4150,1
4151,2
4152,0
4153,3
4154,0
4155,0
4156,0
4157,0
4158,4
4159,3
4160,1
4161,0
4162,6
4163,3
4164,1
4165,1
4166,0
4167,0
4168,3
4169,0
4170,6
4171,0
4172,0
4173,0
4174,1
4175,1
4176,1
4177,1
4178,1
4179,1
4180,0
4181,0
4182,4
4183,1
4184,1
4185,0
4186,0
4187,1
4188,1
4189,0
4190,1
4191,1
4192,1
4193,1
4194,1
4195,1
4196,1
4197,0
4198,1
4199,0
4200,1
4201,4
4202,4
4203,0
4204,1
4205,1
4206,1
4207,0
4208,0
4209,1
4210,0
4211,1
4212,1
4213,0
4214,2
4215,1
4216,2
4217,1
4218,1
4219,1
4220,5
4221,2
4222,3
4223,6
4224,3
4225,0
4226,6
4227,6
4228,5
4229,4
4230,3
4231,1
4232,0
4233,5
4234,4
4235,1
4236,1
4237,4
4238,1
4239,1
4240,1
4241,2
4242,1
4243,0
4244,1
4245,1
4246,1
4247,0
4248,5
4249,1
4250,1
4251,1
4252,0
4253,1
4254,4
4255,1
4256,6
4257,0
4258,6
4259,3
4260,3
4261,6
4262,3
4263,6
4264,6
4265,3
4266,3
4267,0
4268,3
4269,6
4270,6
4271,6
4272,6
4273,6
4274,6
4275,1
4276,4
4277,1
4278,1
4279,1
4280,1
4281,2
4282,0
4283,4
4284,4
4285,0
4286,0
4287,2
4288,4
4289,5
4290,2
4291,3
4292,4
4293,1
4294,4
4295,3
4296,0
4297,3
4298,5
4299,2
4300,2
4301,4
4302,2
4303,5
4304,3
4305,4
4306,2
4307,5
4308,3
4309,4
4310,6
4311,5
4312,0
4313,5
4314,2
4315,0
4316,0
4317,0
4318,0
4319,3
4320,6
4321,1
4322,1
4323,2
4324,1
4325,3
4326,6
4327,2
4328,3
4329,1
4330,3
4331,1
4332,5
4333,0
4334,4
4335,0
4336,5
4337,5
4338,5
4339,5
4340,4
4341,3
4342,3
4343,0
4344,1
4345,1
4346,1
4347,2
4348,1
4349,6
4350,5
4351,5
4352,0
4353,6
4354,3
4355,1
4356,1
4357,2
4358,2
4359,5
4360,0
4361,2
4362,2
4363,5
4364,1
4365,1
4366,0
4367,1
4368,5
4369,1
4370,1
4371,3
4372,3
4373,0
4374,0
4375,1
4376,5
4377,5
4378,4
4379,1
4380,5
4381,5
4382,3
4383,3
4384,3
4385,3
4386,6
4387,3
4388,3
4389,1
4390,3
4391,5
4392,6
4393,3
4394,5
4395,5
4396,1
4397,3
4398,0
4399,5
4400,1
4401,5
4402,1
4403,1
4404,3
4405,2
4406,3
4407,0
4408,0
4409,4
4410,1
4411,1
4412,6
4413,1
4414,4
4415,1
4416,2
4417,1
4418,1
4419,0
4420,2
4421,1
4422,6
4423,5
4424,3
4425,2
4426,4
4427,1
4428,6
4429,5
4430,5
4431,5
4432,0
4433,5
4434,5
4435,1
4436,5
4437,5
4438,5
4439,2
4440,2
4441,5
4442,5
4443,2
4444,4
4445,6
4446,2
4447,3
4448,4
4449,5
4450,0
4451,3
4452,3
4453,5
4454,3
4455,5
4456,4
4457,5
4458,1
4459,6
4460,5
4461,5
4462,5
4463,2
4464,3
4465,0
4466,4
4467,0
4468,1
4469,3
4470,0
4471,3
4472,3
4473,1
4474,1
4475,4
4476,1
4477,6
4478,4
4479,5
4480,1
4481,3
4482,4
4483,1
4484,6
4485,1
4486,2
4487,6
4488,1
4489,4
4490,2
4491,5
4492,4
4493,1
4494,2
4495,3
4496,4
4497,3
4498,1
4499,2
4500,2
4501,1
4502,2
4503,0
4504,4
4505,0
4506,6
4507,1
4508,1
4509,1
4510,1
4511,2
4512,6
4513,3
4514,2
4515,0
4516,1
4517,1
4518,1
4519,6
4520,3
4521,1
4522,2
4523,2
4524,1
4525,1
4526,1
4527,2
4528,1
4529,5
4530,2
4531,5
4532,2
4533,1
4534,2
4535,3
4536,2
4537,2
4538,2
4539,1
4541,2
4542,6
4543,2
4544,1
4545,2
4546,2
4547,2
4548,1
4549,2
4550,6
4551,2
4552,3
4553,2
4554,2
4555,2
4556,2
4557,5
4558,1
4559,1
4560,1
4561,0
4562,1
4563,3
4564,1
4565,6
4566,1
4567,0
4568,1
4569,2
4570,1
4571,4
4572,1
4573,3
4574,3
4575,3
4576,3
4577,1
4578,1
4579,6
4580,1
4581,5
4582,0
4583,5
4584,6
4585,2
4586,1
4587,4
4588,1
4589,0
4590,1
4591,1
4592,1
4593,3
4594,4
4595,1
4596,2
4597,1
4598,3
4599,4
4600,3
4601,6
4602,3
4603,1
4604,1
4605,3
4606,6
4607,1
4608,4
4609,4
4610,3
4611,2
4612,4
4613,2
4614,1
4615,4
4616,1
4617,6
4618,0
4619,4
4620,1
4621,2
4622,3
4623,2
4624,5
4625,3
4626,1
4627,5
4628,4
4629,3
4630,1
4631,3
4632,1
4633,3
4634,1
4635,4
4636,4
4637,3
4638,4
4639,0
4640,4
4641,1
4642,3
4643,6
4644,4
4645,4
4646,1
4647,3
4648,5
4649,3
4650,1
4651,0
4652,3
4653,0
4654,1
4655,1
4656,2
4657,3
4658,3
4659,3
4660,2
4661,1
4662,3
4663,3
4664,3
4665,3
4666,4
4667,4
4668,4
4669,5
4670,3
4671,1
4672,1
4673,1
4674,4
4675,3
4676,4
4677,5
4678,5
4679,3
4680,3
4681,4
4682,1
4683,0
4684,4
4685,1
4686,2
4687,4
4688,1
4689,1
4690,1
4691,3
4692,1
4693,3
4694,4
4695,2
4696,5
4697,6
4698,0
4699,6
4700,3
4701,4
4702,4
4703,3
4704,2
4705,4
4706,2
4707,1
4708,1
4709,1
4710,3
4711,1
4712,4
4713,6
4714,1
4715,4
4716,2
4717,1
4718,3
4719,6
4720,2
4721,6
4722,3
4723,6
4724,3
4725,0
4726,6
4727,2
4728,3
4729,1
4730,1
4731,1
4732,4
4733,4
4734,2
4735,4
4736,4
4737,3
4738,4
4739,1
4740,4
4741,3
4742,3
4743,5
4744,4
4745,5
4746,3
4747,1
4748,3
4749,4
4750,6
4751,5
4752,0
4753,4
4754,6
4755,0
4756,3
4757,3
4758,1
4759,6
4760,3
4761,6
4762,0
4763,1
4764,1
4765,5
4766,3
4767,3
4768,3
4769,4
4770,1
4771,3
4772,3
4773,4
4774,4
4775,4
4776,2
4777,4
4778,6
4779,2
4780,1
4781,3
4782,1
4783,3
4784,1
4785,1
4786,2
4787,1
4788,1
4789,3
4790,2
4791,2
4792,3
4793,1
4794,3
4795,4
