,country,h_cat,keyphrases,keywords,kmeans_augmented,kmeans_plain,label,links,tfidf
0,0,1.0,0.0,0.0,0.0,1.0,online services,0.0,0.008475504350123751
1,0,1.0,0.0,0.0,0.0,1.0,internet companies,0.0,0.008106947133589306
2,0,1.0,0.0,0.0,0.0,1.0,companies by industry and year of establishment,0.0,0.008055534405417833
3,0,1.0,0.0,0.0,0.0,1.0,economics by year,0.0,0.007977434397010777
4,0,1.0,0.0,0.0,0.0,1.0,companies by year of establishment,0.0,0.007644304444220281
5,0,1.0,0.0,0.0,0.0,1.0,internet companies by country,0.0,0.007550267869114766
6,0,1.0,0.0,0.0,0.0,1.0,technology companies by year of establishment,0.0,0.007506562752811162
7,0,1.0,0.0,0.0,0.0,1.0,websites,0.0,0.00704543750875245
8,0,1.0,0.0,0.0,0.0,1.0,telecommunications companies by year of establishment,0.0,0.007015156959455679
9,0,1.0,0.0,0.0,0.0,1.0,internet companies of the united states,0.0,0.0070085467105738515
10,0,1.0,0.0,0.0,0.0,1.0,media companies by year of establishment,0.0,0.006955477030067314
11,0,1.0,0.0,0.0,0.0,1.0,computer companies by year of establishment,0.0,0.006952145346626101
12,0,1.0,0.0,0.0,0.0,1.0,information technology companies by country,0.0,0.006762462356060614
13,0,1.0,0.0,0.0,0.0,1.0,internet properties by year of establishment,0.0,0.006761106681954494
14,0,1.0,0.0,0.0,0.0,1.0,information technology companies of the united states,0.0,0.006520871117587464
15,0,1.0,0.0,0.0,0.0,1.0,establishments by year,0.0,0.0064163689772690395
16,0,1.0,0.0,0.0,0.0,1.0,companies of the united states by city,0.0,0.006351175385500209
17,0,1.0,0.0,0.0,0.0,1.0,computer-related introductions by year,0.0,0.006245054434982411
18,0,1.0,0.0,0.0,0.0,1.0,e-commerce,0.0,0.006036499413241866
19,0,1.0,0.0,0.0,0.0,1.0,2000s establishments,0.0,0.006030052232374082
20,1,1.0,0.0,0.0,0.0,1.0,human–computer interaction,0.0,0.013060198045353832
21,1,1.0,0.0,0.0,0.0,1.0,digital marketing,0.0,0.012801815087472447
22,1,1.0,0.0,0.0,0.0,1.0,world wide web,0.0,0.012306527789583164
23,1,1.0,0.0,0.0,0.0,1.0,information economy,0.0,0.011895806124228994
24,1,1.0,0.0,0.0,0.0,1.0,marketing,0.0,0.011855913416299262
25,1,1.0,0.0,0.0,0.0,1.0,information science,0.0,0.011618233036384411
26,1,1.0,0.0,0.0,0.0,1.0,information,0.0,0.011431432170745208
27,1,1.0,0.0,0.0,0.0,1.0,digital media,0.0,0.011297521370251348
28,1,1.0,0.0,0.0,0.0,1.0,information society,0.0,0.011256768438984393
29,1,1.0,0.0,0.0,0.0,1.0,web 2.0,0.0,0.011120398190969424
30,1,1.0,0.0,0.0,0.0,1.0,hypertext,0.0,0.010959134687165932
31,1,1.0,0.0,0.0,0.0,1.0,human communication,0.0,0.010664206278800565
32,1,1.0,0.0,0.0,0.0,1.0,marketing by medium,0.0,0.01034460617718749
33,1,1.0,0.0,0.0,0.0,1.0,business economics,0.0,0.010249293873334989
34,1,1.0,0.0,0.0,0.0,1.0,market (economics),0.0,0.010050878516439718
35,1,1.0,0.0,0.0,0.0,1.0,advertising by medium,0.0,0.00983852856751889
36,1,1.0,0.0,0.0,0.0,1.0,online advertising,0.0,0.009697751998602393
37,1,1.0,0.0,0.0,0.0,1.0,information technology management,0.0,0.009634517608701399
38,1,1.0,0.0,0.0,0.0,1.0,categories by type,0.0,0.009091303223500213
39,1,1.0,0.0,0.0,0.0,1.0,artificial intelligence,0.0,0.008953716764274842
40,2,1.0,0.0,0.0,0.0,1.0,internet architecture,0.0,0.01967916267176793
41,2,1.0,0.0,0.0,0.0,1.0,internet protocols,0.0,0.018991626648683414
42,2,1.0,0.0,0.0,0.0,1.0,telecommunications,0.0,0.01843564453501179
43,2,1.0,0.0,0.0,0.0,1.0,internet standards,0.0,0.01811284077929324
44,2,1.0,0.0,0.0,0.0,1.0,networking standards,0.0,0.017625422686765764
45,2,1.0,0.0,0.0,0.0,1.0,network protocols,0.0,0.016933168799039954
46,2,1.0,0.0,0.0,0.0,1.0,communications protocols,0.0,0.015621197904277604
47,2,1.0,0.0,0.0,0.0,1.0,protocols by osi layer,0.0,0.015092910696782542
48,2,1.0,0.0,0.0,0.0,1.0,network architecture,0.0,0.014646923838594682
49,2,1.0,0.0,0.0,0.0,1.0,computer networking,0.0,0.014505937263484332
50,2,1.0,0.0,0.0,0.0,1.0,wide area networks,0.0,0.01363883997565105
51,2,1.0,0.0,0.0,0.0,1.0,it infrastructure,0.0,0.013469463304744678
52,2,1.0,0.0,0.0,0.0,1.0,computing,0.0,0.012411458108061945
53,2,1.0,0.0,0.0,0.0,1.0,internet,0.0,0.012288987942570542
54,2,1.0,0.0,0.0,0.0,1.0,media technology,0.0,0.01180888513014197
55,2,1.0,0.0,0.0,0.0,1.0,information technology,0.0,0.011481182555488937
56,2,1.0,0.0,0.0,0.0,1.0,cyberspace,0.0,0.011350049542675182
57,2,1.0,0.0,0.0,0.0,1.0,cultural globalization,0.0,0.01119247561530586
58,2,1.0,0.0,0.0,0.0,1.0,computer security,0.0,0.011006545780609975
59,2,1.0,0.0,0.0,0.0,1.0,data transmission,0.0,0.010950219021733841
60,3,1.0,0.0,0.0,0.0,1.0,computer law,0.0,0.012213169175189293
61,3,1.0,0.0,0.0,0.0,1.0,digital rights,0.0,0.0104864789321252
62,3,1.0,0.0,0.0,0.0,1.0,file sharing,0.0,0.00965703855351101
63,3,1.0,0.0,0.0,0.0,1.0,cyberpunk themes,0.0,0.00945462733810724
64,3,1.0,0.0,0.0,0.0,1.0,law by issue,0.0,0.009401714625378383
65,3,1.0,0.0,0.0,0.0,1.0,cybercrime,0.0,0.008972316115584633
66,3,1.0,0.0,0.0,0.0,1.0,cyberwarfare,0.0,0.008904372889973275
67,3,1.0,0.0,0.0,0.0,1.0,internet ethics,0.0,0.008718513837646689
68,3,1.0,0.0,0.0,0.0,1.0,internet culture,0.0,0.008699589070685946
69,3,1.0,0.0,0.0,0.0,1.0,crimes,0.0,0.00845014412470101
70,3,1.0,0.0,0.0,0.0,1.0,intellectual property law,0.0,0.008372140405432198
71,3,1.0,0.0,0.0,0.0,1.0,telecommunications law,0.0,0.008369444731097256
72,3,1.0,0.0,0.0,0.0,1.0,politics and technology,0.0,0.008302336629647028
73,3,1.0,0.0,0.0,0.0,1.0,criminal law,0.0,0.00747987042312021
74,3,1.0,0.0,0.0,0.0,1.0,data laws,0.0,0.007458412134898488
75,3,1.0,0.0,0.0,0.0,1.0,internet activism,0.0,0.007300935153742616
76,3,1.0,0.0,0.0,0.0,1.0,regulation of technologies,0.0,0.007242677757280361
77,3,1.0,0.0,0.0,0.0,1.0,computing and society,0.0,0.0072336372265497636
78,3,1.0,0.0,0.0,0.0,1.0,human rights by issue,0.0,0.00722851908289384
79,3,1.0,0.0,0.0,0.0,1.0,crime by type,0.0,0.007100732273396914
80,4,1.0,0.0,0.0,0.0,1.0,history of the internet,0.0,0.0069525394766326975
81,4,1.0,0.0,0.0,0.0,1.0,websites by topic,0.0,0.0067073884435598944
82,4,1.0,0.0,0.0,0.0,1.0,entertainment websites,0.0,0.006131185682851091
83,4,1.0,0.0,0.0,0.0,1.0,computing culture,0.0,0.006095231081695087
84,4,1.0,0.0,0.0,0.0,1.0,internet humor,0.0,0.005913494492890881
85,4,1.0,0.0,0.0,0.0,1.0,works by topic,0.0,0.00577804723038222
86,4,1.0,0.0,0.0,0.0,1.0,humour,0.0,0.005512309220342023
87,4,1.0,0.0,0.0,0.0,1.0,media in the united states,0.0,0.005506157117667936
88,4,1.0,0.0,0.0,0.0,1.0,popular culture,0.0,0.005477843730532723
89,4,1.0,0.0,0.0,0.0,1.0,years,0.0,0.005244955563359026
90,4,1.0,0.0,0.0,0.0,1.0,main topic classifications,0.0,0.005217891301346535
91,4,1.0,0.0,0.0,0.0,1.0,cultures,0.0,0.005109418107664269
92,4,1.0,0.0,0.0,0.0,1.0,people,0.0,0.004789923151948063
93,4,1.0,0.0,0.0,0.0,1.0,people by status,0.0,0.004738099002645607
94,4,1.0,0.0,0.0,0.0,1.0,life,0.0,0.004711721233112943
95,4,1.0,0.0,0.0,0.0,1.0,media studies,0.0,0.0046628156180401155
96,4,1.0,0.0,0.0,0.0,1.0,nature,0.0,0.004619856045864249
97,4,1.0,0.0,0.0,0.0,1.0,20th-century births,0.0,0.004619356844942404
98,4,1.0,0.0,0.0,0.0,1.0,victims,0.0,0.004566166458202654
99,4,1.0,0.0,0.0,0.0,1.0,living people,0.0,0.004566166458202654
100,5,1.0,0.0,0.0,0.0,1.0,domain names,0.0,0.043752480917316046
101,5,1.0,0.0,0.0,0.0,1.0,domain name system,0.0,0.042835756934611856
102,5,1.0,0.0,0.0,0.0,1.0,top-level domains,0.0,0.04272076780244218
103,5,1.0,0.0,0.0,0.0,1.0,1 (number),0.0,0.04125346720733095
104,5,1.0,0.0,0.0,0.0,1.0,internet assigned numbers authority,0.0,0.04070299316146046
105,5,1.0,0.0,0.0,0.0,1.0,country code top-level domains,0.0,0.034151585513183626
106,5,1.0,0.0,0.0,0.0,1.0,domain name stubs,0.0,0.029132558442480725
107,5,1.0,0.0,0.0,0.0,1.0,communications by country,0.0,0.026671032887952934
108,5,1.0,0.0,0.0,0.0,1.0,internet stubs,0.0,0.025805225238934845
109,5,1.0,0.0,0.0,0.0,1.0,computer network stubs,0.0,0.02500598128768517
110,5,1.0,0.0,0.0,0.0,1.0,communication stubs,0.0,0.02488924804077351
111,5,1.0,0.0,0.0,0.0,1.0,telecommunications by country,0.0,0.021222241413497944
112,5,1.0,0.0,0.0,0.0,1.0,media by country and type,0.0,0.020797968574732126
113,5,1.0,0.0,0.0,0.0,1.0,science and technology by country,0.0,0.02065715996308219
114,5,1.0,0.0,0.0,0.0,1.0,computer-related introductions by decade,0.0,0.020002160683114414
115,5,1.0,0.0,0.0,0.0,1.0,internet by continent,0.0,0.01993159294408884
116,5,1.0,0.0,0.0,0.0,1.0,product introductions by year,0.0,0.019858064571845278
117,5,1.0,0.0,0.0,0.0,1.0,information technology by country,0.0,0.019652468741862255
118,5,1.0,0.0,0.0,0.0,1.0,wikipedia maintenance,0.0,0.01914167765830969
119,5,1.0,0.0,0.0,0.0,1.0,stub categories,0.0,0.01914167765830969
120,6,1.0,0.0,0.0,0.0,1.0,web software,0.0,0.01585608621211365
121,6,1.0,0.0,0.0,0.0,1.0,software,0.0,0.014447455326185653
122,6,1.0,0.0,0.0,0.0,1.0,web browsers,0.0,0.014031515927383343
123,6,1.0,0.0,0.0,0.0,1.0,hypertext transfer protocol clients,0.0,0.013782423784123593
124,6,1.0,0.0,0.0,0.0,1.0,browsers,0.0,0.013159270718271696
125,6,1.0,0.0,0.0,0.0,1.0,communication software,0.0,0.012785538227990976
126,6,1.0,0.0,0.0,0.0,1.0,web technology,0.0,0.012425453544339498
127,6,1.0,0.0,0.0,0.0,1.0,software by platform,0.0,0.011905271661025367
128,6,1.0,0.0,0.0,0.0,1.0,internet protocol based network software,0.0,0.011897385702556095
129,6,1.0,0.0,0.0,0.0,1.0,web development,0.0,0.01167827946514752
130,6,1.0,0.0,0.0,0.0,1.0,markup languages,0.0,0.011349718382886599
131,6,1.0,0.0,0.0,0.0,1.0,software engineering,0.0,0.0111966153819295
132,6,1.0,0.0,0.0,0.0,1.0,application software,0.0,0.0111110790313698
133,6,1.0,0.0,0.0,0.0,1.0,world wide web consortium standards,0.0,0.011082678546880038
134,6,1.0,0.0,0.0,0.0,1.0,free software,0.0,0.010863020726478219
135,6,1.0,0.0,0.0,0.0,1.0,computer libraries,0.0,0.010731059552226207
136,6,1.0,0.0,0.0,0.0,1.0,software development,0.0,0.010486064692260409
137,6,1.0,0.0,0.0,0.0,1.0,web standards,0.0,0.009955302875215982
138,6,1.0,0.0,0.0,0.0,1.0,computer standards,0.0,0.009702335736583207
139,6,1.0,0.0,0.0,0.0,1.0,software by company,0.0,0.009684750738760645
0,0,0.0,1.0,0.0,0.0,1.0,company,0.0,0.009391359320329895
1,0,0.0,1.0,0.0,0.0,1.0,service,0.0,0.005691252159496414
2,0,0.0,1.0,0.0,0.0,1.0,launched,0.0,0.005266634347285233
3,0,0.0,1.0,0.0,0.0,1.0,inc,0.0,0.005057778021773634
4,0,0.0,1.0,0.0,0.0,1.0,acquired,0.0,0.004902998874958762
5,0,0.0,1.0,0.0,0.0,1.0,announced,0.0,0.004367042704920669
6,0,0.0,1.0,0.0,0.0,1.0,platform,0.0,0.004285639333482336
7,0,0.0,1.0,0.0,0.0,1.0,app,0.0,0.004075962418380323
8,0,0.0,1.0,0.0,0.0,1.0,music,0.0,0.003991242011218666
9,0,0.0,1.0,0.0,0.0,1.0,founded,0.0,0.0035663840913413842
10,0,0.0,1.0,0.0,0.0,1.0,ceo,0.0,0.0032748286103898424
11,0,0.0,1.0,0.0,0.0,1.0,acquisition,0.0,0.003248098439019858
12,0,0.0,1.0,0.0,0.0,1.0,capital,0.0,0.0031845519684025746
13,0,0.0,1.0,0.0,0.0,1.0,sold,0.0,0.003122932119245319
14,0,0.0,1.0,0.0,0.0,1.0,yahoo,0.0,0.0031024154951513967
15,0,0.0,1.0,0.0,0.0,1.0,business,0.0,0.0031005293447591543
16,0,0.0,1.0,0.0,0.0,1.0,april,0.0,0.002992739573026777
17,0,0.0,1.0,0.0,0.0,1.0,products,0.0,0.002990065852055848
18,0,0.0,1.0,0.0,0.0,1.0,ventures,0.0,0.0029837044368197087
19,0,0.0,1.0,0.0,0.0,1.0,october,0.0,0.0029236199442323843
20,1,0.0,1.0,0.0,0.0,1.0,information,0.0,0.005681973731243392
21,1,0.0,1.0,0.0,0.0,1.0,online,0.0,0.005083500717353537
22,1,0.0,1.0,0.0,0.0,1.0,content,0.0,0.004883372912564281
23,1,0.0,1.0,0.0,0.0,1.0,people,0.0,0.004209087503794546
24,1,0.0,1.0,0.0,0.0,1.0,user,0.0,0.004178362235019955
25,1,0.0,1.0,0.0,0.0,1.0,marketing,0.0,0.004008036557278114
26,1,0.0,1.0,0.0,0.0,1.0,advertising,0.0,0.003995036616420339
27,1,0.0,1.0,0.0,0.0,1.0,social,0.0,0.003986656115889152
28,1,0.0,1.0,0.0,0.0,1.0,search,0.0,0.00397261432449112
29,1,0.0,1.0,0.0,0.0,1.0,google,0.0,0.0037889341965117386
30,1,0.0,1.0,0.0,0.0,1.0,search engines,0.0,0.003723515121848744
31,1,0.0,1.0,0.0,0.0,1.0,websites,0.0,0.0035124203284536046
32,1,0.0,1.0,0.0,0.0,1.0,consumers,0.0,0.003469868724144523
33,1,0.0,1.0,0.0,0.0,1.0,ad,0.0,0.0034420044383326443
34,1,0.0,1.0,0.0,0.0,1.0,research,0.0,0.0031501096213402756
35,1,0.0,1.0,0.0,0.0,1.0,use,0.0,0.003052487149593912
36,1,0.0,1.0,0.0,0.0,1.0,relevant,0.0,0.0030076954459744266
37,1,0.0,1.0,0.0,0.0,1.0,customer,0.0,0.002999764177457223
38,1,0.0,1.0,0.0,0.0,1.0,model,0.0,0.0029350455384114255
39,1,0.0,1.0,0.0,0.0,1.0,social media,0.0,0.002840116813554035
40,2,0.0,1.0,0.0,0.0,1.0,network,0.0,0.008055672438113448
41,2,0.0,1.0,0.0,0.0,1.0,protocol,0.0,0.008039531053277633
42,2,0.0,1.0,0.0,0.0,1.0,rfc,0.0,0.0076605894820286615
43,2,0.0,1.0,0.0,0.0,1.0,packet,0.0,0.0064429737428499485
44,2,0.0,1.0,0.0,0.0,1.0,internet,0.0,0.0051224994470507315
45,2,0.0,1.0,0.0,0.0,1.0,connection,0.0,0.004902225031457911
46,2,0.0,1.0,0.0,0.0,1.0,tcp,0.0,0.004850865243417743
47,2,0.0,1.0,0.0,0.0,1.0,ip,0.0,0.004243316504633016
48,2,0.0,1.0,0.0,0.0,1.0,traffic,0.0,0.004224122085629078
49,2,0.0,1.0,0.0,0.0,1.0,ietf,0.0,0.004214822730888254
50,2,0.0,1.0,0.0,0.0,1.0,message,0.0,0.004009090177138187
51,2,0.0,1.0,0.0,0.0,1.0,ipv6,0.0,0.0039134435317657425
52,2,0.0,1.0,0.0,0.0,1.0,authentication,0.0,0.0038966345750333677
53,2,0.0,1.0,0.0,0.0,1.0,dns,0.0,0.0038568752694004864
54,2,0.0,1.0,0.0,0.0,1.0,data,0.0,0.003840694599186715
55,2,0.0,1.0,0.0,0.0,1.0,client,0.0,0.00372551585981986
56,2,0.0,1.0,0.0,0.0,1.0,routing,0.0,0.003679654594776312
57,2,0.0,1.0,0.0,0.0,1.0,ipv4,0.0,0.003579425023590918
58,2,0.0,1.0,0.0,0.0,1.0,address,0.0,0.0034610533496567887
59,2,0.0,1.0,0.0,0.0,1.0,routers,0.0,0.003426865328237583
60,3,0.0,1.0,0.0,0.0,1.0,law,0.0,0.004977039668985028
61,3,0.0,1.0,0.0,0.0,1.0,security,0.0,0.003821801196477245
62,3,0.0,1.0,0.0,0.0,1.0,tor,0.0,0.0036896316343548786
63,3,0.0,1.0,0.0,0.0,1.0,act,0.0,0.003564314534532245
64,3,0.0,1.0,0.0,0.0,1.0,privacy,0.0,0.003543768773364115
65,3,0.0,1.0,0.0,0.0,1.0,attack,0.0,0.0034897441565303043
66,3,0.0,1.0,0.0,0.0,1.0,software,0.0,0.003465201185015869
67,3,0.0,1.0,0.0,0.0,1.0,legal,0.0,0.0033681754599847458
68,3,0.0,1.0,0.0,0.0,1.0,censorship,0.0,0.0033681754599847458
69,3,0.0,1.0,0.0,0.0,1.0,bittorrent,0.0,0.0033502884435094144
70,3,0.0,1.0,0.0,0.0,1.0,blocking,0.0,0.0031939679991200027
71,3,0.0,1.0,0.0,0.0,1.0,access,0.0,0.003172023955762978
72,3,0.0,1.0,0.0,0.0,1.0,illegal,0.0,0.0031244249419458896
73,3,0.0,1.0,0.0,0.0,1.0,anonymous,0.0,0.003098432367302124
74,3,0.0,1.0,0.0,0.0,1.0,police,0.0,0.0030131327643122484
75,3,0.0,1.0,0.0,0.0,1.0,malware,0.0,0.002936231837995872
76,3,0.0,1.0,0.0,0.0,1.0,bitcoin,0.0,0.002843364525386404
77,3,0.0,1.0,0.0,0.0,1.0,copyright,0.0,0.002691701486888001
78,3,0.0,1.0,0.0,0.0,1.0,court,0.0,0.0026856962572932605
79,3,0.0,1.0,0.0,0.0,1.0,system,0.0,0.002631902566939974
80,4,0.0,1.0,0.0,0.0,1.0,youtube,0.0,0.004407694705946972
81,4,0.0,1.0,0.0,0.0,1.0,series,0.0,0.004099498033117307
82,4,0.0,1.0,0.0,0.0,1.0,site,0.0,0.00393723786668977
83,4,0.0,1.0,0.0,0.0,1.0,video,0.0,0.0037939016687947723
84,4,0.0,1.0,0.0,0.0,1.0,book,0.0,0.003647082542343193
85,4,0.0,1.0,0.0,0.0,1.0,episodes,0.0,0.003533716529004053
86,4,0.0,1.0,0.0,0.0,1.0,television,0.0,0.0032257580847043
87,4,0.0,1.0,0.0,0.0,1.0,twitter,0.0,0.002992000867291868
88,4,0.0,1.0,0.0,0.0,1.0,film,0.0,0.002808253180830824
89,4,0.0,1.0,0.0,0.0,1.0,season,0.0,0.002783099253900329
90,4,0.0,1.0,0.0,0.0,1.0,american,0.0,0.002754945824688277
91,4,0.0,1.0,0.0,0.0,1.0,character,0.0,0.0027417374600909156
92,4,0.0,1.0,0.0,0.0,1.0,articles,0.0,0.0026592983879956144
93,4,0.0,1.0,0.0,0.0,1.0,facebook,0.0,0.002555931922435317
94,4,0.0,1.0,0.0,0.0,1.0,released,0.0,0.0025121283483788732
95,4,0.0,1.0,0.0,0.0,1.0,created,0.0,0.0024366987754078
96,4,0.0,1.0,0.0,0.0,1.0,news,0.0,0.0023919972201036604
97,4,0.0,1.0,0.0,0.0,1.0,interviews,0.0,0.0023855136462002818
98,4,0.0,1.0,0.0,0.0,1.0,published,0.0,0.002365374467071309
99,4,0.0,1.0,0.0,0.0,1.0,premiered,0.0,0.0023512028108609584
100,5,0.0,1.0,0.0,0.0,1.0,domain,0.0,0.01912414404751599
101,5,0.0,1.0,0.0,0.0,1.0,iana,0.0,0.017164222069699298
102,5,0.0,1.0,0.0,0.0,1.0,level domain,0.0,0.01535125178284078
103,5,0.0,1.0,0.0,0.0,1.0,whois information,0.0,0.015300195137917687
104,5,0.0,1.0,0.0,0.0,1.0,registration,0.0,0.014738355320797964
105,5,0.0,1.0,0.0,0.0,1.0,internet country code,0.0,0.014176791585367391
106,5,0.0,1.0,0.0,0.0,1.0,level domain cctld,0.0,0.014050963732045082
107,5,0.0,1.0,0.0,0.0,1.0,domain names,0.0,0.012830436443075145
108,5,0.0,1.0,0.0,0.0,1.0,icann,0.0,0.01280312932960676
109,5,0.0,1.0,0.0,0.0,1.0,second level domains,0.0,0.01274834695378395
110,5,0.0,1.0,0.0,0.0,1.0,cctld,0.0,0.012258025917099954
111,5,0.0,1.0,0.0,0.0,1.0,registry,0.0,0.012221879113617568
112,5,0.0,1.0,0.0,0.0,1.0,tld,0.0,0.011424779255555887
113,5,0.0,1.0,0.0,0.0,1.0,external links,0.0,0.010013939945557142
114,5,0.0,1.0,0.0,0.0,1.0,registered,0.0,0.008725166161932458
115,5,0.0,1.0,0.0,0.0,1.0,registrars,0.0,0.008381719694615491
116,5,0.0,1.0,0.0,0.0,1.0,country code level domain,0.0,0.008296515889405989
117,5,0.0,1.0,0.0,0.0,1.0,names,0.0,0.008224578307390755
118,5,0.0,1.0,0.0,0.0,1.0,references,0.0,0.007738753465664116
119,5,0.0,1.0,0.0,0.0,1.0,government,0.0,0.007620023838324224
120,6,0.0,1.0,0.0,0.0,1.0,browser,0.0,0.010385240467866683
121,6,0.0,1.0,0.0,0.0,1.0,version,0.0,0.007781864704838697
122,6,0.0,1.0,0.0,0.0,1.0,web browser,0.0,0.0072053819411567925
123,6,0.0,1.0,0.0,0.0,1.0,support,0.0,0.0068332396708994944
124,6,0.0,1.0,0.0,0.0,1.0,javascript,0.0,0.0063834790831386766
125,6,0.0,1.0,0.0,0.0,1.0,html,0.0,0.006292286524808123
126,6,0.0,1.0,0.0,0.0,1.0,firefox,0.0,0.006013025580470251
127,6,0.0,1.0,0.0,0.0,1.0,internet explorer,0.0,0.005971175021979349
128,6,0.0,1.0,0.0,0.0,1.0,web,0.0,0.0058958422461002765
129,6,0.0,1.0,0.0,0.0,1.0,features,0.0,0.005467290313179217
130,6,0.0,1.0,0.0,0.0,1.0,specification,0.0,0.005248947348009648
131,6,0.0,1.0,0.0,0.0,1.0,w3c,0.0,0.005229757193903624
132,6,0.0,1.0,0.0,0.0,1.0,server,0.0,0.005201889405112887
133,6,0.0,1.0,0.0,0.0,1.0,code,0.0,0.005000662104899896
134,6,0.0,1.0,0.0,0.0,1.0,css,0.0,0.004772916060838907
135,6,0.0,1.0,0.0,0.0,1.0,api,0.0,0.004650546438971841
136,6,0.0,1.0,0.0,0.0,1.0,mozilla,0.0,0.0045687771077249015
137,6,0.0,1.0,0.0,0.0,1.0,page,0.0,0.004532561465627887
138,6,0.0,1.0,0.0,0.0,1.0,project,0.0,0.004416524546060783
139,6,0.0,1.0,0.0,0.0,1.0,xml,0.0,0.004403021535796961
0,0,0.0,0.0,1.0,0.0,1.0,company,0.0,0.00837333157104473
1,0,0.0,0.0,1.0,0.0,1.0,launched,0.0,0.00805025625133098
2,0,0.0,0.0,1.0,0.0,1.0,announced,0.0,0.007068195200978846
3,0,0.0,0.0,1.0,0.0,1.0,acquired,0.0,0.006381232597685991
4,0,0.0,0.0,1.0,0.0,1.0,business,0.0,0.006373305888258645
5,0,0.0,0.0,1.0,0.0,1.0,new,0.0,0.006103536387160782
6,0,0.0,0.0,1.0,0.0,1.0,ceo,0.0,0.005945583993361991
7,0,0.0,0.0,1.0,0.0,1.0,service,0.0,0.005743817997495019
8,0,0.0,0.0,1.0,0.0,1.0,website,0.0,0.005726992546548403
9,0,0.0,0.0,1.0,0.0,1.0,november,0.0,0.005351487257171049
10,0,0.0,0.0,1.0,0.0,1.0,september,0.0,0.005279006494155839
11,0,0.0,0.0,1.0,0.0,1.0,year,0.0,0.005259908310610254
12,0,0.0,0.0,1.0,0.0,1.0,december,0.0,0.005249240475924457
13,0,0.0,0.0,1.0,0.0,1.0,april,0.0,0.005187231775430616
14,0,0.0,0.0,1.0,0.0,1.0,june,0.0,0.005060905790061759
15,0,0.0,0.0,1.0,0.0,1.0,app,0.0,0.005060509627378943
16,0,0.0,0.0,1.0,0.0,1.0,october,0.0,0.005051020804532284
17,0,0.0,0.0,1.0,0.0,1.0,market,0.0,0.004976661057988345
18,0,0.0,0.0,1.0,0.0,1.0,march,0.0,0.004893034711710723
19,0,0.0,0.0,1.0,0.0,1.0,venture,0.0,0.004862915000715301
20,1,0.0,0.0,1.0,0.0,1.0,references,0.0,0.004628107952759875
21,1,0.0,0.0,1.0,0.0,1.0,example,0.0,0.0043139436083691795
22,1,0.0,0.0,1.0,0.0,1.0,different,0.0,0.004073118289449514
23,1,0.0,0.0,1.0,0.0,1.0,results,0.0,0.003988992862118127
24,1,0.0,0.0,1.0,0.0,1.0,site,0.0,0.0038117019718374103
25,1,0.0,0.0,1.0,0.0,1.0,like,0.0,0.003579326146766745
26,1,0.0,0.0,1.0,0.0,1.0,online,0.0,0.003530802248089006
27,1,0.0,0.0,1.0,0.0,1.0,products,0.0,0.00352475634061
28,1,0.0,0.0,1.0,0.0,1.0,ways,0.0,0.0035175172445025193
29,1,0.0,0.0,1.0,0.0,1.0,research,0.0,0.0034927308045095747
30,1,0.0,0.0,1.0,0.0,1.0,generated,0.0,0.003464383161279924
31,1,0.0,0.0,1.0,0.0,1.0,allows,0.0,0.0034561008245020037
32,1,0.0,0.0,1.0,0.0,1.0,create,0.0,0.0034497450857721213
33,1,0.0,0.0,1.0,0.0,1.0,technology,0.0,0.0034361704609678287
34,1,0.0,0.0,1.0,0.0,1.0,based,0.0,0.003407306898241249
35,1,0.0,0.0,1.0,0.0,1.0,content,0.0,0.0033964251999024585
36,1,0.0,0.0,1.0,0.0,1.0,needs,0.0,0.0032727474141697587
37,1,0.0,0.0,1.0,0.0,1.0,types,0.0,0.0032151327700964713
38,1,0.0,0.0,1.0,0.0,1.0,tools,0.0,0.003191606252340825
39,1,0.0,0.0,1.0,0.0,1.0,consumer,0.0,0.003163104168778584
40,2,0.0,0.0,1.0,0.0,1.0,protocol,0.0,0.00908955584694177
41,2,0.0,0.0,1.0,0.0,1.0,rfc,0.0,0.0074754049320832116
42,2,0.0,0.0,1.0,0.0,1.0,network,0.0,0.007174280016712037
43,2,0.0,0.0,1.0,0.0,1.0,connections,0.0,0.005794444131160622
44,2,0.0,0.0,1.0,0.0,1.0,provide,0.0,0.005779137990429148
45,2,0.0,0.0,1.0,0.0,1.0,address,0.0,0.00521783017876372
46,2,0.0,0.0,1.0,0.0,1.0,secure,0.0,0.005179584524886732
47,2,0.0,0.0,1.0,0.0,1.0,tcp,0.0,0.005171888802017663
48,2,0.0,0.0,1.0,0.0,1.0,standard,0.0,0.00484512802313774
49,2,0.0,0.0,1.0,0.0,1.0,operating,0.0,0.004822475435984275
50,2,0.0,0.0,1.0,0.0,1.0,uses,0.0,0.004741006091653812
51,2,0.0,0.0,1.0,0.0,1.0,implementation,0.0,0.004684984350630235
52,2,0.0,0.0,1.0,0.0,1.0,packets,0.0,0.004684505869240145
53,2,0.0,0.0,1.0,0.0,1.0,data,0.0,0.004436066378473577
54,2,0.0,0.0,1.0,0.0,1.0,ipv,0.0,0.0043989286224504175
55,2,0.0,0.0,1.0,0.0,1.0,links,0.0,0.004269462037032851
56,2,0.0,0.0,1.0,0.0,1.0,dns,0.0,0.004117413443080015
57,2,0.0,0.0,1.0,0.0,1.0,isp,0.0,0.004117343020048895
58,2,0.0,0.0,1.0,0.0,1.0,communication,0.0,0.004091606395385883
59,2,0.0,0.0,1.0,0.0,1.0,point,0.0,0.003923116330902451
60,3,0.0,0.0,1.0,0.0,1.0,states,0.0,0.004976145470901121
61,3,0.0,0.0,1.0,0.0,1.0,united,0.0,0.004437786349806011
62,3,0.0,0.0,1.0,0.0,1.0,law,0.0,0.0044360777603874735
63,3,0.0,0.0,1.0,0.0,1.0,act,0.0,0.004178990151937615
64,3,0.0,0.0,1.0,0.0,1.0,legal,0.0,0.0039032107734916608
65,3,0.0,0.0,1.0,0.0,1.0,group,0.0,0.0037194981648570147
66,3,0.0,0.0,1.0,0.0,1.0,according,0.0,0.0035256414077438607
67,3,0.0,0.0,1.0,0.0,1.0,reported,0.0,0.0035137213364670565
68,3,0.0,0.0,1.0,0.0,1.0,public,0.0,0.0034315750232205185
69,3,0.0,0.0,1.0,0.0,1.0,order,0.0,0.003317588086334127
70,3,0.0,0.0,1.0,0.0,1.0,access,0.0,0.0032847932879263007
71,3,0.0,0.0,1.0,0.0,1.0,attacks,0.0,0.003204509500613197
72,3,0.0,0.0,1.0,0.0,1.0,case,0.0,0.0032005708312873313
73,3,0.0,0.0,1.0,0.0,1.0,protection,0.0,0.003154576636944336
74,3,0.0,0.0,1.0,0.0,1.0,software,0.0,0.003069015730404464
75,3,0.0,0.0,1.0,0.0,1.0,court,0.0,0.003036719549935294
76,3,0.0,0.0,1.0,0.0,1.0,activity,0.0,0.003017650168309902
77,3,0.0,0.0,1.0,0.0,1.0,number,0.0,0.0029511385533446486
78,3,0.0,0.0,1.0,0.0,1.0,official,0.0,0.002921055852555119
79,3,0.0,0.0,1.0,0.0,1.0,national,0.0,0.0028689054368066106
80,4,0.0,0.0,1.0,0.0,1.0,post,0.0,0.004604176284059969
81,4,0.0,0.0,1.0,0.0,1.0,times,0.0,0.004422675623773478
82,4,0.0,0.0,1.0,0.0,1.0,media,0.0,0.004094813278701217
83,4,0.0,0.0,1.0,0.0,1.0,people,0.0,0.004078666787820648
84,4,0.0,0.0,1.0,0.0,1.0,youtube,0.0,0.0039678885023438255
85,4,0.0,0.0,1.0,0.0,1.0,awards,0.0,0.0037680449044126788
86,4,0.0,0.0,1.0,0.0,1.0,video,0.0,0.0036391922726527275
87,4,0.0,0.0,1.0,0.0,1.0,film,0.0,0.003451695610893323
88,4,0.0,0.0,1.0,0.0,1.0,world,0.0,0.00340521675052763
89,4,0.0,0.0,1.0,0.0,1.0,work,0.0,0.0033999738245015297
90,4,0.0,0.0,1.0,0.0,1.0,called,0.0,0.003368878652233743
91,4,0.0,0.0,1.0,0.0,1.0,american,0.0,0.003241208764854993
92,4,0.0,0.0,1.0,0.0,1.0,later,0.0,0.003218755354834599
93,4,0.0,0.0,1.0,0.0,1.0,story,0.0,0.003211552457861228
94,4,0.0,0.0,1.0,0.0,1.0,book,0.0,0.003198480340561306
95,4,0.0,0.0,1.0,0.0,1.0,critical,0.0,0.003164680388848885
96,4,0.0,0.0,1.0,0.0,1.0,day,0.0,0.0031450505706136418
97,4,0.0,0.0,1.0,0.0,1.0,following,0.0,0.003133002829384759
98,4,0.0,0.0,1.0,0.0,1.0,life,0.0,0.0031079539914786077
99,4,0.0,0.0,1.0,0.0,1.0,january,0.0,0.0030997688495187866
100,5,0.0,0.0,1.0,0.0,1.0,domains,0.0,0.033844912492461215
101,5,0.0,0.0,1.0,0.0,1.0,level domain,0.0,0.02707737725477281
102,5,0.0,0.0,1.0,0.0,1.0,registration,0.0,0.024334644501622406
103,5,0.0,0.0,1.0,0.0,1.0,names,0.0,0.021650306347799967
104,5,0.0,0.0,1.0,0.0,1.0,icann,0.0,0.01732457259805117
105,5,0.0,0.0,1.0,0.0,1.0,cctld,0.0,0.01682402548522537
106,5,0.0,0.0,1.0,0.0,1.0,registry,0.0,0.01673900393629421
107,5,0.0,0.0,1.0,0.0,1.0,registered,0.0,0.016665306828019515
108,5,0.0,0.0,1.0,0.0,1.0,tld,0.0,0.014911041158092126
109,5,0.0,0.0,1.0,0.0,1.0,registrars,0.0,0.013068908312565096
110,5,0.0,0.0,1.0,0.0,1.0,internet,0.0,0.011200736380010184
111,5,0.0,0.0,1.0,0.0,1.0,second,0.0,0.010834787210169028
112,5,0.0,0.0,1.0,0.0,1.0,country,0.0,0.009896586096855406
113,5,0.0,0.0,1.0,0.0,1.0,information,0.0,0.009087319277776567
114,5,0.0,0.0,1.0,0.0,1.0,institutions,0.0,0.008812166274458565
115,5,0.0,0.0,1.0,0.0,1.0,iana,0.0,0.008405351502352946
116,5,0.0,0.0,1.0,0.0,1.0,gtld,0.0,0.008284806531284236
117,5,0.0,0.0,1.0,0.0,1.0,government,0.0,0.008131246492292046
118,5,0.0,0.0,1.0,0.0,1.0,organizations,0.0,0.008008130224500495
119,5,0.0,0.0,1.0,0.0,1.0,entities,0.0,0.007932261344734123
120,6,0.0,0.0,1.0,0.0,1.0,browsers,0.0,0.009349153448854416
121,6,0.0,0.0,1.0,0.0,1.0,version,0.0,0.009345211169253083
122,6,0.0,0.0,1.0,0.0,1.0,html,0.0,0.009212859027496663
123,6,0.0,0.0,1.0,0.0,1.0,support,0.0,0.008395969175988737
124,6,0.0,0.0,1.0,0.0,1.0,features,0.0,0.007783422874692759
125,6,0.0,0.0,1.0,0.0,1.0,developers,0.0,0.0073545989423271394
126,6,0.0,0.0,1.0,0.0,1.0,javascript,0.0,0.007081358422097833
127,6,0.0,0.0,1.0,0.0,1.0,firefox,0.0,0.006924877868902591
128,6,0.0,0.0,1.0,0.0,1.0,windows,0.0,0.006703952403721476
129,6,0.0,0.0,1.0,0.0,1.0,web,0.0,0.006433283193007824
130,6,0.0,0.0,1.0,0.0,1.0,microsoft,0.0,0.006419634662293086
131,6,0.0,0.0,1.0,0.0,1.0,application,0.0,0.006292700957715517
132,6,0.0,0.0,1.0,0.0,1.0,user,0.0,0.006011162254714202
133,6,0.0,0.0,1.0,0.0,1.0,google,0.0,0.005974661029031193
134,6,0.0,0.0,1.0,0.0,1.0,mozilla,0.0,0.005960280148715087
135,6,0.0,0.0,1.0,0.0,1.0,code,0.0,0.005839604861295022
136,6,0.0,0.0,1.0,0.0,1.0,page,0.0,0.005766127897468758
137,6,0.0,0.0,1.0,0.0,1.0,released,0.0,0.0056598141144661215
138,6,0.0,0.0,1.0,0.0,1.0,include,0.0,0.005538062560830267
139,6,0.0,0.0,1.0,0.0,1.0,server,0.0,0.005472578366168054
0,0,0.0,0.0,0.0,0.0,1.0,facebook,1.0,0.02871464861920704
1,0,0.0,0.0,0.0,0.0,1.0,new york city,1.0,0.024242893848355963
2,0,0.0,0.0,0.0,0.0,1.0,android,1.0,0.02148886704026184
3,0,0.0,0.0,0.0,0.0,1.0,e-commerce,1.0,0.0213220571919315
4,0,0.0,0.0,0.0,0.0,1.0,united states,1.0,0.018705059224111815
5,0,0.0,0.0,0.0,0.0,1.0,san francisco,1.0,0.017257784933622147
6,0,0.0,0.0,0.0,0.0,1.0,yahoo!,1.0,0.016742391809765174
7,0,0.0,0.0,0.0,0.0,1.0,ebay,1.0,0.015589752230919978
8,0,0.0,0.0,0.0,0.0,1.0,london,1.0,0.015530605560862889
9,0,0.0,0.0,0.0,0.0,1.0,forbes,1.0,0.014975040826755758
10,0,0.0,0.0,0.0,0.0,1.0,cloud computing,1.0,0.01422041271763978
11,0,0.0,0.0,0.0,0.0,1.0,skype,1.0,0.012578274433070804
12,0,0.0,0.0,0.0,0.0,1.0,california,1.0,0.012406231464737185
13,0,0.0,0.0,0.0,0.0,1.0,united kingdom,1.0,0.011741143058393563
14,0,0.0,0.0,0.0,0.0,1.0,amazon,1.0,0.011425422308426516
15,0,0.0,0.0,0.0,0.0,1.0,techcrunch,1.0,0.011325032874104406
16,0,0.0,0.0,0.0,0.0,1.0,mobile app,1.0,0.011228581310347175
17,0,0.0,0.0,0.0,0.0,1.0,amazon.com,1.0,0.010876667766853455
18,0,0.0,0.0,0.0,0.0,1.0,india,1.0,0.010207801191224703
19,0,0.0,0.0,0.0,0.0,1.0,apple inc.,1.0,0.009963671318734223
20,1,0.0,0.0,0.0,0.0,1.0,world wide web,1.0,0.03267278176664505
21,1,0.0,0.0,0.0,0.0,1.0,website,1.0,0.03225098487333758
22,1,0.0,0.0,0.0,0.0,1.0,google,1.0,0.026176596472777827
23,1,0.0,0.0,0.0,0.0,1.0,search engine,1.0,0.022759061830791162
24,1,0.0,0.0,0.0,0.0,1.0,search engine optimization,1.0,0.022391947314380836
25,1,0.0,0.0,0.0,0.0,1.0,online advertising,1.0,0.017910561848156793
26,1,0.0,0.0,0.0,0.0,1.0,social media,1.0,0.017669966785295466
27,1,0.0,0.0,0.0,0.0,1.0,marketing,1.0,0.01518298098205342
28,1,0.0,0.0,0.0,0.0,1.0,web 2.0,1.0,0.01367795321382977
29,1,0.0,0.0,0.0,0.0,1.0,hyperlink,1.0,0.0128743301603054
30,1,0.0,0.0,0.0,0.0,1.0,algorithm,1.0,0.012434502921663428
31,1,0.0,0.0,0.0,0.0,1.0,internet forum,1.0,0.011869036241984113
32,1,0.0,0.0,0.0,0.0,1.0,mobile device,1.0,0.011287181828402186
33,1,0.0,0.0,0.0,0.0,1.0,web analytics,1.0,0.011098551825617555
34,1,0.0,0.0,0.0,0.0,1.0,metadata,1.0,0.011009415442845805
35,1,0.0,0.0,0.0,0.0,1.0,software,1.0,0.011001787518894421
36,1,0.0,0.0,0.0,0.0,1.0,linkedin,1.0,0.010923407306053476
37,1,0.0,0.0,0.0,0.0,1.0,database,1.0,0.010326294358362912
38,1,0.0,0.0,0.0,0.0,1.0,php,1.0,0.009947602337330743
39,1,0.0,0.0,0.0,0.0,1.0,advertising,1.0,0.00986537940054894
40,2,0.0,0.0,0.0,0.0,1.0,internet engineering task force,1.0,0.041347120910552
41,2,0.0,0.0,0.0,0.0,1.0,internet service provider,1.0,0.034140925459253055
42,2,0.0,0.0,0.0,0.0,1.0,transmission control protocol,1.0,0.031199463438873195
43,2,0.0,0.0,0.0,0.0,1.0,ipv6,1.0,0.030801666593230456
44,2,0.0,0.0,0.0,0.0,1.0,internet protocol,1.0,0.02729953050901405
45,2,0.0,0.0,0.0,0.0,1.0,ip address,1.0,0.02717239247026239
46,2,0.0,0.0,0.0,0.0,1.0,transport layer security,1.0,0.026172274367669397
47,2,0.0,0.0,0.0,0.0,1.0,ipv4,1.0,0.024224726705910676
48,2,0.0,0.0,0.0,0.0,1.0,ietf,1.0,0.021693923380474
49,2,0.0,0.0,0.0,0.0,1.0,computer network,1.0,0.020282852516210207
50,2,0.0,0.0,0.0,0.0,1.0,communications protocol,1.0,0.019434374012240182
51,2,0.0,0.0,0.0,0.0,1.0,arpanet,1.0,0.01790126900945866
52,2,0.0,0.0,0.0,0.0,1.0,internet exchange point,1.0,0.017247891336335287
53,2,0.0,0.0,0.0,0.0,1.0,authentication,1.0,0.016658034867634442
54,2,0.0,0.0,0.0,0.0,1.0,email,1.0,0.01506834201694747
55,2,0.0,0.0,0.0,0.0,1.0,user datagram protocol,1.0,0.014652126220517687
56,2,0.0,0.0,0.0,0.0,1.0,internet protocol suite,1.0,0.014652126220517687
57,2,0.0,0.0,0.0,0.0,1.0,peering,1.0,0.013321527785322107
58,2,0.0,0.0,0.0,0.0,1.0,routing,1.0,0.01209975291958339
59,2,0.0,0.0,0.0,0.0,1.0,wi-fi,1.0,0.011294102234182934
60,3,0.0,0.0,0.0,0.0,1.0,tor,1.0,0.026874531440792895
61,3,0.0,0.0,0.0,0.0,1.0,bittorrent,1.0,0.022244387438076493
62,3,0.0,0.0,0.0,0.0,1.0,the guardian,1.0,0.0218158408083893
63,3,0.0,0.0,0.0,0.0,1.0,malware,1.0,0.021575792614141415
64,3,0.0,0.0,0.0,0.0,1.0,peer-to-peer,1.0,0.02059846274074206
65,3,0.0,0.0,0.0,0.0,1.0,electronic frontier foundation,1.0,0.01974068605387882
66,3,0.0,0.0,0.0,0.0,1.0,new york times,1.0,0.017916354293861927
67,3,0.0,0.0,0.0,0.0,1.0,national security agency,1.0,0.01755539929917049
68,3,0.0,0.0,0.0,0.0,1.0,copyright,1.0,0.015214679392614422
69,3,0.0,0.0,0.0,0.0,1.0,wired,1.0,0.015176336921879374
70,3,0.0,0.0,0.0,0.0,1.0,cryptocurrency,1.0,0.01479834358779982
71,3,0.0,0.0,0.0,0.0,1.0,torrentfreak,1.0,0.01479834358779982
72,3,0.0,0.0,0.0,0.0,1.0,hacker,1.0,0.014659359442190127
73,3,0.0,0.0,0.0,0.0,1.0,copyright infringement,1.0,0.013315767062426214
74,3,0.0,0.0,0.0,0.0,1.0,bitcoin,1.0,0.012580285923143048
75,3,0.0,0.0,0.0,0.0,1.0,internet censorship,1.0,0.012216132868491773
76,3,0.0,0.0,0.0,0.0,1.0,federal bureau of investigation,1.0,0.011322257330828742
77,3,0.0,0.0,0.0,0.0,1.0,russia,1.0,0.01061852066275864
78,3,0.0,0.0,0.0,0.0,1.0,file sharing,1.0,0.010450951440288786
79,3,0.0,0.0,0.0,0.0,1.0,adware,1.0,0.009865562391866546
80,4,0.0,0.0,0.0,0.0,1.0,youtube,1.0,0.03442631634240957
81,4,0.0,0.0,0.0,0.0,1.0,twitter,1.0,0.022592838761024903
82,4,0.0,0.0,0.0,0.0,1.0,the new york times,1.0,0.020741611553245907
83,4,0.0,0.0,0.0,0.0,1.0,alexa internet,1.0,0.01613390135345662
84,4,0.0,0.0,0.0,0.0,1.0,web series,1.0,0.012514075467241922
85,4,0.0,0.0,0.0,0.0,1.0,blog,1.0,0.012022242512336277
86,4,0.0,0.0,0.0,0.0,1.0,netflix,1.0,0.011784380927097899
87,4,0.0,0.0,0.0,0.0,1.0,viral video,1.0,0.011076673642232254
88,4,0.0,0.0,0.0,0.0,1.0,the wall street journal,1.0,0.010133686211110866
89,4,0.0,0.0,0.0,0.0,1.0,wikipedia,1.0,0.00974331377444452
90,4,0.0,0.0,0.0,0.0,1.0,instagram,1.0,0.009672850588584641
91,4,0.0,0.0,0.0,0.0,1.0,web television,1.0,0.009609620713918538
92,4,0.0,0.0,0.0,0.0,1.0,internet meme,1.0,0.00938555660043144
93,4,0.0,0.0,0.0,0.0,1.0,time,1.0,0.00876062812806866
94,4,0.0,0.0,0.0,0.0,1.0,bbc,1.0,0.00876062812806866
95,4,0.0,0.0,0.0,0.0,1.0,portmanteau,1.0,0.008614221581836327
96,4,0.0,0.0,0.0,0.0,1.0,bbc news,1.0,0.008545037731162502
97,4,0.0,0.0,0.0,0.0,1.0,wiki,1.0,0.008120541438237563
98,4,0.0,0.0,0.0,0.0,1.0,"capital, volume iii",1.0,0.008110329438418013
99,4,0.0,0.0,0.0,0.0,1.0,music video,1.0,0.008008017261598782
100,5,0.0,0.0,0.0,0.0,1.0,top-level domain,1.0,0.18900263576137305
101,5,0.0,0.0,0.0,0.0,1.0,country code,1.0,0.14226232425232513
102,5,0.0,0.0,0.0,0.0,1.0,cctld,1.0,0.13876652401579298
103,5,0.0,0.0,0.0,0.0,1.0,internet,1.0,0.12517474817239926
104,5,0.0,0.0,0.0,0.0,1.0,country code top-level domain,1.0,0.09715919146056873
105,5,0.0,0.0,0.0,0.0,1.0,icann,1.0,0.09250770634655574
106,5,0.0,0.0,0.0,0.0,1.0,domain name system,1.0,0.06846061027675227
107,5,0.0,0.0,0.0,0.0,1.0,generic top-level domain,1.0,0.05477247958378173
108,5,0.0,0.0,0.0,0.0,1.0,internet assigned numbers authority,1.0,0.046629340382149484
109,5,0.0,0.0,0.0,0.0,1.0,.com,1.0,0.035440746231576795
110,5,0.0,0.0,0.0,0.0,1.0,sponsored top-level domain,1.0,0.03400695944661162
111,5,0.0,0.0,0.0,0.0,1.0,domain name registry,1.0,0.03335968288757993
112,5,0.0,0.0,0.0,0.0,1.0,second-level domain,1.0,0.030915417678737837
113,5,0.0,0.0,0.0,0.0,1.0,domain name,1.0,0.027834575070963524
114,5,0.0,0.0,0.0,0.0,1.0,iso 3166-1,1.0,0.025530009070945034
115,5,0.0,0.0,0.0,0.0,1.0,iso 3166-1 alpha-2,1.0,0.02259756058706373
116,5,0.0,0.0,0.0,0.0,1.0,dns root zone,1.0,0.021430158410404805
117,5,0.0,0.0,0.0,0.0,1.0,.edu,1.0,0.01960462078376395
118,5,0.0,0.0,0.0,0.0,1.0,.net,1.0,0.01960462078376395
119,5,0.0,0.0,0.0,0.0,1.0,.gov,1.0,0.01960462078376395
120,6,0.0,0.0,0.0,0.0,1.0,web browser,1.0,0.07363429777577661
121,6,0.0,0.0,0.0,0.0,1.0,world wide web consortium,1.0,0.039507934990991124
122,6,0.0,0.0,0.0,0.0,1.0,javascript,1.0,0.039080304140288
123,6,0.0,0.0,0.0,0.0,1.0,microsoft,1.0,0.03184882722890668
124,6,0.0,0.0,0.0,0.0,1.0,html,1.0,0.03137810793512593
125,6,0.0,0.0,0.0,0.0,1.0,internet explorer,1.0,0.029965051983408743
126,6,0.0,0.0,0.0,0.0,1.0,firefox,1.0,0.027652862776569254
127,6,0.0,0.0,0.0,0.0,1.0,google chrome,1.0,0.02686521901960784
128,6,0.0,0.0,0.0,0.0,1.0,xml,1.0,0.025525719486063924
129,6,0.0,0.0,0.0,0.0,1.0,web page,1.0,0.02493013546013217
130,6,0.0,0.0,0.0,0.0,1.0,microsoft windows,1.0,0.023875849708609703
131,6,0.0,0.0,0.0,0.0,1.0,web application,1.0,0.023508143881266298
132,6,0.0,0.0,0.0,0.0,1.0,html5,1.0,0.02226100025406282
133,6,0.0,0.0,0.0,0.0,1.0,linux,1.0,0.021238873448471956
134,6,0.0,0.0,0.0,0.0,1.0,http,1.0,0.019742096492238324
135,6,0.0,0.0,0.0,0.0,1.0,cascading style sheets,1.0,0.019640253475200233
136,6,0.0,0.0,0.0,0.0,1.0,macos,1.0,0.01963206977963047
137,6,0.0,0.0,0.0,0.0,1.0,chromium,1.0,0.01863460553437022
138,6,0.0,0.0,0.0,0.0,1.0,ios,1.0,0.017754916501351935
139,6,0.0,0.0,0.0,0.0,1.0,web server,1.0,0.01719337374400111
0,0,1.0,0.0,0.0,1.0,0.0,history of the internet,0.0,0.007008912449324262
1,0,1.0,0.0,0.0,1.0,0.0,websites by topic,0.0,0.0067838551280323366
2,0,1.0,0.0,0.0,1.0,0.0,entertainment websites,0.0,0.006237366379898206
3,0,1.0,0.0,0.0,1.0,0.0,computing culture,0.0,0.006099136831604101
4,0,1.0,0.0,0.0,1.0,0.0,internet humor,0.0,0.005917283788205202
5,0,1.0,0.0,0.0,1.0,0.0,works by topic,0.0,0.005781749732738878
6,0,1.0,0.0,0.0,1.0,0.0,media in the united states,0.0,0.0056156408845362635
7,0,1.0,0.0,0.0,1.0,0.0,humour,0.0,0.005515841441015407
8,0,1.0,0.0,0.0,1.0,0.0,popular culture,0.0,0.005481353866139621
9,0,1.0,0.0,0.0,1.0,0.0,main topic classifications,0.0,0.00522123486259997
10,0,1.0,0.0,0.0,1.0,0.0,years,0.0,0.005147387304234114
11,0,1.0,0.0,0.0,1.0,0.0,cultures,0.0,0.005112692160615119
12,0,1.0,0.0,0.0,1.0,0.0,people,0.0,0.004792992476418975
13,0,1.0,0.0,0.0,1.0,0.0,people by status,0.0,0.0047411351188322536
14,0,1.0,0.0,0.0,1.0,0.0,life,0.0,0.0047147404467458446
15,0,1.0,0.0,0.0,1.0,0.0,nature,0.0,0.004622816393402998
16,0,1.0,0.0,0.0,1.0,0.0,survivors,0.0,0.004569092402106936
17,0,1.0,0.0,0.0,1.0,0.0,living people,0.0,0.004569092402106936
18,0,1.0,0.0,0.0,1.0,0.0,victims,0.0,0.004569092402106936
19,0,1.0,0.0,0.0,1.0,0.0,internet in the united states,0.0,0.0045581285759376715
20,1,1.0,0.0,0.0,1.0,0.0,internet architecture,0.0,0.020146851069784543
21,1,1.0,0.0,0.0,1.0,0.0,internet protocols,0.0,0.019607595452498336
22,1,1.0,0.0,0.0,1.0,0.0,internet standards,0.0,0.01858162040623633
23,1,1.0,0.0,0.0,1.0,0.0,networking standards,0.0,0.017934287349045234
24,1,1.0,0.0,0.0,1.0,0.0,telecommunications,0.0,0.017625926680582264
25,1,1.0,0.0,0.0,1.0,0.0,network protocols,0.0,0.017252494187053904
26,1,1.0,0.0,0.0,1.0,0.0,communications protocols,0.0,0.01591323197168325
27,1,1.0,0.0,0.0,1.0,0.0,protocols by osi layer,0.0,0.015540124461071144
28,1,1.0,0.0,0.0,1.0,0.0,computer networking,0.0,0.014924053444177687
29,1,1.0,0.0,0.0,1.0,0.0,network architecture,0.0,0.014913920604972167
30,1,1.0,0.0,0.0,1.0,0.0,it infrastructure,0.0,0.013414257831312254
31,1,1.0,0.0,0.0,1.0,0.0,wide area networks,0.0,0.013165792557745786
32,1,1.0,0.0,0.0,1.0,0.0,internet,0.0,0.012149101032546732
33,1,1.0,0.0,0.0,1.0,0.0,computing,0.0,0.01181658033385079
34,1,1.0,0.0,0.0,1.0,0.0,media technology,0.0,0.011519300294691587
35,1,1.0,0.0,0.0,1.0,0.0,application layer protocols,0.0,0.011293518316790756
36,1,1.0,0.0,0.0,1.0,0.0,information technology,0.0,0.01126326812987912
37,1,1.0,0.0,0.0,1.0,0.0,data transmission,0.0,0.011227330191665776
38,1,1.0,0.0,0.0,1.0,0.0,cyberspace,0.0,0.011165846502426198
39,1,1.0,0.0,0.0,1.0,0.0,computer security,0.0,0.011072156298190378
40,2,1.0,0.0,0.0,1.0,0.0,human–computer interaction,0.0,0.01321979334197791
41,2,1.0,0.0,0.0,1.0,0.0,digital marketing,0.0,0.012670563820526625
42,2,1.0,0.0,0.0,1.0,0.0,world wide web,0.0,0.012242547224086481
43,2,1.0,0.0,0.0,1.0,0.0,information economy,0.0,0.011876225010823171
44,2,1.0,0.0,0.0,1.0,0.0,marketing,0.0,0.011836397968358213
45,2,1.0,0.0,0.0,1.0,0.0,information,0.0,0.01130392386530604
46,2,1.0,0.0,0.0,1.0,0.0,digital media,0.0,0.011278925064557948
47,2,1.0,0.0,0.0,1.0,0.0,information society,0.0,0.011238239214727963
48,2,1.0,0.0,0.0,1.0,0.0,information science,0.0,0.011228924498539324
49,2,1.0,0.0,0.0,1.0,0.0,hypertext,0.0,0.011121939935283726
50,2,1.0,0.0,0.0,1.0,0.0,web 2.0,0.0,0.01083983926347956
51,2,1.0,0.0,0.0,1.0,0.0,human communication,0.0,0.010646652442570587
52,2,1.0,0.0,0.0,1.0,0.0,marketing by medium,0.0,0.010327578419288719
53,2,1.0,0.0,0.0,1.0,0.0,business economics,0.0,0.01023242300442812
54,2,1.0,0.0,0.0,1.0,0.0,cultural globalization,0.0,0.010211068924015772
55,2,1.0,0.0,0.0,1.0,0.0,market (economics),0.0,0.010034334249493597
56,2,1.0,0.0,0.0,1.0,0.0,information technology management,0.0,0.009807259844238948
57,2,1.0,0.0,0.0,1.0,0.0,advertising by medium,0.0,0.009702549280574737
58,2,1.0,0.0,0.0,1.0,0.0,online advertising,0.0,0.009565140936010906
59,2,1.0,0.0,0.0,1.0,0.0,technology by type,0.0,0.00908606240115337
60,3,1.0,0.0,0.0,1.0,0.0,computer law,0.0,0.01247844255804708
61,3,1.0,0.0,0.0,1.0,0.0,digital rights,0.0,0.010507098326793966
62,3,1.0,0.0,0.0,1.0,0.0,law by issue,0.0,0.009674096344757093
63,3,1.0,0.0,0.0,1.0,0.0,file sharing,0.0,0.009647774744391822
64,3,1.0,0.0,0.0,1.0,0.0,cyberpunk themes,0.0,0.00954498462126543
65,3,1.0,0.0,0.0,1.0,0.0,cyberwarfare,0.0,0.009077603498527747
66,3,1.0,0.0,0.0,1.0,0.0,cybercrime,0.0,0.009058063980502906
67,3,1.0,0.0,0.0,1.0,0.0,internet culture,0.0,0.00888854653038786
68,3,1.0,0.0,0.0,1.0,0.0,internet ethics,0.0,0.00880183613004119
69,3,1.0,0.0,0.0,1.0,0.0,telecommunications law,0.0,0.008551231365230656
70,3,1.0,0.0,0.0,1.0,0.0,crimes,0.0,0.008530901624504905
71,3,1.0,0.0,0.0,1.0,0.0,intellectual property law,0.0,0.00834780486771487
72,3,1.0,0.0,0.0,1.0,0.0,politics and technology,0.0,0.008294372359715401
73,3,1.0,0.0,0.0,1.0,0.0,data laws,0.0,0.007720316820679376
74,3,1.0,0.0,0.0,1.0,0.0,criminal law,0.0,0.0076562350093736685
75,3,1.0,0.0,0.0,1.0,0.0,internet activism,0.0,0.007562156741271578
76,3,1.0,0.0,0.0,1.0,0.0,human rights by issue,0.0,0.007482350995749408
77,3,1.0,0.0,0.0,1.0,0.0,regulation of technologies,0.0,0.007417865077507825
78,3,1.0,0.0,0.0,1.0,0.0,computing and society,0.0,0.007365723548001913
79,3,1.0,0.0,0.0,1.0,0.0,crime by type,0.0,0.007168593528390202
80,4,1.0,0.0,0.0,1.0,0.0,domain names,0.0,0.04243165130471783
81,4,1.0,0.0,0.0,1.0,0.0,domain name system,0.0,0.04154260200828395
82,4,1.0,0.0,0.0,1.0,0.0,top-level domains,0.0,0.041431084246142044
83,4,1.0,0.0,0.0,1.0,0.0,1 (number),0.0,0.04000807951805304
84,4,1.0,0.0,0.0,1.0,0.0,internet assigned numbers authority,0.0,0.039474223556586176
85,4,1.0,0.0,0.0,1.0,0.0,country code top-level domains,0.0,0.03312059425240827
86,4,1.0,0.0,0.0,1.0,0.0,domain name stubs,0.0,0.02825308498006621
87,4,1.0,0.0,0.0,1.0,0.0,communications by country,0.0,0.02760963612293283
88,4,1.0,0.0,0.0,1.0,0.0,internet stubs,0.0,0.025026199571344356
89,4,1.0,0.0,0.0,1.0,0.0,computer network stubs,0.0,0.02425108373937769
90,4,1.0,0.0,0.0,1.0,0.0,communication stubs,0.0,0.02413787451501431
91,4,1.0,0.0,0.0,1.0,0.0,telecommunications by country,0.0,0.02227320586292317
92,4,1.0,0.0,0.0,1.0,0.0,science and technology by country,0.0,0.021750708808567186
93,4,1.0,0.0,0.0,1.0,0.0,media by country and type,0.0,0.021653201355746363
94,4,1.0,0.0,0.0,1.0,0.0,information technology by country,0.0,0.020420557142824525
95,4,1.0,0.0,0.0,1.0,0.0,internet by continent,0.0,0.01966900525816539
96,4,1.0,0.0,0.0,1.0,0.0,computer-related introductions by decade,0.0,0.019398321870039262
97,4,1.0,0.0,0.0,1.0,0.0,product introductions by year,0.0,0.01925857583005372
98,4,1.0,0.0,0.0,1.0,0.0,wikipedia maintenance,0.0,0.01856381569126638
99,4,1.0,0.0,0.0,1.0,0.0,stub categories,0.0,0.01856381569126638
100,5,1.0,0.0,0.0,1.0,0.0,web software,0.0,0.015719165840841102
101,5,1.0,0.0,0.0,1.0,0.0,software,0.0,0.014264250120425951
102,5,1.0,0.0,0.0,1.0,0.0,web browsers,0.0,0.013411605723569012
103,5,1.0,0.0,0.0,1.0,0.0,hypertext transfer protocol clients,0.0,0.013169551700238613
104,5,1.0,0.0,0.0,1.0,0.0,browsers,0.0,0.012549291470762815
105,5,1.0,0.0,0.0,1.0,0.0,communication software,0.0,0.012522420191101507
106,5,1.0,0.0,0.0,1.0,0.0,web technology,0.0,0.012169745815360958
107,5,1.0,0.0,0.0,1.0,0.0,software by platform,0.0,0.011660268935897462
108,5,1.0,0.0,0.0,1.0,0.0,internet protocol based network software,0.0,0.011541568643735201
109,5,1.0,0.0,0.0,1.0,0.0,web development,0.0,0.011342631857252128
110,5,1.0,0.0,0.0,1.0,0.0,markup languages,0.0,0.011116148581842513
111,5,1.0,0.0,0.0,1.0,0.0,software engineering,0.0,0.010966196340777988
112,5,1.0,0.0,0.0,1.0,0.0,application software,0.0,0.010741090139109207
113,5,1.0,0.0,0.0,1.0,0.0,world wide web consortium standards,0.0,0.010679529989353752
114,5,1.0,0.0,0.0,1.0,0.0,free software,0.0,0.010639466845736377
115,5,1.0,0.0,0.0,1.0,0.0,computer libraries,0.0,0.01051022134637389
116,5,1.0,0.0,0.0,1.0,0.0,software development,0.0,0.010270268320819183
117,5,1.0,0.0,0.0,1.0,0.0,web standards,0.0,0.009750429235760407
118,5,1.0,0.0,0.0,1.0,0.0,software by company,0.0,0.009485444885795634
119,5,1.0,0.0,0.0,1.0,0.0,computer standards,0.0,0.009344290195902917
120,6,1.0,0.0,0.0,1.0,0.0,online services,0.0,0.008443167892036722
121,6,1.0,0.0,0.0,1.0,0.0,internet companies,0.0,0.008078062658548426
122,6,1.0,0.0,0.0,1.0,0.0,companies by industry and year of establishment,0.0,0.008072376614753879
123,6,1.0,0.0,0.0,1.0,0.0,economics by year,0.0,0.008041982259799801
124,6,1.0,0.0,0.0,1.0,0.0,companies by year of establishment,0.0,0.007706156850624019
125,6,1.0,0.0,0.0,1.0,0.0,internet companies by country,0.0,0.007549478426108468
126,6,1.0,0.0,0.0,1.0,0.0,technology companies by year of establishment,0.0,0.007517515776349902
127,6,1.0,0.0,0.0,1.0,0.0,websites,0.0,0.0070360663154211975
128,6,1.0,0.0,0.0,1.0,0.0,telecommunications companies by year of establishment,0.0,0.0070195341577750335
129,6,1.0,0.0,0.0,1.0,0.0,internet companies of the united states,0.0,0.007004347635867085
130,6,1.0,0.0,0.0,1.0,0.0,media companies by year of establishment,0.0,0.006959035953736509
131,6,1.0,0.0,0.0,1.0,0.0,computer companies by year of establishment,0.0,0.006956095809718053
132,6,1.0,0.0,0.0,1.0,0.0,information technology companies by country,0.0,0.006817179508286712
133,6,1.0,0.0,0.0,1.0,0.0,internet properties by year of establishment,0.0,0.006764566151735839
134,6,1.0,0.0,0.0,1.0,0.0,information technology companies of the united states,0.0,0.006445990112609989
135,6,1.0,0.0,0.0,1.0,0.0,establishments by year,0.0,0.006417354397952552
136,6,1.0,0.0,0.0,1.0,0.0,companies of the united states by city,0.0,0.006332971594548723
137,6,1.0,0.0,0.0,1.0,0.0,computer-related introductions by year,0.0,0.006256961860034787
138,6,1.0,0.0,0.0,1.0,0.0,e-commerce,0.0,0.0060853425771540594
139,6,1.0,0.0,0.0,1.0,0.0,2000s establishments,0.0,0.006018054797871316
0,0,0.0,1.0,0.0,1.0,0.0,youtube,0.0,0.004421278159076335
1,0,0.0,1.0,0.0,1.0,0.0,series,0.0,0.004112131698355425
2,0,0.0,1.0,0.0,1.0,0.0,site,0.0,0.004017464097002211
3,0,0.0,1.0,0.0,1.0,0.0,video,0.0,0.0038055935596659697
4,0,0.0,1.0,0.0,1.0,0.0,book,0.0,0.0036583219720400808
5,0,0.0,1.0,0.0,1.0,0.0,episodes,0.0,0.003544606591961321
6,0,0.0,1.0,0.0,1.0,0.0,television,0.0,0.0032356990939332573
7,0,0.0,1.0,0.0,1.0,0.0,references,0.0,0.003071308093039893
8,0,0.0,1.0,0.0,1.0,0.0,film,0.0,0.0030516498355809946
9,0,0.0,1.0,0.0,1.0,0.0,twitter,0.0,0.0030012214930963364
10,0,0.0,1.0,0.0,1.0,0.0,season,0.0,0.0027916760952633917
11,0,0.0,1.0,0.0,1.0,0.0,american,0.0,0.0027634359039655685
12,0,0.0,1.0,0.0,1.0,0.0,character,0.0,0.0027501868343708345
13,0,0.0,1.0,0.0,1.0,0.0,articles,0.0,0.00266749370491754
14,0,0.0,1.0,0.0,1.0,0.0,released,0.0,0.0025198701226966606
15,0,0.0,1.0,0.0,1.0,0.0,created,0.0,0.002444208093955083
16,0,0.0,1.0,0.0,1.0,0.0,interviews,0.0,0.002392865224511479
17,0,0.0,1.0,0.0,1.0,0.0,facebook,0.0,0.0023806794967564764
18,0,0.0,1.0,0.0,1.0,0.0,published,0.0,0.002372663981284602
19,0,0.0,1.0,0.0,1.0,0.0,premiered,0.0,0.0023584486514442154
20,1,0.0,1.0,0.0,1.0,0.0,protocol,0.0,0.008130314594772942
21,1,0.0,1.0,0.0,1.0,0.0,network,0.0,0.008075797917836377
22,1,0.0,1.0,0.0,1.0,0.0,rfc,0.0,0.007645158513921656
23,1,0.0,1.0,0.0,1.0,0.0,packet,0.0,0.006515728729460611
24,1,0.0,1.0,0.0,1.0,0.0,tcp,0.0,0.004905641911757676
25,1,0.0,1.0,0.0,1.0,0.0,connection,0.0,0.004847413180538883
26,1,0.0,1.0,0.0,1.0,0.0,ip,0.0,0.004291232645191866
27,1,0.0,1.0,0.0,1.0,0.0,traffic,0.0,0.0042718214800465705
28,1,0.0,1.0,0.0,1.0,0.0,message,0.0,0.00405436140030316
29,1,0.0,1.0,0.0,1.0,0.0,ietf,0.0,0.0040188504233308105
30,1,0.0,1.0,0.0,1.0,0.0,ipv6,0.0,0.003957634699248175
31,1,0.0,1.0,0.0,1.0,0.0,data,0.0,0.003954683625713488
32,1,0.0,1.0,0.0,1.0,0.0,authentication,0.0,0.003940635933357668
33,1,0.0,1.0,0.0,1.0,0.0,dns,0.0,0.003900427659924447
34,1,0.0,1.0,0.0,1.0,0.0,client,0.0,0.0038552031749654707
35,1,0.0,1.0,0.0,1.0,0.0,routing,0.0,0.003721205783941394
36,1,0.0,1.0,0.0,1.0,0.0,address,0.0,0.003500136062106535
37,1,0.0,1.0,0.0,1.0,0.0,ipv4,0.0,0.003485776094681807
38,1,0.0,1.0,0.0,1.0,0.0,routers,0.0,0.0034655619846300054
39,1,0.0,1.0,0.0,1.0,0.0,host,0.0,0.003462858654824258
40,2,0.0,1.0,0.0,1.0,0.0,information,0.0,0.005727425284110996
41,2,0.0,1.0,0.0,1.0,0.0,online,0.0,0.005031412234908348
42,2,0.0,1.0,0.0,1.0,0.0,content,0.0,0.004880720692912
43,2,0.0,1.0,0.0,1.0,0.0,people,0.0,0.004206801496808062
44,2,0.0,1.0,0.0,1.0,0.0,advertising,0.0,0.004055255407828833
45,2,0.0,1.0,0.0,1.0,0.0,social,0.0,0.004050899096016227
46,2,0.0,1.0,0.0,1.0,0.0,marketing,0.0,0.004005859743523645
47,2,0.0,1.0,0.0,1.0,0.0,search,0.0,0.0037899814422131606
48,2,0.0,1.0,0.0,1.0,0.0,google,0.0,0.0037868763799335024
49,2,0.0,1.0,0.0,1.0,0.0,search engines,0.0,0.0036499256652642274
50,2,0.0,1.0,0.0,1.0,0.0,websites,0.0,0.0035671338623629876
51,2,0.0,1.0,0.0,1.0,0.0,consumers,0.0,0.003467984195933022
52,2,0.0,1.0,0.0,1.0,0.0,ad,0.0,0.003440135043556117
53,2,0.0,1.0,0.0,1.0,0.0,use,0.0,0.003159787495943966
54,2,0.0,1.0,0.0,1.0,0.0,research,0.0,0.0031483987582146974
55,2,0.0,1.0,0.0,1.0,0.0,relevant,0.0,0.0030060619297321255
56,2,0.0,1.0,0.0,1.0,0.0,customer,0.0,0.002998134968784015
57,2,0.0,1.0,0.0,1.0,0.0,model,0.0,0.0029334514792239154
58,2,0.0,1.0,0.0,1.0,0.0,social media,0.0,0.002907807831108204
59,2,0.0,1.0,0.0,1.0,0.0,results,0.0,0.002809372548892892
60,3,0.0,1.0,0.0,1.0,0.0,law,0.0,0.004751030838724846
61,3,0.0,1.0,0.0,1.0,0.0,security,0.0,0.0038472476520939355
62,3,0.0,1.0,0.0,1.0,0.0,tor,0.0,0.0037141980737897947
63,3,0.0,1.0,0.0,1.0,0.0,privacy,0.0,0.003648440478474302
64,3,0.0,1.0,0.0,1.0,0.0,attack,0.0,0.0036008041903435447
65,3,0.0,1.0,0.0,1.0,0.0,act,0.0,0.0035880465830989004
66,3,0.0,1.0,0.0,1.0,0.0,software,0.0,0.0034259827185933235
67,3,0.0,1.0,0.0,1.0,0.0,censorship,0.0,0.003390601568237244
68,3,0.0,1.0,0.0,1.0,0.0,bittorrent,0.0,0.0033725954557787745
69,3,0.0,1.0,0.0,1.0,0.0,legal,0.0,0.0032964181913417655
70,3,0.0,1.0,0.0,1.0,0.0,access,0.0,0.003193144040941611
71,3,0.0,1.0,0.0,1.0,0.0,illegal,0.0,0.003145228101640902
72,3,0.0,1.0,0.0,1.0,0.0,blocking,0.0,0.0031206684813689617
73,3,0.0,1.0,0.0,1.0,0.0,anonymous,0.0,0.003018447544153579
74,3,0.0,1.0,0.0,1.0,0.0,malware,0.0,0.002955781963526929
75,3,0.0,1.0,0.0,1.0,0.0,police,0.0,0.00293208841723942
76,3,0.0,1.0,0.0,1.0,0.0,court,0.0,0.0028037107857795803
77,3,0.0,1.0,0.0,1.0,0.0,bitcoin,0.0,0.0027562853436460806
78,3,0.0,1.0,0.0,1.0,0.0,system,0.0,0.002649426396258679
79,3,0.0,1.0,0.0,1.0,0.0,bill,0.0,0.0026418749433538722
80,4,0.0,1.0,0.0,1.0,0.0,domain,0.0,0.018248940956376154
81,4,0.0,1.0,0.0,1.0,0.0,iana,0.0,0.016378713438563324
82,4,0.0,1.0,0.0,1.0,0.0,level domain,0.0,0.014648712470240624
83,4,0.0,1.0,0.0,1.0,0.0,whois information,0.0,0.01459999239700142
84,4,0.0,1.0,0.0,1.0,0.0,registration,0.0,0.014063864786579516
85,4,0.0,1.0,0.0,1.0,0.0,internet country code,0.0,0.013753467300213828
86,4,0.0,1.0,0.0,1.0,0.0,level domain cctld,0.0,0.013407931193635765
87,4,0.0,1.0,0.0,1.0,0.0,domain names,0.0,0.012243260483317031
88,4,0.0,1.0,0.0,1.0,0.0,icann,0.0,0.012217203060818254
89,4,0.0,1.0,0.0,1.0,0.0,second level domains,0.0,0.012164927762150949
90,4,0.0,1.0,0.0,1.0,0.0,cctld,0.0,0.011697045925145144
91,4,0.0,1.0,0.0,1.0,0.0,registry,0.0,0.011662553354869955
92,4,0.0,1.0,0.0,1.0,0.0,tld,0.0,0.010901932214914005
93,4,0.0,1.0,0.0,1.0,0.0,external links,0.0,0.009688376466082997
94,4,0.0,1.0,0.0,1.0,0.0,registered,0.0,0.008325865028419826
95,4,0.0,1.0,0.0,1.0,0.0,registrars,0.0,0.007998136148728742
96,4,0.0,1.0,0.0,1.0,0.0,country code level domain,0.0,0.00791683163613652
97,4,0.0,1.0,0.0,1.0,0.0,names,0.0,0.0078481862273026
98,4,0.0,1.0,0.0,1.0,0.0,internet,0.0,0.007846131996285298
99,4,0.0,1.0,0.0,1.0,0.0,government,0.0,0.007790677254790068
100,5,0.0,1.0,0.0,1.0,0.0,browser,0.0,0.01002967793672375
101,5,0.0,1.0,0.0,1.0,0.0,version,0.0,0.0077500688924237076
102,5,0.0,1.0,0.0,1.0,0.0,web browser,0.0,0.006933348877438967
103,5,0.0,1.0,0.0,1.0,0.0,support,0.0,0.006820110790396993
104,5,0.0,1.0,0.0,1.0,0.0,html,0.0,0.006208010819289805
105,5,0.0,1.0,0.0,1.0,0.0,javascript,0.0,0.006208010819289805
106,5,0.0,1.0,0.0,1.0,0.0,firefox,0.0,0.005932490154898656
107,5,0.0,1.0,0.0,1.0,0.0,internet explorer,0.0,0.0058912001216364215
108,5,0.0,1.0,0.0,1.0,0.0,web,0.0,0.00588150827393767
109,5,0.0,1.0,0.0,1.0,0.0,features,0.0,0.005394064189956752
110,5,0.0,1.0,0.0,1.0,0.0,server,0.0,0.0052025222826878065
111,5,0.0,1.0,0.0,1.0,0.0,w3c,0.0,0.005159712469228728
112,5,0.0,1.0,0.0,1.0,0.0,specification,0.0,0.004986843911216637
113,5,0.0,1.0,0.0,1.0,0.0,code,0.0,0.004933685764059789
114,5,0.0,1.0,0.0,1.0,0.0,css,0.0,0.0047089900354074475
115,5,0.0,1.0,0.0,1.0,0.0,project,0.0,0.0045994480622568255
116,5,0.0,1.0,0.0,1.0,0.0,api,0.0,0.004588259370408635
117,5,0.0,1.0,0.0,1.0,0.0,mozilla,0.0,0.004507585216257244
118,5,0.0,1.0,0.0,1.0,0.0,page,0.0,0.004471854628166669
119,5,0.0,1.0,0.0,1.0,0.0,xml,0.0,0.004344049690684907
120,6,0.0,1.0,0.0,1.0,0.0,company,0.0,0.009452419755359966
121,6,0.0,1.0,0.0,1.0,0.0,service,0.0,0.005754652848083678
122,6,0.0,1.0,0.0,1.0,0.0,launched,0.0,0.005200003494021685
123,6,0.0,1.0,0.0,1.0,0.0,inc,0.0,0.005048556128923997
124,6,0.0,1.0,0.0,1.0,0.0,acquired,0.0,0.004957618402630941
125,6,0.0,1.0,0.0,1.0,0.0,announced,0.0,0.004354362616778232
126,6,0.0,1.0,0.0,1.0,0.0,platform,0.0,0.004270578830861268
127,6,0.0,1.0,0.0,1.0,0.0,users,0.0,0.004161646941632055
128,6,0.0,1.0,0.0,1.0,0.0,app,0.0,0.00412136873965005
129,6,0.0,1.0,0.0,1.0,0.0,music,0.0,0.003971645742772764
130,6,0.0,1.0,0.0,1.0,0.0,founded,0.0,0.0035367653572171485
131,6,0.0,1.0,0.0,1.0,0.0,ceo,0.0,0.0033113102813974327
132,6,0.0,1.0,0.0,1.0,0.0,acquisition,0.0,0.003284282335263052
133,6,0.0,1.0,0.0,1.0,0.0,capital,0.0,0.003220027955405145
134,6,0.0,1.0,0.0,1.0,0.0,sold,0.0,0.0031577216596175655
135,6,0.0,1.0,0.0,1.0,0.0,yahoo,0.0,0.003136976479828238
136,6,0.0,1.0,0.0,1.0,0.0,business,0.0,0.0031350693176743836
137,6,0.0,1.0,0.0,1.0,0.0,april,0.0,0.0030260787652422625
138,6,0.0,1.0,0.0,1.0,0.0,products,0.0,0.0030233752589541667
139,6,0.0,1.0,0.0,1.0,0.0,ventures,0.0,0.0030169429773963365
0,0,0.0,0.0,1.0,1.0,0.0,post,0.0,0.00458522245136021
1,0,0.0,0.0,1.0,1.0,0.0,times,0.0,0.004475508789814244
2,0,0.0,0.0,1.0,1.0,0.0,media,0.0,0.004208475588117028
3,0,0.0,0.0,1.0,1.0,0.0,youtube,0.0,0.0040152887934591635
4,0,0.0,0.0,1.0,1.0,0.0,people,0.0,0.003936895490324465
5,0,0.0,0.0,1.0,1.0,0.0,awards,0.0,0.003813057869192139
6,0,0.0,0.0,1.0,1.0,0.0,video,0.0,0.003682665967300784
7,0,0.0,0.0,1.0,1.0,0.0,world,0.0,0.0035074292258434597
8,0,0.0,0.0,1.0,1.0,0.0,film,0.0,0.003492929475378486
9,0,0.0,0.0,1.0,1.0,0.0,called,0.0,0.003470000387298071
10,0,0.0,0.0,1.0,1.0,0.0,work,0.0,0.0034405898218942753
11,0,0.0,0.0,1.0,1.0,0.0,later,0.0,0.0033295888883185147
12,0,0.0,0.0,1.0,1.0,0.0,american,0.0,0.003279928159043857
13,0,0.0,0.0,1.0,1.0,0.0,day,0.0,0.003258397958260811
14,0,0.0,0.0,1.0,1.0,0.0,book,0.0,0.0032366893021235415
15,0,0.0,0.0,1.0,1.0,0.0,january,0.0,0.003208089483633605
16,0,0.0,0.0,1.0,1.0,0.0,critical,0.0,0.003202485577081828
17,0,0.0,0.0,1.0,1.0,0.0,following,0.0,0.0031704295983300793
18,0,0.0,0.0,1.0,1.0,0.0,life,0.0,0.0031450815276687356
19,0,0.0,0.0,1.0,1.0,0.0,story,0.0,0.0031450815276687356
20,1,0.0,0.0,1.0,1.0,0.0,protocol,0.0,0.009355246448225761
21,1,0.0,0.0,1.0,1.0,0.0,rfc,0.0,0.0077400497313137836
22,1,0.0,0.0,1.0,1.0,0.0,network,0.0,0.007352866248203947
23,1,0.0,0.0,1.0,1.0,0.0,provide,0.0,0.0058129797894722005
24,1,0.0,0.0,1.0,1.0,0.0,connections,0.0,0.005781018565515523
25,1,0.0,0.0,1.0,1.0,0.0,secure,0.0,0.005449451766648849
26,1,0.0,0.0,1.0,1.0,0.0,address,0.0,0.005391659919141077
27,1,0.0,0.0,1.0,1.0,0.0,tcp,0.0,0.005294291429618373
28,1,0.0,0.0,1.0,1.0,0.0,standard,0.0,0.0049995391977489985
29,1,0.0,0.0,1.0,1.0,0.0,implementation,0.0,0.004929081883613522
30,1,0.0,0.0,1.0,1.0,0.0,operating,0.0,0.004791862291116207
31,1,0.0,0.0,1.0,1.0,0.0,packets,0.0,0.0047836202819743325
32,1,0.0,0.0,1.0,1.0,0.0,ipv,0.0,0.004478827790977924
33,1,0.0,0.0,1.0,1.0,0.0,data,0.0,0.004366085422381896
34,1,0.0,0.0,1.0,1.0,0.0,links,0.0,0.004227679984948126
35,1,0.0,0.0,1.0,1.0,0.0,dns,0.0,0.0041965662343539396
36,1,0.0,0.0,1.0,1.0,0.0,communication,0.0,0.00413597248604774
37,1,0.0,0.0,1.0,1.0,0.0,sending,0.0,0.004014847666282852
38,1,0.0,0.0,1.0,1.0,0.0,point,0.0,0.004009589826004025
39,1,0.0,0.0,1.0,1.0,0.0,isp,0.0,0.003970876475929788
40,2,0.0,0.0,1.0,1.0,0.0,references,0.0,0.004600056129744083
41,2,0.0,0.0,1.0,1.0,0.0,example,0.0,0.004266261608396946
42,2,0.0,0.0,1.0,1.0,0.0,different,0.0,0.004037691819923194
43,2,0.0,0.0,1.0,1.0,0.0,results,0.0,0.003957038035857263
44,2,0.0,0.0,1.0,1.0,0.0,sites,0.0,0.00381218555845161
45,2,0.0,0.0,1.0,1.0,0.0,ways,0.0,0.003555027154918211
46,2,0.0,0.0,1.0,1.0,0.0,research,0.0,0.0035142876146312613
47,2,0.0,0.0,1.0,1.0,0.0,like,0.0,0.0035078741058096373
48,2,0.0,0.0,1.0,1.0,0.0,online,0.0,0.0034991988491849856
49,2,0.0,0.0,1.0,1.0,0.0,create,0.0,0.003465401792367874
50,2,0.0,0.0,1.0,1.0,0.0,allows,0.0,0.0034640884024612654
51,2,0.0,0.0,1.0,1.0,0.0,products,0.0,0.0034543936454863406
52,2,0.0,0.0,1.0,1.0,0.0,content,0.0,0.003447503745450243
53,2,0.0,0.0,1.0,1.0,0.0,generated,0.0,0.0034459006712813803
54,2,0.0,0.0,1.0,1.0,0.0,technology,0.0,0.0034049936679342633
55,2,0.0,0.0,1.0,1.0,0.0,based,0.0,0.0033726816669614307
56,2,0.0,0.0,1.0,1.0,0.0,include,0.0,0.0033036597020837497
57,2,0.0,0.0,1.0,1.0,0.0,needs,0.0,0.003265732073294138
58,2,0.0,0.0,1.0,1.0,0.0,social,0.0,0.003127894041910598
59,2,0.0,0.0,1.0,1.0,0.0,consumer,0.0,0.003099960929143011
60,3,0.0,0.0,1.0,1.0,0.0,states,0.0,0.004955905357729647
61,3,0.0,0.0,1.0,1.0,0.0,united,0.0,0.004419735973570802
62,3,0.0,0.0,1.0,1.0,0.0,law,0.0,0.004303280195178527
63,3,0.0,0.0,1.0,1.0,0.0,act,0.0,0.004161992410590963
64,3,0.0,0.0,1.0,1.0,0.0,legal,0.0,0.003822545832481977
65,3,0.0,0.0,1.0,1.0,0.0,according,0.0,0.0036161160740073007
66,3,0.0,0.0,1.0,1.0,0.0,group,0.0,0.003615107461433417
67,3,0.0,0.0,1.0,1.0,0.0,report,0.0,0.0035081213329417266
68,3,0.0,0.0,1.0,1.0,0.0,public,0.0,0.0033213464280992446
69,3,0.0,0.0,1.0,1.0,0.0,access,0.0,0.003271432627897106
70,3,0.0,0.0,1.0,1.0,0.0,attacks,0.0,0.00319147538910445
71,3,0.0,0.0,1.0,1.0,0.0,order,0.0,0.00318816091176123
72,3,0.0,0.0,1.0,1.0,0.0,protection,0.0,0.003141745623760897
73,3,0.0,0.0,1.0,1.0,0.0,activity,0.0,0.003130600097575081
74,3,0.0,0.0,1.0,1.0,0.0,case,0.0,0.003077637128307034
75,3,0.0,0.0,1.0,1.0,0.0,software,0.0,0.00305653273004371
76,3,0.0,0.0,1.0,1.0,0.0,court,0.0,0.0029571597361402876
77,3,0.0,0.0,1.0,1.0,0.0,number,0.0,0.0028952673231934798
78,3,0.0,0.0,1.0,1.0,0.0,require,0.0,0.002817732155811317
79,3,0.0,0.0,1.0,1.0,0.0,official,0.0,0.0028052755730392544
80,4,0.0,0.0,1.0,1.0,0.0,domains,0.0,0.031040303730831026
81,4,0.0,0.0,1.0,1.0,0.0,level domain,0.0,0.024833570316060313
82,4,0.0,0.0,1.0,1.0,0.0,registration,0.0,0.02231811817153932
83,4,0.0,0.0,1.0,1.0,0.0,names,0.0,0.019856221671453334
84,4,0.0,0.0,1.0,1.0,0.0,icann,0.0,0.015888946250640305
85,4,0.0,0.0,1.0,1.0,0.0,cctld,0.0,0.01542987771509115
86,4,0.0,0.0,1.0,1.0,0.0,registry,0.0,0.015351901602637713
87,4,0.0,0.0,1.0,1.0,0.0,registered,0.0,0.015284311514306412
88,4,0.0,0.0,1.0,1.0,0.0,tld,0.0,0.013675415665299713
89,4,0.0,0.0,1.0,1.0,0.0,registrars,0.0,0.011985933884236289
90,4,0.0,0.0,1.0,1.0,0.0,internet,0.0,0.01103918054359965
91,4,0.0,0.0,1.0,1.0,0.0,country,0.0,0.010328420615280446
92,4,0.0,0.0,1.0,1.0,0.0,second,0.0,0.010291837480941287
93,4,0.0,0.0,1.0,1.0,0.0,information,0.0,0.008902531829811
94,4,0.0,0.0,1.0,1.0,0.0,institutions,0.0,0.008486029728516593
95,4,0.0,0.0,1.0,1.0,0.0,government,0.0,0.007755736266793666
96,4,0.0,0.0,1.0,1.0,0.0,iana,0.0,0.007708829610818097
97,4,0.0,0.0,1.0,1.0,0.0,use,0.0,0.007667057708898311
98,4,0.0,0.0,1.0,1.0,0.0,organizations,0.0,0.007650546522929905
99,4,0.0,0.0,1.0,1.0,0.0,gtld,0.0,0.007598273777174547
100,5,0.0,0.0,1.0,1.0,0.0,version,0.0,0.009540600801414044
101,5,0.0,0.0,1.0,1.0,0.0,browsers,0.0,0.009369494762946512
102,5,0.0,0.0,1.0,1.0,0.0,html,0.0,0.009118917333880915
103,5,0.0,0.0,1.0,1.0,0.0,support,0.0,0.008414236610259725
104,5,0.0,0.0,1.0,1.0,0.0,features,0.0,0.007887028207976144
105,5,0.0,0.0,1.0,1.0,0.0,developers,0.0,0.007179156455043128
106,5,0.0,0.0,1.0,1.0,0.0,javascript,0.0,0.0070967656069997175
107,5,0.0,0.0,1.0,1.0,0.0,firefox,0.0,0.0069399445930238
108,5,0.0,0.0,1.0,1.0,0.0,windows,0.0,0.0067185384517790435
109,5,0.0,0.0,1.0,1.0,0.0,web,0.0,0.006517359469696947
110,5,0.0,0.0,1.0,1.0,0.0,microsoft,0.0,0.006433602109264257
111,5,0.0,0.0,1.0,1.0,0.0,application,0.0,0.006306392230125235
112,5,0.0,0.0,1.0,1.0,0.0,user,0.0,0.0061379058965081255
113,5,0.0,0.0,1.0,1.0,0.0,google,0.0,0.005910895453668159
114,5,0.0,0.0,1.0,1.0,0.0,page,0.0,0.005778673484542418
115,5,0.0,0.0,1.0,1.0,0.0,code,0.0,0.0057459046729439744
116,5,0.0,0.0,1.0,1.0,0.0,mozilla,0.0,0.005688807771749738
117,5,0.0,0.0,1.0,1.0,0.0,released,0.0,0.005672128390537752
118,5,0.0,0.0,1.0,1.0,0.0,files,0.0,0.005594919380037504
119,5,0.0,0.0,1.0,1.0,0.0,server,0.0,0.005484485266193688
120,6,0.0,0.0,1.0,1.0,0.0,company,0.0,0.008438126751452448
121,6,0.0,0.0,1.0,1.0,0.0,launched,0.0,0.008068699755495177
122,6,0.0,0.0,1.0,1.0,0.0,announced,0.0,0.007020565436346014
123,6,0.0,0.0,1.0,1.0,0.0,business,0.0,0.0064459793083326096
124,6,0.0,0.0,1.0,1.0,0.0,acquired,0.0,0.00639585229255206
125,6,0.0,0.0,1.0,1.0,0.0,new,0.0,0.006152477123730397
126,6,0.0,0.0,1.0,1.0,0.0,ceo,0.0,0.00595920559740994
127,6,0.0,0.0,1.0,1.0,0.0,service,0.0,0.005803033165217455
128,6,0.0,0.0,1.0,1.0,0.0,website,0.0,0.005740113347623911
129,6,0.0,0.0,1.0,1.0,0.0,november,0.0,0.005292231121725445
130,6,0.0,0.0,1.0,1.0,0.0,september,0.0,0.005291100938757113
131,6,0.0,0.0,1.0,1.0,0.0,december,0.0,0.00526126672522063
132,6,0.0,0.0,1.0,1.0,0.0,year,0.0,0.005214655098223862
133,6,0.0,0.0,1.0,1.0,0.0,april,0.0,0.0051333043655364015
134,6,0.0,0.0,1.0,1.0,0.0,june,0.0,0.005072500556004542
135,6,0.0,0.0,1.0,1.0,0.0,app,0.0,0.005072103485694954
136,6,0.0,0.0,1.0,1.0,0.0,market,0.0,0.005054570319613826
137,6,0.0,0.0,1.0,1.0,0.0,october,0.0,0.004993242335529005
138,6,0.0,0.0,1.0,1.0,0.0,march,0.0,0.004904244877358066
139,6,0.0,0.0,1.0,1.0,0.0,venture,0.0,0.004874056160731294
0,0,0.0,0.0,0.0,1.0,0.0,youtube,1.0,0.03447003229966978
1,0,0.0,0.0,0.0,1.0,0.0,twitter,1.0,0.02154431245722526
2,0,0.0,0.0,0.0,1.0,0.0,the new york times,1.0,0.020767950107599235
3,0,0.0,0.0,0.0,1.0,0.0,alexa internet,1.0,0.016154388847238788
4,0,0.0,0.0,0.0,1.0,0.0,netflix,1.0,0.01327426337288099
5,0,0.0,0.0,0.0,1.0,0.0,web series,1.0,0.012529966356724133
6,0,0.0,0.0,0.0,1.0,0.0,blog,1.0,0.01203750885203448
7,0,0.0,0.0,0.0,1.0,0.0,viral video,1.0,0.011090739259555725
8,0,0.0,0.0,0.0,1.0,0.0,the wall street journal,1.0,0.010146554384077355
9,0,0.0,0.0,0.0,1.0,0.0,wikipedia,1.0,0.009755686236380323
10,0,0.0,0.0,0.0,1.0,0.0,instagram,1.0,0.009685133573459036
11,0,0.0,0.0,0.0,1.0,0.0,web television,1.0,0.009621823406888592
12,0,0.0,0.0,0.0,1.0,0.0,internet meme,1.0,0.0093974747675431
13,0,0.0,0.0,0.0,1.0,0.0,bbc,1.0,0.008771752735215414
14,0,0.0,0.0,0.0,1.0,0.0,time,1.0,0.008771752735215414
15,0,0.0,0.0,0.0,1.0,0.0,portmanteau,1.0,0.0086251602759085
16,0,0.0,0.0,0.0,1.0,0.0,bbc news,1.0,0.008555888572725883
17,0,0.0,0.0,0.0,1.0,0.0,wiki,1.0,0.008130853236889293
18,0,0.0,0.0,0.0,1.0,0.0,"capital, volume iii",1.0,0.008120628269450925
19,0,0.0,0.0,0.0,1.0,0.0,music video,1.0,0.008018186172407162
20,1,0.0,0.0,0.0,1.0,0.0,internet engineering task force,1.0,0.04169221280068643
21,1,0.0,0.0,0.0,1.0,0.0,internet service provider,1.0,0.03442587290512627
22,1,0.0,0.0,0.0,1.0,0.0,transmission control protocol,1.0,0.031459860815333654
23,1,0.0,0.0,0.0,1.0,0.0,ipv6,1.0,0.03105874387237025
24,1,0.0,0.0,0.0,1.0,0.0,internet protocol,1.0,0.02752737821341695
25,1,0.0,0.0,0.0,1.0,0.0,ip address,1.0,0.027399179053476327
26,1,0.0,0.0,0.0,1.0,0.0,transport layer security,1.0,0.026390713751881786
27,1,0.0,0.0,0.0,1.0,0.0,ipv4,1.0,0.024426911441941458
28,1,0.0,0.0,0.0,1.0,0.0,ietf,1.0,0.021874985492150292
29,1,0.0,0.0,0.0,1.0,0.0,computer network,1.0,0.02045213752948306
30,1,0.0,0.0,0.0,1.0,0.0,communications protocol,1.0,0.01819682191130619
31,1,0.0,0.0,0.0,1.0,0.0,internet exchange point,1.0,0.017391845916267606
32,1,0.0,0.0,0.0,1.0,0.0,authentication,1.0,0.016797066379667252
33,1,0.0,0.0,0.0,1.0,0.0,arpanet,1.0,0.016662163217364162
34,1,0.0,0.0,0.0,1.0,0.0,user datagram protocol,1.0,0.014774415991137154
35,1,0.0,0.0,0.0,1.0,0.0,peering,1.0,0.013432712097595273
36,1,0.0,0.0,0.0,1.0,0.0,internet protocol suite,1.0,0.013296974392023438
37,1,0.0,0.0,0.0,1.0,0.0,routing,1.0,0.012200740038232155
38,1,0.0,0.0,0.0,1.0,0.0,wi-fi,1.0,0.011388365220372407
39,1,0.0,0.0,0.0,1.0,0.0,multicast,1.0,0.010675647533453136
40,2,0.0,0.0,0.0,1.0,0.0,world wide web,1.0,0.0339980727016837
41,2,0.0,0.0,0.0,1.0,0.0,website,1.0,0.03199827518370592
42,2,0.0,0.0,0.0,1.0,0.0,google,1.0,0.02597148399028375
43,2,0.0,0.0,0.0,1.0,0.0,web page,1.0,0.02327980225620556
44,2,0.0,0.0,0.0,1.0,0.0,search engine optimization,1.0,0.022216490283276526
45,2,0.0,0.0,0.0,1.0,0.0,search engine,1.0,0.02155433145705053
46,2,0.0,0.0,0.0,1.0,0.0,online advertising,1.0,0.017770219699116924
47,2,0.0,0.0,0.0,1.0,0.0,social media,1.0,0.017531509871819766
48,2,0.0,0.0,0.0,1.0,0.0,marketing,1.0,0.015064011393164052
49,2,0.0,0.0,0.0,1.0,0.0,email,1.0,0.014302601027372167
50,2,0.0,0.0,0.0,1.0,0.0,web 2.0,1.0,0.01357077660123829
51,2,0.0,0.0,0.0,1.0,0.0,hyperlink,1.0,0.012773450513007682
52,2,0.0,0.0,0.0,1.0,0.0,algorithm,1.0,0.012337069637489356
53,2,0.0,0.0,0.0,1.0,0.0,social networking,1.0,0.01169288962277712
54,2,0.0,0.0,0.0,1.0,0.0,mobile device,1.0,0.011198738631151804
55,2,0.0,0.0,0.0,1.0,0.0,web analytics,1.0,0.011011586680266866
56,2,0.0,0.0,0.0,1.0,0.0,software,1.0,0.010915580591564528
57,2,0.0,0.0,0.0,1.0,0.0,linkedin,1.0,0.010837814544130875
58,2,0.0,0.0,0.0,1.0,0.0,internet forum,1.0,0.010598430416781707
59,2,0.0,0.0,0.0,1.0,0.0,database,1.0,0.010245380406351963
60,3,0.0,0.0,0.0,1.0,0.0,tor,1.0,0.02719336980484132
61,3,0.0,0.0,0.0,1.0,0.0,bittorrent,1.0,0.02250829395922425
62,3,0.0,0.0,0.0,1.0,0.0,the guardian,1.0,0.02207466306949595
63,3,0.0,0.0,0.0,1.0,0.0,malware,1.0,0.021831766953091154
64,3,0.0,0.0,0.0,1.0,0.0,electronic frontier foundation,1.0,0.019974888762137336
65,3,0.0,0.0,0.0,1.0,0.0,peer-to-peer,1.0,0.019800699973377172
66,3,0.0,0.0,0.0,1.0,0.0,new york times,1.0,0.01812891320322755
67,3,0.0,0.0,0.0,1.0,0.0,national security agency,1.0,0.01776367585294393
68,3,0.0,0.0,0.0,1.0,0.0,copyright,1.0,0.015395185739218073
69,3,0.0,0.0,0.0,1.0,0.0,wired,1.0,0.015356388374946755
70,3,0.0,0.0,0.0,1.0,0.0,cryptocurrency,1.0,0.014973910543099317
71,3,0.0,0.0,0.0,1.0,0.0,torrentfreak,1.0,0.014973910543099317
72,3,0.0,0.0,0.0,1.0,0.0,hacker,1.0,0.014833277495155736
73,3,0.0,0.0,0.0,1.0,0.0,copyright infringement,1.0,0.013473744789241184
74,3,0.0,0.0,0.0,1.0,0.0,bitcoin,1.0,0.012729537931195101
75,3,0.0,0.0,0.0,1.0,0.0,internet censorship,1.0,0.012361064579296447
76,3,0.0,0.0,0.0,1.0,0.0,federal bureau of investigation,1.0,0.01145658413807559
77,3,0.0,0.0,0.0,1.0,0.0,file sharing,1.0,0.010574941109366824
78,3,0.0,0.0,0.0,1.0,0.0,adware,1.0,0.00998260702873288
79,3,0.0,0.0,0.0,1.0,0.0,ars technica,1.0,0.009630265168119823
80,4,0.0,0.0,0.0,1.0,0.0,top-level domain,1.0,0.18182829800067377
81,4,0.0,0.0,0.0,1.0,0.0,country code,1.0,0.1368621986895424
82,4,0.0,0.0,0.0,1.0,0.0,cctld,1.0,0.13349909528837334
83,4,0.0,0.0,0.0,1.0,0.0,internet,1.0,0.1228560416116828
84,4,0.0,0.0,0.0,1.0,0.0,country code top-level domain,1.0,0.09347113254389498
85,4,0.0,0.0,0.0,1.0,0.0,icann,1.0,0.08899621282624466
86,4,0.0,0.0,0.0,1.0,0.0,domain name system,1.0,0.0658619187852265
87,4,0.0,0.0,0.0,1.0,0.0,generic top-level domain,1.0,0.0526933748827172
88,4,0.0,0.0,0.0,1.0,0.0,internet assigned numbers authority,1.0,0.04485934052943565
89,4,0.0,0.0,0.0,1.0,0.0,.com,1.0,0.03409545343747213
90,4,0.0,0.0,0.0,1.0,0.0,sponsored top-level domain,1.0,0.03271609166425735
91,4,0.0,0.0,0.0,1.0,0.0,domain name registry,1.0,0.032093385030615165
92,4,0.0,0.0,0.0,1.0,0.0,second-level domain,1.0,0.029741901512961227
93,4,0.0,0.0,0.0,1.0,0.0,domain name,1.0,0.026778004393098697
94,4,0.0,0.0,0.0,1.0,0.0,iso 3166-1,1.0,0.024560917251823907
95,4,0.0,0.0,0.0,1.0,0.0,iso 3166-1 alpha-2,1.0,0.02173978137374022
96,4,0.0,0.0,0.0,1.0,0.0,dns root zone,1.0,0.020616692534216448
97,4,0.0,0.0,0.0,1.0,0.0,domain name registrar,1.0,0.01886045036197826
98,4,0.0,0.0,0.0,1.0,0.0,.gov,1.0,0.01886045036197826
99,4,0.0,0.0,0.0,1.0,0.0,.edu,1.0,0.01886045036197826
100,5,0.0,0.0,0.0,1.0,0.0,web browser,1.0,0.07050744766051646
101,5,0.0,0.0,0.0,1.0,0.0,world wide web consortium,1.0,0.03992726714334536
102,5,0.0,0.0,0.0,1.0,0.0,javascript,1.0,0.03855473801000755
103,5,0.0,0.0,0.0,1.0,0.0,microsoft,1.0,0.031420512627756705
104,5,0.0,0.0,0.0,1.0,0.0,html,1.0,0.030956123738079072
105,5,0.0,0.0,0.0,1.0,0.0,internet explorer,1.0,0.03058145283749789
106,5,0.0,0.0,0.0,1.0,0.0,google chrome,1.0,0.02650392579249817
107,5,0.0,0.0,0.0,1.0,0.0,firefox,1.0,0.026231708682709694
108,5,0.0,0.0,0.0,1.0,0.0,xml,1.0,0.025182440335401304
109,5,0.0,0.0,0.0,1.0,0.0,microsoft windows,1.0,0.02355475860621023
110,5,0.0,0.0,0.0,1.0,0.0,web application,1.0,0.02319199782044237
111,5,0.0,0.0,0.0,1.0,0.0,html5,1.0,0.02196162623389907
112,5,0.0,0.0,0.0,1.0,0.0,linux,1.0,0.020953245360989338
113,5,0.0,0.0,0.0,1.0,0.0,cascading style sheets,1.0,0.019376124209992008
114,5,0.0,0.0,0.0,1.0,0.0,http,1.0,0.01845151352065074
115,5,0.0,0.0,0.0,1.0,0.0,chromium,1.0,0.018384000588082063
116,5,0.0,0.0,0.0,1.0,0.0,macos,1.0,0.018292047762193123
117,5,0.0,0.0,0.0,1.0,0.0,web server,1.0,0.016962151006515176
118,5,0.0,0.0,0.0,1.0,0.0,ios,1.0,0.016543022936555265
119,5,0.0,0.0,0.0,1.0,0.0,open-source software,1.0,0.015064039333570808
120,6,0.0,0.0,0.0,1.0,0.0,facebook,1.0,0.029151298972699295
121,6,0.0,0.0,0.0,1.0,0.0,new york city,1.0,0.024611544299522517
122,6,0.0,0.0,0.0,1.0,0.0,android,1.0,0.021815638282136
123,6,0.0,0.0,0.0,1.0,0.0,e-commerce,1.0,0.02164629183375161
124,6,0.0,0.0,0.0,1.0,0.0,united states,1.0,0.01898949839070634
125,6,0.0,0.0,0.0,1.0,0.0,san francisco,1.0,0.01752021607083338
126,6,0.0,0.0,0.0,1.0,0.0,yahoo!,1.0,0.016996985602605454
127,6,0.0,0.0,0.0,1.0,0.0,ebay,1.0,0.01582681836788585
128,6,0.0,0.0,0.0,1.0,0.0,forbes,1.0,0.015202759332291989
129,6,0.0,0.0,0.0,1.0,0.0,london,1.0,0.014839315088780478
130,6,0.0,0.0,0.0,1.0,0.0,cloud computing,1.0,0.014436655943259812
131,6,0.0,0.0,0.0,1.0,0.0,skype,1.0,0.012769546422861032
132,6,0.0,0.0,0.0,1.0,0.0,california,1.0,0.01259488727684281
133,6,0.0,0.0,0.0,1.0,0.0,united kingdom,1.0,0.011919685179345076
134,6,0.0,0.0,0.0,1.0,0.0,amazon,1.0,0.01159916341025688
135,6,0.0,0.0,0.0,1.0,0.0,techcrunch,1.0,0.011497247400333411
136,6,0.0,0.0,0.0,1.0,0.0,mobile app,1.0,0.011399329142347462
137,6,0.0,0.0,0.0,1.0,0.0,amazon.com,1.0,0.011042064212695303
138,6,0.0,0.0,0.0,1.0,0.0,india,1.0,0.010363026493043147
139,6,0.0,0.0,0.0,1.0,0.0,apple inc.,1.0,0.01011518425072587
