article_id,x,y
0,42.97984,-19.536953
1,31.198181,7.7597775
2,14.499377,1.5863849
4,-16.069271,66.61918
5,-16.337606,64.98703
6,-15.699937,66.903656
7,40.960186,-16.440395
9,16.457891,-7.0558248
10,27.4893,-25.31109
11,14.244046,18.360489
12,-1.5601579,25.331154
13,42.77,-31.521772
14,15.987803,-5.4195404
15,-30.881449,-1.5694273
16,40.90757,3.829219
17,34.555775,-19.323347
18,17.966963,-34.775517
19,24.947845,12.30694
22,25.083076,12.327547
23,-15.738961,66.834984
24,16.785133,5.903449
25,-10.735131,-0.8904026
26,28.542185,9.863059
29,18.047606,-30.90826
30,-11.946317,8.1953335
32,-24.310652,56.94246
33,-18.41892,59.424305
34,-23.915716,51.389397
35,-12.858154,61.79536
36,13.730577,27.793482
37,-11.725361,37.200134
38,20.294722,-21.089645
39,3.205862,5.1880817
40,-19.114618,-29.266539
41,-0.55242497,-46.39433
43,-9.645558,-40.509914
44,-0.09955627,-26.19952
45,-1.1698513,-9.6437645
46,29.155949,16.563108
48,4.8105865,15.997148
49,-20.01224,11.905046
51,21.900967,-3.4795089
54,39.897648,-11.671721
55,8.324725,19.587671
56,23.832262,-44.248432
57,11.356758,31.044754
58,28.936623,-40.467857
59,16.923407,-14.228165
61,-5.9259768,11.845033
63,28.095224,20.527733
64,7.4411616,23.384762
65,30.291931,-34.73807
66,37.014492,-33.50861
69,19.460108,17.019773
70,38.14811,9.03699
71,41.038383,-14.066882
72,35.823456,21.73996
73,-12.006516,28.514126
74,10.9620695,-48.29059
75,9.708348,-31.941132
76,-6.4659452,-2.1212606
77,31.590109,-0.088069715
78,12.749066,-36.824932
79,31.36496,-41.465706
81,28.354263,3.8619351
82,-13.537038,19.330153
85,35.815914,-13.4654
86,37.259174,-12.767052
87,35.449516,-10.716059
88,36.154465,-11.15739
89,-15.67465,-5.0772653
90,-15.418007,6.153945
91,12.895378,11.358296
92,13.882604,2.874739
93,-6.2444263,-5.131137
94,7.0297637,-9.364728
95,-11.339388,-26.268127
96,33.795074,-13.676564
98,25.0034,-17.044806
99,-11.989499,-12.619058
100,-30.707022,-0.75915617
101,-32.44535,-1.2516962
102,1.6803641,-39.837826
103,33.446377,-0.5710892
104,8.17214,11.766554
105,20.529158,38.002777
106,23.830206,-29.341032
107,-17.163017,-3.7660236
108,-20.015207,-2.6902921
109,33.45827,-13.915045
110,32.15903,-12.306464
111,21.106314,28.721321
113,18.213058,17.773874
114,14.713961,-1.1518067
115,-35.131336,34.92992
116,-34.721794,27.927876
117,-37.034695,32.63671
118,-12.739344,-38.93117
119,10.922593,22.51175
120,-14.217639,33.16454
121,-27.30726,26.070135
122,-10.472624,-1.00123
123,11.765812,8.116334
124,-39.909367,-13.442703
125,35.397793,24.06105
126,-1.7927723,27.006475
128,-8.169153,26.024565
129,-27.304888,16.07868
132,-31.408588,-1.152051
133,18.75877,-34.565273
134,-14.538541,-16.97891
136,33.417973,-13.166458
137,32.910168,-17.661594
138,34.959236,-17.23072
140,25.032835,-17.09259
141,-4.6436224,9.256219
142,38.16352,-11.180257
143,2.3906288,-41.839836
144,-9.369625,-15.018056
145,11.829219,-36.484215
146,-28.871525,13.035585
147,20.258009,21.930695
148,27.804962,-45.183365
149,4.8538833,-45.31348
150,-14.247403,38.863064
151,12.300097,-2.3920896
152,-36.20841,24.643593
153,-7.7820506,3.9895391
155,-19.028149,1.8211923
156,38.641285,-14.199846
157,28.958273,-40.54845
158,-30.588825,14.801938
159,19.351173,-27.456251
160,29.808569,-5.3097014
161,-26.239851,-22.265219
162,34.890404,-33.832382
163,-10.8251095,-17.835068
164,36.226547,-33.378708
166,18.797188,-36.03234
167,2.5047128,-41.643448
168,-15.22631,67.55384
169,10.385691,-18.266872
170,-24.61562,37.742485
172,40.715775,23.296625
174,20.325712,-34.507607
175,-9.151909,22.312595
176,28.24868,23.274235
177,-34.556656,6.5480576
178,-2.4906006,29.224436
179,15.740486,-34.745716
180,-18.988232,56.389725
181,34.705288,-12.617406
182,16.894602,9.346768
183,24.500343,-22.73079
184,44.306877,17.2774
186,7.2036023,-0.9630481
187,-6.789378,-14.978438
188,31.695602,-47.909718
189,-9.152902,-21.855902
190,-13.896607,-2.0838037
192,-39.57471,1.310001
193,21.583015,36.835278
194,-39.161087,1.1835841
195,27.798563,-41.605415
196,-14.85323,2.6769648
197,7.8067617,-22.159893
198,19.791962,-17.781923
199,27.286125,-34.56036
201,40.571655,17.933855
202,-19.618279,62.366905
203,-17.788729,57.450954
205,-21.196589,58.57998
206,-19.171995,57.382027
207,-15.535319,55.535435
208,28.704523,22.861681
209,-29.791368,53.722977
210,-21.045292,57.502567
211,-26.18442,33.23718
217,-22.888512,38.190716
219,38.878555,-34.25006
220,21.862955,2.2900338
221,-25.164196,18.775204
222,-10.935188,13.709027
223,-15.139711,7.620958
224,42.631363,-19.360888
225,-10.581629,-2.457772
226,20.128344,-49.99582
227,38.62412,-5.116852
228,26.218397,-15.455735
229,-13.081268,-5.0359015
230,-10.547263,21.612675
231,22.239452,34.95008
232,15.928237,-10.122893
233,-28.66533,-30.414722
234,-0.29103208,-25.250338
236,34.09764,22.233177
237,0.12752976,16.244635
239,-9.255065,0.16721536
240,-5.0060945,2.1707447
241,35.69006,-34.62603
242,46.969807,2.89542
243,41.814484,13.262353
244,-18.32598,28.644506
245,-8.561632,-3.0960472
246,13.536147,8.371587
248,40.127556,19.85711
249,21.711212,-10.115599
250,20.07841,-9.787943
251,0.6445481,11.597845
252,-14.300839,-29.084658
253,25.426178,12.426013
254,30.466597,-40.13997
256,39.857147,18.884338
258,18.127117,3.215738
259,16.539047,-49.321606
262,34.005924,14.404713
263,-34.488567,-32.293465
264,-12.368097,34.197624
265,11.964103,30.755636
267,38.920216,-12.648062
268,15.611803,10.181434
269,33.842236,-21.508978
270,-2.5342033,-7.4444995
273,37.07526,-9.940322
274,-11.862577,-7.1752195
275,34.058636,-18.010607
277,10.996875,32.597023
278,6.330199,9.211489
279,10.977235,8.042502
282,-13.782775,-1.3777041
283,17.673416,-32.925426
284,15.177694,17.502985
285,17.797356,16.992235
286,18.880636,18.681442
287,10.550961,11.868738
288,31.113657,30.787952
289,15.410598,36.47706
290,20.422976,-9.28948
292,25.195917,23.55308
293,-24.746805,-24.754177
294,21.921564,32.317734
296,-10.631925,33.39519
297,30.223644,31.391378
298,-10.214501,22.3565
299,-36.601444,-18.689436
300,22.392542,8.185148
301,-35.59197,-21.418365
302,-23.962229,26.727964
303,-27.10507,11.882768
304,4.548833,-12.612211
306,37.439796,-13.373396
307,-24.532959,-15.970017
308,12.259862,33.129566
309,-16.273993,32.9235
310,9.75353,33.413013
312,12.479205,5.7205734
313,19.906656,-34.28997
315,-6.3727875,12.261409
317,-18.564297,62.18628
319,31.701105,-50.845295
321,10.584391,-10.225085
322,21.952353,-6.5844235
323,-6.0594573,11.674835
324,-28.307266,-36.293133
325,-28.425009,-30.219103
326,30.424393,26.394417
327,44.181168,20.467112
328,8.588446,1.1766465
329,23.691578,29.535843
330,9.747062,18.347918
332,16.11237,37.54742
333,22.702566,16.88477
334,11.386789,21.814943
335,20.843592,-17.628542
337,37.454235,-11.424303
338,-7.0216684,24.971266
339,-2.942386,26.950901
341,27.644093,22.510767
342,23.012224,10.623954
343,-24.063078,-24.058935
344,6.3207555,23.46312
345,-22.625076,-14.728812
347,13.909885,-30.600687
348,4.7664423,3.7743444
349,-34.915783,-22.066277
350,7.1916437,29.004955
351,27.455402,22.94514
352,33.21606,17.900196
353,12.502011,5.0131416
354,11.009697,-20.430363
356,24.50322,26.843075
357,-25.186306,35.432564
359,-29.738731,-5.735037
360,41.894745,0.24658532
362,-24.930052,-24.670147
363,11.9624605,20.19044
366,4.504893,-3.555325
367,-29.775198,-15.355458
368,-0.82334584,11.594346
369,-0.11481327,11.666228
370,-14.780355,3.5382488
371,30.02543,14.858928
372,-8.060025,-0.06110591
373,-18.83224,49.179073
374,-19.377695,55.752197
375,12.359114,9.829969
377,-11.278266,23.375969
378,-10.912156,27.08384
379,-10.907048,34.09122
380,-14.972691,-2.887651
381,5.4581795,-21.999754
382,-20.378807,-34.916134
383,-36.387886,-21.686583
384,-35.004913,-20.742899
386,1.4179834,-40.8535
387,-9.796761,-0.9287242
388,36.02971,21.327929
389,-24.934383,13.922939
391,-33.225025,-23.333706
392,26.246101,18.998646
393,-37.405434,-21.458319
394,21.508745,4.6534576
395,-29.01684,18.348688
396,-18.056871,11.048951
397,-17.592245,10.484623
398,-5.88419,25.688208
399,-18.60786,11.262823
400,4.012116,17.325632
402,-39.08917,1.1260561
403,35.9957,-14.157519
404,6.218711,-3.7573001
405,-16.151274,35.286137
406,37.893448,16.071455
407,-20.257282,-12.69242
409,5.044899,-39.69377
410,-22.721277,38.2861
411,-6.865188,28.808842
412,-2.7889457,25.885515
415,5.508018,27.621777
416,17.603682,-30.032427
417,-6.476632,-14.119458
418,29.013542,4.19727
420,6.593949,-4.6457562
421,20.019695,37.426018
422,-12.990124,5.9746346
423,34.793858,-14.806585
424,-0.41167095,18.534008
425,39.52112,13.424625
426,31.963474,30.564335
427,9.442619,5.1062083
428,34.642056,-11.5416355
429,35.642822,-11.104584
430,36.30749,-12.75841
431,8.24671,33.106903
432,33.559452,-0.7803537
433,-9.045261,-35.985905
435,-5.8435097,7.6168756
437,-39.939365,-16.734282
438,-27.609806,37.007843
439,-19.103703,38.31641
440,25.866623,-24.660883
442,37.94051,-13.790285
443,5.9628305,23.56345
444,-20.676826,21.998814
446,18.582872,25.631723
447,-26.92661,28.782482
448,-38.80307,29.9163
450,30.354813,-17.515432
452,18.164368,18.492828
453,14.183925,-21.21944
454,12.626717,-21.752687
458,0.69216615,4.9709606
459,10.579486,-12.356135
460,37.398342,-31.857876
461,13.690663,-20.112597
462,-38.050354,-2.7980254
464,-19.52089,18.811281
466,-35.992825,-19.027462
467,17.728836,-49.39862
471,7.563169,27.386576
473,-14.306877,-1.2845055
474,-12.602892,-1.352127
475,-9.0341625,10.2881775
476,-4.559329,28.593987
477,-9.70417,13.359919
478,-1.578377,25.974503
479,-2.3237052,11.0903845
480,23.795202,26.961018
481,0.96416634,1.3837636
482,-7.1166506,-17.806828
483,4.741258,29.195847
485,14.480257,-21.48805
486,29.1576,16.391266
487,-25.888683,16.025486
488,-25.95154,15.599548
489,33.684242,-15.981048
490,-6.7430654,-10.466227
491,0.6233469,-38.072964
492,4.5741286,-38.762363
493,43.962708,15.11613
494,19.374289,14.116604
496,-25.551098,11.104186
497,-11.422502,9.173228
499,30.490124,22.739893
500,9.064658,-41.623188
502,-16.953724,26.730707
503,41.467327,11.935487
504,-12.346866,31.232998
505,1.3169197,39.323826
506,-13.108827,32.63081
507,-11.648155,34.036095
508,9.238649,21.842457
510,-30.508167,-8.580207
511,7.8617063,23.90275
512,-24.315647,16.179504
516,-29.220081,-12.159334
517,29.670067,-3.895934
518,5.5502167,-1.246127
519,-18.657084,56.955956
520,-25.22042,15.730167
521,-42.88171,26.897488
522,-21.30468,25.026125
523,5.41094,-0.5852808
524,-16.720478,27.46473
525,0.2898337,-35.454094
526,-17.404633,24.421768
527,37.685368,-19.32243
528,-7.2591014,28.638165
529,-31.584608,-30.886671
530,-14.5220995,32.884235
532,-24.244333,35.654938
533,8.394517,12.680572
535,-25.639671,28.173664
536,6.3030286,5.6024103
537,14.713528,-2.2792351
538,14.584988,19.470135
539,-35.690357,25.61654
542,20.239084,19.722595
543,15.879766,20.175867
544,-37.61058,22.185547
545,-35.159344,25.060225
546,-37.85522,25.610287
547,30.96281,31.07692
548,14.446567,19.356659
549,-19.032158,25.345882
550,-40.157043,34.40523
551,-36.096634,22.615267
552,-35.47478,34.758724
553,-38.21199,32.115173
554,-26.797941,36.44075
555,21.052038,30.876637
556,21.0068,4.038961
557,-24.493832,15.463571
558,8.913157,32.840977
561,16.668919,-32.011345
562,31.586033,-22.286772
563,-9.693398,-1.6852964
564,9.162597,-41.71054
565,-16.761349,25.266258
567,18.558111,-24.370388
568,24.155474,-37.771824
569,11.567659,-38.940224
570,-5.6710176,-7.9557056
571,-10.504632,-13.22699
572,-33.647625,-24.939075
573,2.3764799,-49.62293
574,-19.288319,29.099577
575,0.5711187,-45.46524
579,-22.681145,14.045496
580,4.075969,11.574014
581,18.942287,14.487768
583,41.21184,12.996084
585,7.930672,0.30317897
587,5.379321,-0.41812012
589,-1.4884882,13.574923
590,-2.6117585,-13.083221
591,17.549818,-17.436855
592,0.3453701,32.457363
593,37.083496,-34.753204
594,32.15331,-14.99755
595,30.16467,-19.502224
596,-7.6616535,26.15571
597,25.595957,7.1918497
598,10.870168,30.447535
599,-25.807499,7.703236
600,3.2911766,-22.745901
601,13.249238,-32.580086
603,13.863838,32.416252
604,-10.803731,35.020405
605,26.349838,-34.41769
606,39.968346,11.219594
607,-26.65633,19.074654
609,7.2162056,-18.80112
610,28.174961,-25.217276
611,0.29258773,-26.049156
615,-18.99428,31.746866
616,28.711,-13.567078
617,-22.997627,37.36545
618,-18.403923,-39.162743
620,38.543648,-14.442392
621,37.120876,-14.482353
622,37.263298,-29.728104
623,28.967365,16.211302
624,-12.676094,18.985079
625,-37.062878,-18.704311
626,2.7592394,8.71375
627,-26.729342,12.184333
628,-2.897525,5.2596645
629,-25.706602,18.74364
630,-36.255344,31.207558
632,41.158054,-14.740391
633,-13.65273,18.648584
635,-14.755265,18.512918
636,-17.156279,30.016758
637,-13.690344,18.915026
638,-14.008582,19.01066
639,32.923374,-18.435196
640,35.948814,-15.1554165
641,33.879925,-17.283981
642,36.049236,-17.067822
644,-34.767693,-12.364495
647,4.4822173,-16.417841
648,18.733074,-15.251526
649,38.90837,3.9468372
650,-41.625618,-20.865389
651,23.514462,10.639506
652,39.385857,-18.868595
653,-8.954632,0.5148845
655,7.1318,1.6157738
656,23.803902,-44.456024
657,17.668802,-1.0973581
658,-3.51823,-7.123359
659,-29.483646,39.27484
661,19.845367,-16.42315
663,7.251472,20.825754
664,-14.753968,-26.469084
665,-5.261537,-10.184859
666,-48.175232,5.062367
668,-26.838865,-17.99451
669,20.990055,10.764199
670,-28.62997,-19.542477
671,-19.867546,-35.50809
672,-35.64959,-20.630405
673,-6.505041,-6.185364
675,-6.403412,-5.926284
676,47.435383,-3.3245924
677,-11.325888,26.409235
678,-13.293689,26.065538
679,14.392081,24.811768
680,31.63246,-50.640163
681,33.096306,22.93733
683,23.7855,-18.104631
685,19.391644,34.195538
686,9.253509,15.700912
687,-27.210312,27.65114
688,38.677372,-13.225307
689,23.906134,-20.710619
690,11.750304,-36.20316
691,11.032854,-0.59997284
692,30.712566,15.999616
693,34.507713,23.01357
694,-8.171179,-8.691191
696,-36.649136,14.748969
697,-27.272533,39.334984
698,4.4453564,-12.593736
702,17.004198,5.9679117
704,43.522842,21.391397
705,-10.615127,32.23609
706,-7.4461646,28.778612
707,30.292028,15.298794
708,45.513252,-14.919196
710,10.795667,22.509817
711,20.441294,-21.547354
713,-19.980839,56.400524
714,-9.593532,30.22086
715,-28.38861,-22.795301
716,3.6969078,26.72939
717,-4.617901,31.131727
718,2.994718,31.003115
719,-14.291317,0.52755123
720,-5.1385064,-12.742371
723,34.752476,-0.5919757
724,21.527014,37.053394
725,-20.371254,-14.153629
726,28.11519,-45.084553
727,28.146025,-45.013187
728,9.7298,-36.645805
729,-16.934607,24.383636
730,-14.9278345,-11.58997
731,24.901342,33.00369
733,13.1607,19.12054
734,21.351555,28.612934
737,8.187615,0.5899524
738,10.05144,30.180069
739,-13.748123,27.942728
740,28.859278,19.70171
743,0.04919557,32.389793
744,-0.0008395126,32.481373
745,-0.029732646,32.71703
746,-9.237027,30.160109
747,-8.817792,10.164153
748,34.288216,-13.558893
749,-8.7288885,-0.51754916
750,-5.453901,15.852787
751,20.0344,-33.781662
752,9.136589,4.8508987
753,-12.789351,-20.875732
754,-7.653848,31.491968
755,38.19669,19.435219
756,31.925793,-38.72671
757,-22.25742,-7.109574
758,-22.96406,-13.546395
759,16.77736,6.6583858
761,22.782883,17.030342
763,-31.588516,-28.56474
764,1.3295169,-38.83344
765,28.744171,20.039328
766,-8.749798,1.0288026
767,22.367664,-29.414928
768,-4.44312,9.715615
770,-29.88647,40.323803
771,19.221727,-27.358156
772,10.225399,-30.940516
774,17.010765,-30.955347
775,18.239101,11.761751
777,-0.13727215,-12.2929325
778,-26.322233,-10.510924
779,-26.231503,-22.159475
780,10.486455,-17.776253
781,29.12998,-32.336597
782,13.849535,8.092201
785,-5.844771,-5.240406
786,-0.04582795,33.595608
787,9.787545,5.112709
788,33.665302,-18.684214
789,7.48516,-33.140873
790,44.942005,17.769798
793,9.293834,15.776084
794,30.728374,-4.6963544
796,12.826993,18.86662
797,-26.218044,33.31468
798,5.691187,30.496254
800,-19.418404,3.4297686
801,-18.907537,23.549078
802,-34.60458,35.428185
803,-22.303099,-1.5084977
804,8.2795515,-36.285236
805,-30.334929,-16.425325
806,-3.8306947,33.83423
807,23.15227,-11.11939
808,-35.09815,-23.41056
809,-43.927002,-22.314047
810,-40.040817,-21.529606
812,28.914658,20.7661
813,-32.529854,-34.188732
814,29.912073,-42.818256
816,18.892286,-36.592747
817,16.425026,33.38274
819,-39.809,-25.04144
820,-9.675293,-4.4197154
821,35.69615,-35.616077
822,-25.86293,28.58592
823,16.538177,-38.580082
824,-28.15591,14.552446
826,14.973841,-22.041138
827,40.51555,13.281629
828,37.338623,-17.642748
829,-19.5163,56.98302
830,44.161346,17.221333
831,30.7907,23.636211
832,20.500998,33.823654
833,-10.67981,34.40874
834,9.137155,-19.96394
835,-17.935137,-14.896001
836,24.199783,-37.770386
837,16.11943,-28.182388
839,-8.087121,12.200181
840,-1.1956192,-2.592268
845,-3.7562904,-6.942558
846,-10.449322,34.877907
847,-18.59345,1.1986092
848,-14.771706,50.023647
851,38.386078,10.154421
853,29.65001,-44.12109
854,-2.7415328,-30.566128
855,32.153854,-17.140154
856,-28.324116,-20.42043
857,-30.43923,-21.346062
858,-5.316703,-16.006598
859,38.539135,-11.869623
860,-21.313175,35.138123
862,23.048676,-10.179687
863,30.332434,-34.889225
864,-8.724391,8.531076
865,-9.485036,-4.4728155
866,33.39247,-0.19330266
867,-6.588912,-32.90802
868,-16.993334,-0.7242644
869,-18.347591,2.3603697
870,-11.373259,-27.393824
871,-13.19477,-7.089957
872,30.86583,31.198843
873,-15.084907,-6.756777
874,-17.19929,-4.4351807
875,10.041325,-16.420235
876,-3.3197613,-15.822035
877,13.094154,-16.210512
878,-12.687892,0.31421745
879,-10.868536,5.3955417
880,14.715667,-6.7301335
882,-17.95143,11.862782
883,-15.727718,-18.935173
884,-6.2607465,-10.311486
885,17.040825,-29.81342
886,-39.738842,23.504986
887,25.161453,-2.532033
889,-9.946917,-7.4093375
890,24.500034,-18.840038
891,30.56783,-12.653502
892,-39.783802,-25.082615
893,33.190937,-16.257475
895,-9.116968,31.731972
896,-25.478909,15.001536
897,-15.302715,-0.18574987
898,-8.84939,14.903755
899,-14.804886,2.9352267
901,15.646003,-20.123144
902,15.055779,-18.172203
903,14.264502,-17.253536
906,24.890068,-32.073246
910,-30.070305,40.451416
911,-27.015564,29.36556
912,-28.87728,38.340813
913,11.343173,9.666228
915,10.585161,-34.118046
916,-2.2775621,12.593794
917,-6.5947914,-0.8050859
919,-18.909983,55.638935
920,-20.345606,58.033325
921,-19.03302,54.663555
922,-19.233994,53.0482
923,-19.952677,61.74857
924,-14.737962,63.296955
925,-18.05784,58.004753
926,-20.204063,55.422718
927,-20.815369,54.365814
928,-23.55372,65.33977
929,-21.432976,57.387268
930,-21.586641,55.868336
931,-13.018213,55.71415
932,-19.453682,53.80464
933,-23.13169,55.56064
934,-14.035303,57.098892
935,-25.669813,64.13115
936,-23.03249,64.568726
937,-24.30636,55.582935
938,-23.896503,53.24149
939,-20.115952,58.501503
940,-12.8565235,64.66052
941,-12.952512,64.63963
942,-25.34916,64.12202
943,-12.334097,52.554146
944,-20.619486,52.139847
945,-22.51535,63.976223
946,-22.236752,57.436253
947,-19.742178,60.5189
948,-21.8727,60.469585
949,-21.950274,55.795376
950,-16.967962,52.61871
951,-21.103891,67.23305
952,-23.01017,56.47906
953,-21.94838,55.444897
954,-23.437826,58.445892
955,-19.092806,58.129013
956,-13.062694,61.738773
957,-19.676888,58.913967
958,-12.974202,61.767673
960,-21.349018,50.801807
961,-17.783937,58.470978
962,-19.011969,58.540176
964,-14.162573,60.57727
965,-22.033766,54.87709
970,9.009722,-33.79447
972,3.8253963,20.564077
973,14.39007,27.663242
974,15.923058,28.076015
975,20.619398,37.48262
977,9.387325,-18.29561
978,3.8569374,-34.13462
980,-9.105306,-5.701082
981,-5.214792,-38.041275
982,3.1737761,-31.526026
983,17.947882,15.051931
984,21.70873,-50.724365
985,-11.271081,38.13284
986,-10.968739,38.435772
990,-19.065756,29.176683
992,-5.8317924,-1.1244818
993,29.927364,-19.700855
994,2.854603,14.189169
995,-13.487698,35.792778
996,1.4394174,-33.619247
997,43.98392,18.438978
998,23.453457,25.72832
1000,9.354437,-29.262705
1002,-23.052607,26.587845
1005,1.736564,-1.3982244
1006,3.113805,-0.55806494
1008,-17.262096,26.454844
1009,-22.361492,37.895737
1010,-31.705122,-28.653439
1011,43.046688,-19.552334
1012,6.077101,-25.70176
1014,0.50811213,-11.501757
1015,1.5016131,-18.442348
1018,1.5683365,-17.670883
1019,-13.825097,-26.164492
1021,-14.694715,-11.187859
1023,-18.974754,-3.1732535
1027,-14.659663,-27.71518
1028,-25.629322,-26.110252
1029,10.050785,30.162148
1030,-1.1238511,-19.662916
1033,28.10836,20.980976
1034,35.3328,-18.376015
1035,-10.649969,0.600052
1036,35.11,9.243308
1037,3.6093385,2.7912564
1039,-11.675769,-44.63025
1040,15.716447,-5.102311
1043,-13.22263,26.036558
1044,18.273016,-5.2260313
1048,-8.768659,-41.29778
1050,0.33725345,-24.515484
1051,-0.8052833,-26.437223
1052,-4.394055,1.9865806
1053,-19.828442,28.918371
1055,-21.80365,27.565243
1056,-40.599358,-22.576263
1057,-13.826141,-19.670527
1058,16.718388,8.850252
1059,28.813313,19.1354
1060,12.627748,22.992105
1061,12.331492,26.221895
1063,22.922195,22.591106
1064,2.7945516,19.182356
1065,2.4616668,19.220259
1066,-10.460871,3.3087728
1069,-7.4666386,-30.154173
1070,-11.990241,23.004894
1075,12.639944,-35.14417
1077,-10.988259,-19.875929
1078,35.685898,-35.80776
1079,-17.213837,56.28888
1083,30.503624,-0.8873647
1084,-34.87803,-25.777145
1086,40.161102,-2.3608034
1088,38.716557,-34.52172
1089,31.544443,-39.316555
1090,-24.180815,18.72087
1091,-14.143239,30.479324
1092,25.500591,7.348588
1099,-24.805384,22.423689
1100,-28.85566,39.179344
1102,-19.8893,38.100792
1103,-30.065247,38.307182
1105,-22.003817,-10.083158
1106,-15.055346,-47.292698
1109,12.743694,-27.072882
1110,-12.503399,-19.880602
1111,-2.811049,22.083363
1112,28.812372,-42.92624
1113,20.893833,-9.579048
1114,-16.640589,34.234592
1115,-16.337362,-21.001858
1116,-2.0668557,-44.560986
1119,36.101295,-34.351078
1120,10.524799,-18.69405
1121,-11.378909,-34.039124
1122,-13.163412,-29.201435
1123,-28.854769,34.194847
1124,-41.099106,-12.803427
1125,-48.14068,4.992018
1126,-48.891212,6.3966794
1127,25.378765,-49.29826
1128,-18.294086,5.683331
1129,4.888646,10.93094
1130,1.6683253,-38.33912
1131,-35.89892,-26.094887
1132,23.684069,-48.615604
1133,3.7354577,-9.031838
1134,24.866575,-18.81112
1135,39.759094,16.983223
1136,41.04082,17.637844
1137,40.281933,17.664976
1138,39.935547,19.170761
1139,39.827705,4.836484
1141,30.633299,19.292154
1142,31.804583,23.862608
1143,16.615227,-32.040447
1147,-32.221943,-14.512264
1148,17.062317,-16.603724
1150,32.579,-10.076269
1152,14.834061,4.0753355
1153,29.17591,17.26961
1155,21.849842,-2.9364166
1157,3.7603683,11.802697
1158,0.2908264,-34.480885
1160,-13.074764,-41.141747
1161,-28.7847,16.569715
1162,-36.302402,15.422589
1164,24.191519,3.3627455
1165,-34.561474,-32.32055
1167,4.776078,-5.9766774
1168,-14.990906,-49.363113
1170,-16.308725,-22.693445
1172,1.0154716,15.2755785
1173,-14.814144,22.429525
1175,-18.339642,23.26673
1176,-20.831213,-35.92332
1177,-21.94273,36.06092
1178,30.846935,-3.4488525
1181,34.310192,-9.107977
1182,29.805616,-15.3380575
1183,11.506477,-23.849129
1184,4.272786,33.260754
1186,15.517596,32.94706
1187,18.682234,34.021965
1190,-19.325087,-34.90099
1191,-21.1437,-35.397385
1192,43.63498,21.502825
1193,-10.087374,10.598669
1194,-0.39609715,27.716976
1195,1.0067385,17.989
1196,14.881282,-49.840458
1197,30.971973,-0.7890408
1198,-23.733883,12.525387
1201,-8.039437,25.712757
1203,-30.957188,4.8167996
1204,-26.148836,19.466106
1205,-15.781648,3.8295841
1206,-25.008072,20.201595
1207,-24.097464,35.35071
1208,-8.434866,7.773861
1209,28.502857,9.674991
1210,-12.136715,-2.5438092
1211,1.9111483,25.945358
1212,-5.8613396,32.339355
1214,-13.222484,4.611696
1216,14.460796,30.55164
1217,21.246956,-41.145958
1219,11.676324,-30.97621
1222,-36.4442,25.8936
1223,22.035402,-4.2125664
1224,17.798605,18.614214
1225,26.494087,-12.635079
1226,8.528992,37.61512
1227,-1.1079797,28.779964
1228,-2.73253,23.211618
1229,-2.0398524,-17.25316
1230,24.448093,-40.211277
1231,8.468958,-26.04964
1232,18.227577,12.098773
1234,27.92346,-35.59993
1236,-24.326088,-29.457619
1237,-24.388124,-29.122364
1238,7.1928964,20.687788
1239,21.44942,-7.2778506
1242,-41.753105,11.365209
1243,42.990917,-11.773184
1245,-2.0988135,30.208979
1246,1.6305398,-0.29704878
1247,-25.831387,-14.110937
1248,-2.3440506,19.49573
1251,28.16407,22.538029
1252,-5.1234393,-49.077316
1253,-17.18344,-24.779295
1255,0.41907477,-16.3125
1256,-17.898865,-22.826061
1257,-5.5184484,12.522356
1258,-11.107455,-25.014141
1259,-24.335716,5.5158134
1260,38.620472,4.6817408
1261,26.575754,-22.81386
1262,-24.12186,-12.0713625
1265,-38.68448,-15.919052
1266,-27.603737,-16.056889
1267,29.691702,14.249636
1269,-30.333813,-27.380898
1270,-7.702826,-29.155334
1273,9.663437,16.731089
1275,-25.52383,16.54012
1277,-3.2354116,-17.6204
1278,-10.856293,2.586653
1279,12.394438,16.576435
1280,11.3761215,36.002567
1281,-12.255066,-1.8142889
1284,13.590569,-14.482102
1285,-19.575033,-26.822638
1286,-9.238775,39.001743
1287,-21.729828,-18.687794
1288,-26.987772,-12.306982
1289,-26.707481,-12.26445
1290,-26.201591,10.161355
1291,37.384712,-1.5309167
1292,-15.062798,-40.298523
1295,-16.864721,-11.204549
1296,-14.943373,-21.296387
1297,-14.835418,-29.036179
1298,-0.06371614,-15.421965
1299,-13.669275,-30.411573
1300,-15.428708,-26.001427
1302,0.07083185,30.012918
1303,0.97440296,31.396944
1304,-16.93273,-26.818352
1305,-12.946299,-30.2912
1306,14.857671,8.94631
1308,17.614914,19.785383
1309,7.7517266,27.384453
1310,6.529278,22.719786
1311,38.590614,10.1957445
1312,14.896532,20.145172
1314,-18.381615,-26.773079
1316,-17.682457,-25.48589
1317,-17.710558,-27.3991
1318,46.86646,-26.533361
1322,41.588062,21.594831
1323,-27.784336,30.743208
1325,-31.549791,-0.2701871
1326,-29.06358,34.16114
1327,1.0657498,17.573042
1330,26.27392,20.959064
1331,-30.184578,-6.1798143
1332,1.8042954,-33.746098
1333,-39.11484,-19.85134
1337,-4.3816524,-17.983335
1338,27.551373,20.163586
1341,22.82712,-29.351282
1346,-36.71722,-22.284689
1349,13.039116,21.219625
1350,-13.95633,-39.583252
1351,13.515713,34.32836
1354,10.373555,33.999107
1355,11.249594,23.096281
1356,-34.608788,-12.345519
1358,-28.833946,-17.58312
1359,9.685602,18.341694
1360,18.376581,24.684074
1361,11.032727,34.21589
1363,15.1250515,38.308144
1364,15.365421,36.283924
1368,7.3977585,33.89846
1370,-24.72281,31.020287
1371,-6.302453,23.51592
1373,-11.57514,28.562485
1374,4.3097906,-25.057768
1375,15.583515,-8.18905
1376,-9.994511,0.90038496
1377,-28.9389,38.02726
1379,-36.144802,10.054205
1381,-14.265463,-51.26816
1382,25.559275,20.593508
1383,43.14552,23.318224
1384,-20.112188,-36.718033
1385,28.022745,22.656015
1386,34.31252,-35.736794
1389,6.23295,23.929857
1391,2.6495423,23.381168
1392,30.215265,22.016506
1393,-12.041477,-35.541107
1395,-6.294925,-28.007833
1397,-0.9508008,37.901306
1400,-3.2371056,31.630808
1404,-11.506839,43.0578
1405,-41.71455,-13.511434
1406,-15.022053,34.932476
1407,0.21129087,-41.211296
1408,21.277924,11.64492
1410,-7.1174607,-25.769356
1411,9.591704,0.29072037
1413,-24.806396,24.069794
1414,42.113644,19.946367
1415,-18.348122,22.357355
1417,19.937393,-47.987522
1418,2.6866446,26.071932
1419,-42.41918,-18.653103
1420,-1.5828035,-45.743923
1423,46.363316,11.6131935
1424,-29.64895,9.022283
1425,-28.519186,-23.536898
1426,-29.858372,-19.633331
1427,-35.141075,-21.480337
1429,-29.9862,8.24624
1430,-35.827396,-16.410048
1437,-32.99906,-23.408031
1438,-31.576021,-18.265139
1439,8.74954,24.026497
1440,-26.065964,-16.858639
1441,-16.47619,-29.90735
1442,-28.510073,-23.263962
1444,-30.06446,8.007646
1445,-17.52671,-30.777504
1446,-13.29531,-38.179646
1447,-3.0977209,41.360638
1451,0.16458282,20.588873
1452,41.7046,-34.8135
1453,19.322395,34.097637
1454,-15.162432,-28.039415
1455,-4.876841,20.00381
1457,-13.050839,27.727243
1458,-31.713173,-25.712784
1459,1.710415,-10.686648
1460,39.08431,-6.1656766
1461,-29.113157,-4.4593687
1462,-9.587713,-30.518166
1464,-10.42737,-22.49697
1465,-16.458801,47.625515
1467,-19.31897,50.783596
1468,-17.753641,48.092278
1469,-6.493134,18.565746
1470,-16.719873,47.604507
1473,-12.45666,-21.620129
1474,11.760451,-48.960583
1475,11.462592,-48.31787
1476,-19.956818,-39.821846
1477,23.213617,-9.258067
1478,6.269876,-30.68683
1480,38.16298,-0.59139127
1481,40.329227,-0.7153992
1482,5.9369154,31.038637
1483,39.319702,-1.0039481
1484,26.322813,21.755444
1485,11.097714,30.047285
1486,10.48975,-31.950003
1488,52.358116,-8.304839
1490,11.197464,-38.742603
1492,-41.458008,20.332413
1493,-4.0911427,-47.234966
1494,0.42141563,-45.37955
1498,43.40719,19.918575
1499,-11.607304,-5.4590044
1500,-36.300713,15.315352
1501,-7.803936,23.21328
1502,1.6133279,-46.570942
1505,15.20001,-13.706478
1506,28.854609,-46.90466
1508,-20.480755,-34.41159
1510,-15.802235,10.928437
1511,-13.137253,-33.895733
1513,-18.560165,-38.509308
1517,15.123015,-9.536873
1518,0.9460797,18.5371
1519,-7.8657255,27.900694
1520,-17.550554,11.655022
1521,12.891464,30.619831
1522,11.243356,28.744974
1523,-17.425323,-29.79517
1526,-8.294307,-29.25764
1527,-1.9102199,10.377162
1529,-36.385784,-21.198553
1531,-25.088036,-18.196045
1532,-0.3603909,-38.95892
1533,-46.199715,13.801283
1534,-2.9860811,-0.48286295
1536,-13.592838,15.030218
1537,-1.3761487,33.63615
1538,12.0166,16.10214
1539,-6.252871,0.9646879
1542,-26.649233,30.510546
1543,-28.238783,-36.431488
1544,21.464722,-10.953994
1545,34.001247,14.416024
1550,14.466777,24.706154
1551,26.405716,5.904336
1552,3.1067662,26.266184
1554,-6.528259,15.612825
1555,27.495003,20.824226
1557,5.822932,-28.97184
1558,-28.999716,29.738695
1560,43.863773,-12.287151
1561,25.612688,-41.543255
1562,-10.300582,38.993748
1564,31.184837,-25.085533
1567,-43.015015,26.980568
1568,27.199396,-32.77752
1569,17.652796,-1.1342218
1570,28.817581,24.629618
1575,-9.034389,3.0814953
1576,-30.650768,37.47773
1579,-16.867632,17.410854
1581,-4.352272,9.860322
1583,3.472101,-15.591173
1584,20.232168,-50.191925
1585,-35.338745,-12.014206
1587,-4.471134,-31.724657
1588,38.77342,4.6552052
1589,0.91757184,38.62656
1595,-5.1020927,-3.2673497
1597,35.83185,-12.692639
1598,-30.328459,13.158088
1599,-3.7494166,0.66467726
1600,38.72665,22.49533
1601,41.299763,-12.595342
1604,21.45809,24.813803
1606,3.4491754,16.423851
1607,-0.9674046,30.190342
1611,-22.814013,24.827234
1612,21.243748,-15.199139
1614,28.627777,23.729176
1615,-32.516293,-34.194103
1616,35.275013,24.03655
1617,40.95485,14.937167
1619,6.189187,-21.6845
1620,-22.499184,23.98449
1621,-17.402473,37.252934
1622,-17.326324,36.52538
1623,32.73734,-42.380634
1624,-17.897057,12.837057
1625,25.782768,-17.944979
1627,12.989057,16.356705
1628,15.713655,-34.755917
1629,-26.604233,1.0156779
1630,20.704178,-24.404873
1631,5.378568,-42.127777
1632,-22.444393,-6.8574247
1633,-2.721346,-13.440615
1634,-13.485064,-32.149273
1635,-28.656452,-4.436721
1639,22.29115,-51.24913
1642,-34.632996,-17.268557
1644,38.983067,-13.322478
1645,16.729513,-9.227495
1647,-13.416076,-15.919082
1648,36.129684,-8.967584
1649,13.71853,-21.163486
1650,-9.969192,-12.728948
1652,33.60212,-10.939366
1653,-10.623934,-15.952116
1654,-2.116868,-12.803318
1655,-30.105707,-0.7374068
1657,-5.998177,-20.086931
1658,-10.666596,-16.80826
1659,-10.628074,-16.82967
1660,-10.892726,-15.89817
1661,13.197232,-23.1341
1663,-0.7146988,-24.873468
1664,28.081142,-16.07074
1665,-38.007683,-2.7270775
1667,-0.9066775,-9.749726
1668,8.010707,4.36986
1669,-10.9970875,-18.009668
1670,16.758501,1.3456477
1671,16.77635,1.3523402
1674,40.90215,22.486082
1675,1.2380719,28.14932
1676,13.89958,20.290455
1677,25.879246,6.646686
1678,-1.2846771,1.8707359
1679,18.44536,18.542608
1681,-10.47682,-31.794474
1683,-5.4275765,23.292204
1684,42.761158,12.571712
1685,37.90054,-31.275063
1686,10.698669,-12.908685
1688,-4.8515434,19.994728
1689,-7.520333,0.6743024
1690,-3.126682,-21.644451
1694,-9.5120325,38.999027
1696,-13.454587,-4.6359696
1697,2.4222736,28.425797
1698,-8.959215,12.661213
1699,-9.278624,13.219853
1700,-6.7293267,15.459888
1701,-8.948379,10.675784
1702,31.467392,-0.19509444
1703,-0.9377047,26.037455
1704,-9.488943,11.887849
1705,-3.3456874,29.080843
1709,-21.340082,-21.698132
1710,22.338848,37.527756
1711,18.956297,-30.78642
1712,13.893402,-32.14594
1714,-15.347014,-17.062038
1717,-21.586687,20.259792
1720,4.760075,17.692553
1721,-29.939657,25.45667
1724,1.0906913,-44.17431
1725,8.558077,15.134293
1726,14.351258,-35.575657
1728,46.864037,-26.531967
1729,-13.662318,14.86302
1731,-8.262576,-31.11857
1732,-12.103513,-23.090397
1734,-18.78656,-8.462541
1735,3.7211518,-19.8178
1737,-4.58417,16.494692
1738,-20.128706,-11.704377
1739,28.492102,15.442721
1740,-19.747593,39.59652
1741,2.0050392,-5.485912
1742,38.423283,-9.260516
1743,36.805202,-16.325428
1744,3.5250456,2.2931898
1745,38.804928,-36.371502
1746,35.359253,-32.901203
1747,-0.59947526,-41.262665
1748,-3.0989654,36.31697
1749,-10.018032,34.510044
1750,-13.400238,15.476845
1751,39.264786,21.842495
1752,-12.828118,33.64644
1753,-11.128408,36.01551
1754,-12.714627,37.354073
1755,16.516083,36.45726
1756,-17.083559,-9.741287
1757,16.462818,-24.092943
1758,-24.993793,-32.132797
1759,2.0172062,32.651375
1760,-31.546383,-15.788659
1762,15.88157,15.315291
1764,7.5321674,-16.292265
1765,3.5339055,17.848915
1766,9.856774,-35.373856
1767,-20.76199,-26.896688
1769,-12.4543,-14.546677
1771,-13.784796,-39.655457
1773,-13.312614,-38.923313
1775,9.085876,-19.911835
1777,-31.541428,-18.256058
1778,-22.80519,-15.032394
1779,-20.181377,-14.809019
1781,22.492414,36.48417
1782,16.303007,36.42563
1785,28.43223,3.934734
1786,-15.855663,26.532848
1787,33.967655,20.720606
1788,-15.45796,-25.370373
1789,14.59151,-44.058517
1790,-15.863616,-27.063007
1791,-23.977371,19.628874
1792,27.36179,-41.48344
1793,-16.771296,61.60586
1795,37.752438,22.980406
1796,9.754482,15.117459
1797,32.44505,-12.859691
1798,32.684887,-12.97261
1799,37.679073,-19.334955
1800,33.71997,-12.550612
1801,3.1511564,5.2050047
1802,-0.036163937,31.182453
1805,5.0215006,-4.7907615
1806,-35.010036,28.102615
1808,-18.168175,24.621824
1809,-16.565952,24.026083
1810,11.4861555,26.826199
1811,-9.735855,27.935581
1812,16.125536,13.378696
1814,-16.711218,-31.044687
1815,27.670134,-38.472904
1816,28.252352,29.884455
1817,16.049328,18.98394
1818,-3.0411696,16.276087
1819,-35.736103,27.414898
1823,9.428255,21.605516
1825,-7.4868755,-24.98335
1826,20.158457,6.1083584
1827,25.094799,1.0328022
1828,-37.771595,28.011951
1829,-38.96552,30.43242
1830,-34.894764,28.735968
1831,18.97762,17.151783
1832,-40.560596,32.93894
1833,-32.29135,24.154526
1834,-32.96597,23.958849
1835,-31.534653,26.92889
1836,-30.050558,32.515934
1837,-40.83929,33.8728
1838,-38.924908,28.641027
1839,16.871773,21.731668
1840,-37.211857,32.23305
1841,-39.172626,23.641567
1842,-37.761868,22.333912
1845,-38.414627,23.12424
1846,-40.573315,33.887325
1847,-26.600252,46.049088
1848,-28.60159,-21.015636
1849,-16.048204,17.680866
1850,24.154936,10.301682
1852,-18.641098,26.407513
1854,14.713008,21.996153
1855,-33.167114,27.021513
1856,-20.8978,-17.695484
1857,-28.887974,-8.806337
1858,-29.20691,-18.197842
1859,19.746773,13.96216
1860,-28.072582,38.246315
1861,6.2521167,-4.2235126
1862,-22.918932,21.517069
1863,27.261242,25.37845
1865,15.084232,38.33956
1866,14.704311,39.10208
1867,2.6558366,-50.16086
1868,-41.754845,11.365097
1870,41.472633,20.132816
1871,-20.334288,-13.945384
1872,-30.219423,16.96561
1873,38.13026,1.0500855
1874,-6.2927203,9.587411
1877,19.818403,-28.065115
1878,-42.321987,-19.093405
1879,-7.9451637,2.1900985
1880,26.034819,-34.436222
1882,16.8748,28.919334
1883,11.879383,-33.609383
1884,27.719276,-23.60069
1885,31.627455,-36.192596
1886,20.051893,0.81816405
1888,6.993942,-14.289215
1889,22.369019,3.927761
1890,-2.4335735,21.670746
1892,-18.540894,21.24368
1893,18.135384,34.926872
1894,10.120808,-42.481915
1896,42.754852,10.370663
1897,35.82072,-32.140915
1898,11.439452,-45.962666
1899,10.363188,9.282467
1900,-9.780992,1.8609868
1901,17.345434,28.661194
1902,2.3714771,-49.604668
1903,-14.978386,40.75444
1904,1.5098531,23.604273
1908,24.25539,-26.415592
1911,41.58447,12.254324
1912,30.285418,-39.397587
1914,-43.521294,-20.249847
1915,-15.814225,-28.520979
1916,-13.498158,-20.757185
1917,-12.205506,-28.28305
1918,-12.428433,-20.414112
1919,41.850395,20.600365
1921,21.981054,31.797398
1922,21.566732,36.574776
1923,24.252327,-46.473427
1924,10.619351,-26.763338
1925,-34.38144,-26.458588
1926,39.436413,-14.241835
1929,1.6218836,23.549582
1930,3.4841664,-4.101511
1934,-39.629955,29.762453
1935,19.77689,21.74706
1937,-3.956685,17.37333
1938,-29.221752,17.295015
1941,-10.2919855,-32.73656
1942,-8.811286,-0.73149997
1944,-26.597567,29.127962
1945,5.49223,-36.717133
1948,33.215244,17.902344
1949,27.573925,17.27499
1952,6.4112935,-8.996616
1956,27.542915,-33.23366
1957,37.396877,-16.400236
1958,35.88112,-30.93776
1959,-38.531475,-4.3041825
1961,-11.548885,-20.63441
1962,-6.378912,-15.246326
1963,-9.28841,-17.05014
1964,-1.3917134,24.52904
1965,-20.705748,-7.833898
1967,-28.591646,-28.92224
1970,20.175135,36.0195
1971,29.733345,15.81845
1972,-16.750748,-37.63214
1973,37.572655,15.670722
1974,-13.865779,-23.897154
1975,1.8984668,-30.07385
1977,-13.692049,-26.988096
1979,-10.596158,31.166454
1980,-7.864771,-46.814655
1981,-29.079298,-14.064256
1983,-23.383966,31.18871
1985,10.236083,-35.812508
1986,33.544548,-1.6831108
1987,14.791287,17.652279
1988,-1.1612021,-21.95105
1989,14.030983,5.8903847
1991,17.887308,-17.503246
1992,37.529453,-15.226245
1993,27.150806,-26.20127
1994,-24.87858,26.311474
1996,-27.601448,19.976358
1998,39.664875,0.13487
1999,31.750738,-39.45778
2002,21.952082,-12.562073
2004,-15.888262,10.922153
2005,-4.6497846,-48.89213
2006,14.303777,-6.8799396
2007,-9.146505,33.703293
2008,3.3895059,-30.146715
2009,12.04089,31.948769
2011,-19.693193,-33.661358
2012,25.798758,-35.97672
2013,12.834586,-32.48643
2014,-15.522896,-14.28818
2015,25.261278,23.925816
2017,19.305777,34.98326
2018,-10.122789,-10.36983
2019,-5.385147,-47.476315
2020,8.42533,-26.078587
2021,-9.661602,35.258377
2022,37.349186,-11.71384
2023,-15.041537,33.503292
2024,25.316511,-11.021311
2025,-0.3284538,-28.214706
2026,-12.539779,35.31741
2027,-12.23532,-30.129564
2028,-13.250108,-28.444038
2029,-14.784095,6.0178275
2030,13.109035,-26.95154
2032,6.9153795,-2.4720755
2034,42.38254,-14.017808
2036,4.1245427,17.160349
2037,-7.5572963,12.689488
2038,11.429713,7.1020327
2039,-32.09889,-14.586995
2041,-28.161367,-36.582355
2042,-3.8572462,38.872257
2043,23.363943,-7.88027
2044,-33.252216,-18.456213
2045,-15.223868,2.1862333
2046,-7.415802,3.6692317
2048,36.25274,-20.232006
2052,41.201294,19.887417
2056,10.343688,6.1414385
2058,38.331062,-30.189148
2059,40.572964,-33.93003
2060,-11.433154,-37.55878
2061,-25.743357,-21.992521
2062,-9.634828,-31.219503
2064,24.02258,-23.63261
2065,6.7924156,-41.234283
2066,5.859196,-33.581936
2067,-36.124546,9.941183
2068,5.5309553,-42.236137
2069,-3.0848608,-48.86818
2071,11.603655,13.662158
2072,-0.30433357,-31.81127
2073,-2.547544,-27.404537
2074,9.999164,-7.309505
2075,21.199894,14.429259
2076,27.780565,-41.133324
2078,-0.07589203,30.228035
2079,-26.593733,-10.13416
2080,-2.9113514,5.3876605
2082,23.922716,12.6656275
2083,39.761295,12.513575
2089,-22.4876,-1.5622238
2091,-6.876383,35.672783
2092,-10.916184,36.93591
2094,-25.270878,20.392164
2095,-7.5536933,38.254772
2096,15.831351,-6.8107214
2098,-11.5212555,27.857855
2099,-20.780449,-9.280419
2100,31.067047,-40.11537
2101,8.749384,36.933777
2102,-17.090744,29.753279
2105,-17.642456,-23.185434
2106,14.342728,-33.539505
2107,-28.064238,28.890032
2111,23.07444,-11.047786
2113,39.66341,-18.20415
2114,20.830942,-20.805754
2115,-1.9146537,-34.33151
2116,17.96148,-24.416206
2117,31.147688,-13.547383
2121,-15.114236,20.430906
2122,-24.584152,25.397676
2123,16.54752,16.62907
2125,-22.15877,28.629957
2126,9.4818945,9.05407
2127,34.188904,-17.218199
2129,-1.7871673,-33.474728
2131,-23.83028,34.517757
2132,-34.243114,-23.10238
2133,-32.666092,-19.867369
2136,-0.041320566,-28.975006
2141,-28.170977,13.592207
2142,18.157253,-41.201077
2143,19.762632,-28.07394
2147,1.4768599,-27.5518
2150,12.664695,26.062405
2151,16.646679,-4.3567257
2153,-1.783735,-19.669088
2154,42.613194,-31.534996
2155,-32.019485,33.193657
2156,3.3124971,-10.134258
2157,1.6950223,-10.211954
2158,-10.30164,22.534824
2159,-21.33082,33.579483
2160,-15.0280075,-48.768402
2162,8.227852,-17.568249
2163,44.699924,-10.481225
2164,-4.2661214,-48.042263
2165,-25.275185,-24.925226
2167,35.229084,-28.706263
2168,-4.7958546,-28.880896
2169,9.00537,16.48165
2170,21.965889,-9.69324
2171,12.625875,-8.683645
2172,-28.271399,-20.364271
2173,-22.16266,-18.19164
2175,48.09123,-3.6079051
2178,-37.900925,1.1086332
2179,-22.919943,-19.117125
2180,-21.48495,-21.354303
2181,-26.14627,-17.548244
2182,-22.231218,-18.143433
2183,-25.359348,-1.454934
2184,5.8813143,-17.752243
2185,-19.74511,-36.098537
2186,37.426956,-30.680061
2187,-7.121812,-28.699417
2188,-22.48825,-38.020756
2189,52.385662,-8.207542
2190,22.99542,14.8674965
2191,-14.655114,-30.072718
2193,-22.574213,-18.731585
2194,-0.99805784,-3.6135678
2196,-21.34352,15.902653
2197,-19.060734,-35.06178
2198,8.24473,12.51823
2200,9.758687,26.164135
2201,-14.656801,-35.364616
2202,-14.665483,-35.445114
2205,30.710451,19.269035
2206,39.956802,20.889751
2208,-35.77615,26.319141
2209,-0.4010767,7.612575
2211,-12.417542,7.6826324
2212,1.7182813,29.225296
2213,3.523465,2.1861756
2214,5.0069475,-3.217245
2215,-14.071609,27.623264
2220,-35.727917,-20.309546
2221,-3.6087716,22.894976
2222,4.9096847,36.505993
2223,-15.125322,-24.101368
2224,-19.653368,2.0351937
2225,38.245914,-10.462169
2226,44.819466,16.817478
2227,14.945916,12.704411
2228,23.556664,29.428194
2229,27.832325,21.438667
2230,-4.811533,27.56692
2231,-12.7192135,-27.21032
2232,21.138435,7.6530957
2233,8.9111395,-30.46252
2234,-26.066875,13.348848
2236,-34.519707,34.48613
2237,-13.158721,-25.992289
2238,39.429287,-15.335944
2243,21.279531,7.3854837
2244,23.522516,-17.592031
2245,-7.465745,4.980654
2246,-39.787743,-11.261192
2248,-34.980854,35.91425
2249,3.848306,29.714327
2250,-11.079647,8.274783
2251,25.991713,-7.08209
2252,26.284054,-6.709081
2253,18.779114,9.127679
2254,29.385767,-0.92765665
2255,-22.157522,30.120003
2256,9.097013,32.224537
2258,-13.634167,-24.443254
2259,-20.37597,-28.708673
2260,23.015547,-20.230564
2263,1.3258696,-29.693531
2264,-9.823899,35.74747
2265,-21.136724,-15.607629
2267,-38.466103,-15.956962
2268,-21.770985,-22.847755
2269,52.071835,-9.418056
2270,-21.171242,-22.448805
2272,-21.439226,-29.712795
2273,-4.0863366,-47.621075
2275,-20.29423,34.93142
2276,-31.515846,-28.94611
2278,29.277777,-0.83039176
2279,15.564666,-44.29158
2281,3.552647,-32.588337
2283,-23.688406,-11.912986
2284,3.0682654,-34.240906
2286,-6.511559,-29.868587
2288,4.8055706,7.38417
2290,28.20207,-23.831127
2294,5.489291,-12.753726
2295,6.7698145,-18.394
2296,20.09828,3.6261141
2298,14.379186,-35.728504
2299,31.773167,-50.853374
2300,15.635514,24.716024
2301,-18.11116,-14.818102
2302,23.540998,-24.295786
2303,19.776867,-12.580861
2305,18.150766,-49.333187
2307,-10.015212,29.460098
2309,1.6938132,-17.501526
2310,13.141008,10.185277
2311,-33.56556,-12.130852
2313,30.438686,16.016626
2314,27.272125,15.732476
2315,10.098647,29.065548
2317,39.452347,26.762262
2319,34.447697,22.153036
2320,9.330212,33.787544
2321,-32.320236,-19.799173
2323,-26.091875,10.236605
2324,-9.520805,-2.65748
2325,-35.278324,15.858452
2327,8.788755,-16.243914
2328,-29.41335,-25.905586
2333,1.5960724,-11.399077
2335,-14.554358,53.11765
2336,32.016247,-32.01921
2339,-17.202868,-26.97324
2341,14.28772,-14.481763
2343,0.7944081,33.12056
2344,-21.883911,-9.34326
2348,43.8902,15.24361
2352,41.31311,-35.940105
2354,39.147774,-36.891953
2355,8.177188,-38.472157
2357,10.068263,-14.241206
2358,-10.238235,-14.177828
2359,16.177612,29.819332
2360,25.963058,-22.009964
2361,38.34335,-33.43162
2364,-29.82936,15.282395
2365,36.8615,-33.30633
2367,-23.1483,-16.372192
2368,-27.50046,-18.17683
2369,19.155455,26.138376
2370,16.140112,-7.6128345
2371,13.8695965,34.777794
2374,-18.482122,28.602219
2375,-5.195364,22.183744
2376,40.2886,-14.603342
2377,-6.2711535,-26.316042
2378,-29.308737,-6.256546
2379,-34.192696,-28.513899
2380,-21.157366,-25.27249
2382,-8.021625,34.168472
2384,2.6219258,-39.785187
2385,-8.452398,-13.109145
2386,45.216175,21.938345
2387,25.988167,-42.811863
2391,32.630314,25.038635
2392,-13.872101,20.691574
2394,15.293504,-50.566673
2395,33.01628,23.257137
2398,21.502024,-10.930555
2399,0.94337416,-45.781654
2401,32.100628,-18.871582
2402,17.95841,-24.385006
2405,5.2892823,-31.938782
2406,17.982317,5.690895
2407,-21.2283,-9.282303
2408,-37.846638,21.522242
2411,17.083984,-49.012814
2412,6.331309,9.199907
2413,-4.917542,24.379877
2414,6.821462,-12.32987
2415,19.840061,33.291553
2416,-19.501081,34.737896
2417,-6.022983,-37.629932
2419,11.630514,2.3752072
2420,20.518198,-32.85815
2421,19.98837,-18.620956
2422,18.603205,36.12612
2423,39.68892,-11.950139
2424,-20.102541,1.019832
2425,-5.160154,33.767803
2426,13.563066,-19.49773
2429,-33.420086,35.93195
2431,-7.035434,10.905931
2432,-12.949505,-18.032839
2433,26.457872,-49.806946
2434,-22.50856,36.153324
2436,-3.3857312,3.2446835
2437,25.98008,8.582794
2440,-5.4631796,-23.22957
2442,-17.123672,32.477066
2445,-10.384243,-20.34406
2447,-11.916435,-30.966707
2448,-12.440691,-28.758823
2449,-14.496855,-27.057405
2450,-9.398622,-25.29509
2451,-12.345919,-19.417492
2453,8.6729965,2.9563978
2454,-13.047023,-24.56883
2455,-24.142359,28.089006
2456,22.398684,31.297804
2458,-5.630556,29.5534
2459,-2.9919777,32.03884
2461,-27.435541,57.636196
2467,-13.645935,2.194235
2468,-10.638334,-13.504375
2470,31.810246,-49.5233
2472,-20.549524,-20.904764
2473,-0.6832624,28.951654
2474,-8.270543,-21.454473
2475,-14.534736,38.60178
2477,18.7763,25.872355
2479,2.148435,29.692217
2480,-17.321997,-28.51464
2481,-7.717678,20.889685
2482,-6.6845965,-24.851227
2484,20.231684,-33.290348
2486,28.394781,20.428059
2487,7.2111444,-9.421021
2488,-7.222901,30.84768
2489,14.024296,7.838394
2490,-2.6295636,5.20519
2491,27.679323,-45.86494
2495,-20.309595,-24.5215
2496,-21.835379,40.360897
2497,-17.40571,9.769444
2499,-7.9021406,37.441135
2501,0.16493347,34.194366
2502,23.791813,-8.050637
2504,-16.174202,53.843575
2505,36.354313,-17.419617
2506,-10.843384,-30.400278
2507,-2.293956,-50.69892
2508,-2.0211546,-36.087395
2510,-28.646954,40.274048
2511,11.004221,-28.925035
2514,-12.175119,-10.144824
2516,-3.931116,-47.540768
2520,-1.1607945,-37.20052
2522,-16.457457,-30.19269
2523,-25.617441,-14.414299
2524,27.099535,-10.247478
2525,-32.3086,-23.412947
2526,-11.913353,-8.483384
2527,-15.703358,-30.360437
2528,-27.192455,-21.304724
2530,-25.875353,-23.396656
2531,-13.154539,-31.838556
2532,12.274973,-2.4608045
2536,-12.129693,-32.69498
2537,-19.948574,-30.975677
2539,5.2247596,15.241345
2541,-29.227015,-18.812723
2542,35.50024,-5.4729404
2547,22.948286,-42.24089
2548,37.969254,-33.468773
2549,-2.0078588,-46.057175
2550,-32.85377,-20.26712
2552,-11.89394,30.050167
2553,2.0822742,19.873959
2554,-28.021547,31.089355
2556,-31.13656,-13.961447
2559,-11.35108,-28.777708
2561,-1.6535184,-30.599293
2562,33.726337,5.413233
2563,42.18261,-19.676012
2564,-37.766315,20.25314
2565,-21.581633,-29.721571
2566,15.359136,-11.038482
2567,-14.392085,3.2706554
2568,23.114687,-13.929295
2570,10.937262,-46.698288
2571,34.530533,-13.260884
2572,-15.036875,-2.9808223
2576,-30.463793,-0.12738039
2578,14.538687,-26.251947
2580,-0.0742463,-27.590929
2581,38.49617,17.872244
2583,29.297543,-51.57901
2584,40.876926,-14.980989
2585,27.250742,23.326708
2588,7.8491797,-31.509066
2590,12.900148,38.619385
2592,-18.842253,15.369328
2593,1.5689245,23.5745
2594,42.672005,19.963627
2595,-8.915001,41.324417
2596,-9.387156,40.08159
2598,-8.571052,37.781826
2599,-9.173058,36.7278
2600,-8.440084,35.743935
2601,-1.1809238,32.469204
2603,5.435738,-35.059593
2604,26.222433,-26.065428
2605,-7.499036,-17.43573
2606,-17.178337,-12.759804
2607,-9.533252,-26.889437
2608,-9.948644,-27.903309
2609,-5.4321585,-34.62422
2610,13.421426,-4.58191
2612,8.467407,-33.782795
2613,-14.98039,-29.036337
2615,17.129171,-11.637785
2617,17.80768,4.2522736
2618,1.1759571,-39.773502
2619,21.551414,2.857724
2620,8.435977,37.778107
2621,-23.635218,31.079231
2622,-3.889068,-26.651594
2623,-24.83504,31.552183
2626,19.229637,34.568687
2627,-18.657383,38.18769
2628,-12.289008,36.499725
2629,1.4704951,-7.435426
2630,6.938353,12.995222
2632,-14.275631,49.829716
2635,20.261889,-34.472958
2636,18.856272,6.5401406
2639,15.549375,6.3366933
2640,24.785503,1.1882799
2641,12.30485,10.242406
2644,40.652878,-34.17195
2645,29.738533,-51.540775
2646,-39.7957,-16.712828
2651,-25.086662,18.062172
2653,13.387366,0.7967681
2654,30.506472,-46.643074
2655,-19.635862,-29.729336
2656,-14.24715,-51.365246
2658,-27.060497,22.745674
2660,29.521494,-37.74874
2663,20.705555,33.811104
2664,8.20597,19.83025
2666,-18.075268,-18.96743
2670,6.870371,18.163645
2673,31.34021,-3.5376024
2676,32.079704,20.578867
2677,-6.835227,-3.4062219
2680,-30.572311,38.689804
2681,-48.92489,6.446898
2682,2.7484424,8.724328
2684,14.302758,-38.891872
2686,30.033066,23.44138
2687,-24.172974,28.876497
2688,39.505524,19.222631
2689,26.311281,-37.335983
2690,-10.998528,33.405632
2691,-37.291367,40.166058
2693,-11.433184,-23.422098
2695,3.652754,-38.864216
2699,36.366684,19.83996
2701,-3.658114,16.426512
2704,38.866234,-36.432293
2705,20.031628,33.945873
2710,1.647644,-9.145436
2712,18.037905,3.782216
2713,0.019734895,-14.968516
2715,-18.344513,47.79813
2716,1.4709996,15.177022
2717,-11.857326,9.923507
2718,8.644851,-13.981162
2719,-10.149062,38.428707
2721,-30.457914,53.05233
2723,-25.23622,55.31239
2724,3.8266358,-29.26838
2726,-8.039948,-19.727533
2727,-19.150415,19.460106
2728,-26.068632,27.56461
2729,-17.307367,-35.18148
2730,19.189283,20.959528
2731,-31.12465,-29.933754
2732,-11.653925,34.649254
2733,-17.953588,14.725832
2734,-31.124857,-8.359614
2735,18.361963,-24.26988
2741,17.339138,-11.65856
2742,11.365208,-21.774609
2743,24.872137,-3.3382242
2744,18.970726,32.990562
2745,-24.241594,-13.495034
2747,16.857946,10.235606
2749,-30.058601,-27.288286
2750,-17.57377,-35.102333
2751,2.5265548,-49.92645
2754,-10.94585,41.79332
2757,27.44802,-18.407242
2758,0.7304483,-30.905981
2759,-2.6779883,-19.564587
2760,-22.65052,23.706291
2761,31.743351,-35.363373
2762,-4.3468876,-49.60938
2763,0.8015161,-31.862082
2765,-19.145103,9.599911
2766,16.577179,-8.168715
2767,-16.467243,-24.349754
2768,27.11126,-37.41253
2769,-28.842493,16.551765
2770,15.818694,4.2850037
2774,-28.751059,-12.72754
2775,-9.413628,-33.653454
2776,7.076849,34.06974
2778,5.6918783,30.082281
2779,38.864956,-10.675055
2780,-1.7673548,-20.96141
2781,-18.05553,36.741932
2783,0.11449454,20.85819
2785,23.003124,-22.845024
2786,13.874027,-13.300941
2789,29.456066,-5.9556465
2792,-1.675135,-10.767395
2793,-16.726858,-1.1378001
2794,-14.522325,0.9868226
2795,25.330147,-48.6769
2797,8.869872,-17.633972
2798,4.8766375,28.2375
2800,6.8014693,-20.249834
2801,11.049104,-37.665085
2803,-22.809612,-17.743057
2804,-10.845498,-3.6634328
2806,-8.878746,-4.734381
2807,19.346863,-20.246897
2808,0.6064248,-9.520995
2809,0.09309471,26.138206
2810,31.454226,11.848302
2811,39.944843,-14.917017
2814,6.6004167,5.9802213
2815,-12.542735,0.099981695
2816,-6.806542,2.1802015
2817,-27.293104,-3.6555467
2818,-7.5106673,10.191101
2819,-8.4634695,3.1377137
2820,42.457436,-18.410334
2821,2.0070107,-5.5280466
2822,6.543787,-1.7877103
2824,-14.434941,-25.010801
2825,-1.7059133,9.659503
2826,33.847927,-14.800586
2827,13.158856,-11.282575
2828,-8.652978,-23.781448
2829,-8.899051,-30.233671
2831,-13.607367,9.65549
2832,-14.743884,-6.3939233
2833,-14.47557,-6.8201847
2834,-5.094412,-12.770436
2835,-8.124098,0.5513456
2836,-7.665044,-24.956263
2837,-7.2034817,-14.973575
2838,-19.203367,-16.179989
2839,-23.13742,-27.22333
2840,-17.665354,-4.659426
2841,-7.3823833,-16.373209
2842,30.092882,-46.274857
2843,-15.300095,-0.8814453
2844,-14.4489975,-22.591312
2845,-13.46677,-8.323172
2846,-9.201535,-14.909296
2847,9.198092,-1.2486734
2848,-18.494492,-28.37513
2849,15.114022,10.44173
2850,-10.65642,-27.472363
2852,-3.6592145,-29.50066
2853,10.89031,-48.19587
2856,-30.314245,16.083921
2858,6.1243196,-27.83411
2859,7.5396233,-36.373985
2862,3.3540156,-30.21716
2863,4.1751328,-33.339966
2864,-27.053524,24.67331
2865,-42.333504,-19.40372
2866,36.181343,-35.670486
2867,-20.28533,18.355148
2872,-36.22378,1.504555
2873,-43.2793,26.50465
2874,-8.848953,25.345583
2875,7.3374715,-31.411877
2878,-19.07163,-25.404196
2880,-23.512695,35.86118
2881,-5.6808076,34.41634
2883,-16.13016,-8.452416
2884,-10.178595,-11.217104
2886,14.772943,3.9478803
2887,10.626742,9.982737
2890,5.602375,-2.3352165
2891,12.546123,-16.627577
2893,9.040026,-32.188404
2894,-8.343383,19.19971
2896,-16.419937,1.0077581
2898,-9.325997,17.067488
2900,-5.6407475,3.3706768
2901,-16.25999,20.810055
2903,22.001675,-9.113088
2904,40.121742,-14.127309
2905,13.272468,-13.864022
2906,14.825803,-17.805866
2907,15.911402,-19.708603
2908,-7.666176,-1.4824622
2909,16.857874,-18.61614
2910,17.816408,-19.82766
2913,-38.410027,-3.9484596
2914,13.919371,-14.863417
2917,-4.972536,-49.017464
2923,41.10574,20.623367
2924,8.598928,-24.064981
2925,29.572979,-40.853603
2926,20.146713,28.434406
2927,-1.8228599,31.291237
2928,29.718021,15.777774
2929,6.9690433,-29.672619
2931,33.51129,21.84809
2933,2.5667677,-24.65707
2940,31.84714,-44.53764
2943,-22.618431,52.52694
2946,-17.12077,66.54763
2947,-17.236315,59.67434
2949,-21.060862,59.49468
2950,-22.160189,62.392063
2951,-21.127264,54.96593
2952,-23.283255,65.00323
2953,-22.713572,53.997375
2954,-27.260624,60.41831
2955,-20.55398,62.88514
2956,-20.538134,67.82032
2959,-21.044386,64.59621
2960,-21.10158,56.72044
2962,-21.278639,53.1225
2963,-19.589695,65.00366
2964,-20.213776,67.90689
2965,-29.058283,54.63577
2968,-21.358519,48.914326
2969,-25.468283,61.88817
2970,-19.103483,63.61761
2971,-17.917238,60.44505
2972,-22.927256,61.029533
2973,-28.23569,55.040386
2974,-18.742792,51.74118
2975,-25.04339,56.715874
2976,-17.185648,55.038216
2977,-12.517552,60.455265
2979,-22.288992,58.46675
2980,-24.88301,59.902744
2981,-29.558445,2.8429883
2982,-21.697845,65.25952
2983,-17.40056,66.46923
2984,-17.474329,61.34383
2985,-16.34553,60.682777
2986,-16.40627,62.589638
2987,-14.091845,59.840153
2988,-20.194479,57.205494
2989,-23.374365,60.575905
2990,-27.538391,60.518856
2991,-16.891262,60.663055
2993,-15.694502,55.474705
2994,-19.731848,63.554806
2995,-15.778864,61.39553
2996,-13.10252,26.170057
2997,-21.581684,63.726807
2998,-12.454491,58.565933
2999,-24.095137,55.454132
3000,-18.252369,54.92367
3001,-25.12629,58.670475
3002,-24.29088,59.43603
3003,-20.066246,61.441833
3004,-22.415764,59.538826
3005,-16.666126,58.58781
3006,-22.715178,62.951534
3007,-17.547813,62.94153
3008,-18.79421,61.35713
3009,-17.453346,56.25098
3011,-19.60884,65.20317
3012,-20.602251,60.0124
3014,-15.8596735,59.360577
3015,-18.269785,61.384624
3017,-23.159094,62.28253
3018,-29.178986,54.733826
3020,-24.323196,63.93494
3021,-18.572485,62.73689
3024,-20.054403,67.92698
3025,-19.024153,60.050343
3027,-15.563688,57.443317
3029,29.112951,22.81771
3030,-15.085949,58.899384
3031,-16.268316,57.489998
3032,-13.869046,62.669117
3033,-22.417841,62.557613
3034,-18.19407,64.98787
3036,-21.050806,61.628883
3037,-24.181799,61.824444
3038,-29.09421,54.565777
3040,-17.831106,53.72091
3041,-11.537721,62.060585
3042,-20.80262,61.126976
3045,-11.909498,61.97074
3047,-14.382616,60.987476
3049,-9.834983,32.927315
3050,-26.159025,33.202274
3051,16.931194,22.328238
3053,3.1076946,-27.713282
3055,0.8414543,-29.164816
3056,-11.283299,38.321697
3057,-11.852358,38.745934
3068,7.7989755,-9.9247
3072,7.870977,-28.452467
3074,-16.556585,-28.898064
3077,-4.679821,-10.313527
3079,0.53642744,-11.26531
3081,-3.3544853,-32.896065
3084,-8.08649,-45.671783
3087,-15.419603,31.351257
3089,-26.453182,21.950994
3093,27.724146,24.745354
3100,40.35643,-16.130594
3102,37.67634,-31.303497
3103,-8.522923,-41.5444
3104,-10.412318,24.586897
3106,30.979034,-40.33254
3107,-3.3908834,7.871719
3109,-41.01675,-18.831598
3110,19.298903,-16.96486
3111,34.43052,-31.374046
3112,5.963277,-30.54907
3115,4.078021,-34.029182
3118,26.841274,21.433228
3120,1.3205369,-20.61604
3122,28.981184,21.27442
3123,-46.19684,13.814847
3127,-37.84218,19.666725
3128,-1.8974875,27.191198
3133,41.91886,7.743968
3134,36.679794,-32.222977
3135,16.679005,-6.0747447
3137,-14.576563,36.66527
3144,4.0927362,-27.361113
3147,-10.028542,-39.905148
3151,2.5629358,-2.3604186
3152,-32.999264,35.705498
3153,-43.41579,27.857006
3155,8.527996,16.739862
3157,11.882883,-37.00468
3158,-17.538353,5.3917933
3163,27.56985,19.839397
3165,12.807847,17.019032
3166,6.4150524,-12.781782
3167,37.923294,-33.311947
3168,7.447106,-34.682114
3170,8.11787,-38.558342
3172,7.0585365,-9.409894
3174,7.6017685,-8.603324
3175,5.176695,-6.732286
3180,-3.6111875,-35.45913
3182,25.281532,-48.65285
3185,-12.131718,2.460873
3186,26.223032,23.80339
3191,-24.110397,29.677925
3193,-31.30006,31.274153
3198,-8.426489,39.196175
3199,-14.412032,5.2908387
3202,-3.6820872,-41.78193
3204,23.19971,-44.237053
3207,4.4423184,-41.672207
3208,-0.5082868,27.942327
3209,39.602966,-21.603432
3210,39.60742,-21.59262
3213,32.298798,-48.02943
3214,21.20024,-8.406425
3220,2.1406233,-1.2276204
3221,2.2215009,-1.2722983
3222,8.957514,9.636944
3223,2.851927,-26.421036
3225,-1.6327279,-28.99715
3227,-9.968527,-25.88905
3228,-2.5486586,28.788923
3232,32.451473,-20.411285
3233,30.878206,17.29282
3234,-3.6426842,-24.799355
3239,41.473953,-10.90281
3244,-21.223413,-34.744083
3245,-7.5938396,-10.873937
3246,-3.0189073,-18.126966
3249,-8.033618,-32.998505
3251,-26.897957,30.560352
3254,-17.923862,-25.565187
3255,-18.542444,-26.277248
3257,-5.896962,0.037533127
3261,-27.371677,-30.547205
3262,-6.690309,22.173946
3265,38.377136,-0.7203197
3267,16.981337,-48.230152
3272,41.758057,11.506707
3279,-10.66367,25.66698
3280,-17.842459,36.67389
3281,27.549974,-48.199768
3283,8.907175,-41.155987
3286,-9.525597,-29.067205
3287,-3.2196817,-16.304628
3288,-23.625053,-14.673999
3290,-43.89836,-22.273636
3292,17.170076,33.220592
3293,-1.5519525,-5.49519
3294,32.146847,21.230852
3295,-27.243984,-3.626211
3296,40.760456,-9.817473
3299,4.6431537,-15.796494
3303,-15.720205,-31.695957
3304,-18.176981,-39.77172
3305,-36.810997,30.001322
3306,-28.898647,-12.795325
3307,10.336499,23.61459
3314,-7.0951333,24.044674
3315,-18.46915,49.161095
3316,-19.968945,51.112366
3317,-16.82347,47.595753
3318,1.5930661,15.131661
3320,-3.2715836,29.933811
3322,-15.105755,-13.030652
3323,-24.537033,41.765465
3326,11.045858,-46.569843
3328,-22.548567,-38.069916
3334,24.934654,-20.385193
3337,-28.248068,38.698677
3338,-13.351131,-19.191809
3339,-17.554617,5.4089613
3340,18.369324,9.649725
3342,-12.889674,12.043055
3343,0.17627771,28.577137
3345,-10.944497,-29.591185
3347,-8.466546,-3.1850185
3356,11.710407,-15.025596
3358,26.736536,19.957281
3359,-28.790415,-35.445766
3362,-7.0671043,-22.699284
3367,-11.929911,32.705093
3368,-23.90075,26.76964
3374,-30.171865,24.867407
3376,-24.617321,0.79789895
3381,10.761502,31.230555
3383,-0.9673621,30.98412
3386,22.479076,5.692772
3389,-18.643847,-24.31195
3390,25.089832,-7.969688
3394,1.1427511,-2.0714428
3396,-2.5978858,-50.44385
3397,36.177616,-22.777546
3399,-13.12603,29.832155
3401,38.672863,-15.862416
3407,-19.06928,-32.65067
3410,38.676945,-31.636673
3412,14.308321,-14.789791
3413,-3.1152463,-2.623593
3414,-1.6338153,-34.060165
3416,-20.992592,34.038986
3419,-0.83937436,-34.379765
3421,-30.875212,-1.7594849
3422,9.786647,-22.358316
3423,-4.568985,-19.382362
3424,-11.665371,-26.92658
3425,4.1816397,-2.2471237
3427,8.460927,-38.23499
3428,-3.7955942,-46.708862
3431,12.073514,-29.27492
3433,-16.103035,-4.5395546
3434,39.308514,-32.91269
3436,-5.3349695,11.442998
3438,-7.699544,1.9470832
3439,-10.816354,9.390313
3441,-9.506341,28.290783
3447,10.826969,1.7479707
3448,-13.495273,34.580303
3449,-9.430397,-23.747385
3450,-25.325876,11.604176
3453,21.757082,5.122262
3454,15.33945,-15.076677
3457,-2.2304301,1.681911
3458,-4.717281,4.092889
3462,-25.63848,29.235176
3463,-7.7859707,-30.828377
3465,-7.4323535,5.6643343
3466,-7.942689,-27.221151
3467,-23.957333,51.31942
3469,6.2998195,-14.23672
3475,25.137718,-8.368543
3478,34.067013,-36.212894
3481,-7.118431,-35.638527
3482,7.6114955,24.751663
3483,-15.810983,-27.381306
3484,-16.449482,-26.07159
3487,21.392784,7.427109
3488,-9.300182,6.008378
3490,-31.728773,29.548775
3491,-25.814648,-6.734563
3493,-30.324167,-8.52205
3497,-3.5567796,-25.15746
3501,-23.095875,21.364338
3502,18.86324,-21.428333
3503,19.193956,8.083521
3509,10.284004,-10.456504
3511,-21.97934,10.8136635
3512,-13.973473,7.716036
3516,6.739172,-6.1264906
3522,-33.49945,23.948103
3523,-42.120358,28.462442
3524,-34.842403,26.161768
3525,-34.685455,28.916252
3526,30.10688,-2.9473233
3527,-24.15962,-34.42861
3530,-15.312025,-14.884443
3531,14.12294,-26.548182
3542,23.325287,36.008926
3544,39.91712,-31.804384
3546,36.457428,-38.61599
3549,-4.134053,-21.459932
3552,25.004063,-9.957066
3558,12.854673,-23.538671
3564,24.424088,-10.173992
3565,-23.012884,39.235847
3566,1.8627619,-31.764467
3569,-38.468636,-15.002867
3574,-21.8992,-11.5167
3577,25.091917,-11.243686
3579,14.30073,-38.88385
3581,-7.4317822,-10.838309
3582,-19.92424,-5.9950695
3583,-10.938454,-29.36912
3584,-20.759956,-8.418154
3595,42.535114,-35.03236
3597,11.187359,-30.808922
3599,-7.503453,40.130367
3601,-24.953562,26.367544
3615,3.8838902,-36.136528
3619,-5.2396255,-22.24251
3620,39.309696,-14.984571
3622,-4.653133,26.229515
3624,12.585268,-15.158512
3627,32.93707,-17.153648
3632,-2.6692855,-23.984522
3635,25.788967,-34.506134
3639,-14.781708,-11.990559
3642,-20.576439,23.950397
3644,-21.989462,28.660515
3649,-0.2413888,-6.7429147
3651,-5.652309,36.99064
3652,-40.336376,1.5396447
3653,17.588114,-8.459566
3655,-22.49124,29.888563
3657,-10.782702,3.6831548
3665,24.20902,33.3773
3667,-18.637848,28.468424
3668,-3.8673568,-48.323647
3672,-16.971184,-5.9575763
3678,3.8985944,-17.521297
3680,18.25128,31.37086
3681,13.002779,30.129816
3682,-21.897837,27.929667
3684,-14.446126,-31.293852
3686,-14.994689,-49.112457
3687,2.9529507,-35.19024
3688,-26.792791,3.573569
3690,24.096336,-45.301697
3692,-29.757288,26.027508
3693,23.685814,-46.710384
3695,-3.529266,-4.728449
3697,35.43609,-38.32798
3698,-9.287895,-4.9880934
3702,-11.655392,-32.647484
3704,20.058035,0.86782306
3705,5.1824145,-5.430168
3706,-22.232122,-32.707806
3709,-17.040655,-32.349365
3710,-22.505442,-21.293793
3711,-21.779621,-18.04873
3712,12.91763,-17.682545
3716,37.7377,0.046399787
3717,5.295039,-31.979776
3718,-7.050982,3.9231696
3721,-8.655143,-27.527466
3728,9.732325,9.885614
3730,30.720573,25.144876
3732,10.200516,-7.1832685
3736,40.136993,-12.915979
3737,5.4819136,-35.171196
3739,-26.795094,30.518368
3742,-23.164669,28.892038
3743,-14.50807,39.623566
3744,-5.2522774,-0.056534313
3745,12.279036,29.470472
3747,-22.7695,-27.547398
3753,5.9544854,-30.492643
3754,-19.356947,-27.752916
3755,34.631836,21.57891
3756,10.543095,-26.52
3760,26.070807,-48.469414
3762,5.4562993,-2.7972984
3764,-41.84682,34.356792
3765,2.2601094,-36.571262
3767,-31.767637,29.42485
3771,42.137154,18.877098
3774,10.503178,-48.654037
3779,8.739601,8.276927
3782,-6.3306746,-31.055748
3788,4.8541374,-45.81
3791,-22.840487,-33.87828
3792,-18.37639,-31.164665
3793,13.619946,-49.73725
3801,2.7457144,-0.6935252
3807,39.90523,17.316446
3810,37.712585,-33.839817
3815,19.267471,-1.8196293
3818,4.8654413,-45.084335
3820,33.51668,-3.2317615
3822,-23.257236,-21.589737
3824,-13.580429,25.048252
3826,15.752754,-34.772778
3829,-10.960415,40.278618
3830,-12.307264,39.954884
3834,-30.787664,-9.807173
3836,26.000065,-42.88573
3839,-5.7660465,0.07792276
3840,31.931164,21.977808
3841,4.87461,-34.466946
3844,41.9651,-35.730614
3847,27.956474,-29.746527
3850,15.8255625,-34.809017
3853,6.580789,-39.061462
3857,-6.0864677,27.75195
3859,-5.2249074,4.9867687
3860,-6.335387,23.86036
3866,15.443986,32.92925
3867,13.424948,-33.355583
3868,-16.51447,2.4959705
3872,12.586133,-41.822823
3876,15.304501,-50.535927
3877,12.257767,-14.679914
3878,-17.087267,-11.235674
3880,-18.586737,-5.572162
3883,-1.0615633,-18.608316
3884,-10.914636,-30.915665
3887,-21.63767,-11.390509
3891,-34.559063,6.551271
3892,11.789045,-12.655705
3894,-10.62165,-25.952171
3895,-15.03106,-9.791654
3896,-2.9113789,-39.131653
3898,42.264126,12.3142
3900,28.815674,-49.018574
3902,-4.4433393,13.335072
3905,-17.904676,-21.436934
3908,37.514256,-32.94655
3909,-19.994503,-12.824366
3911,-41.61472,-21.677889
3919,10.29625,-31.055725
3923,3.0858772,34.63112
3924,-6.152254,24.563639
3925,-9.807768,-40.441864
3926,-12.293159,-39.237804
3927,-11.293533,-33.739613
3928,6.6603365,-10.134734
3929,-34.29787,-28.62296
3931,9.186841,-17.557299
3932,0.80111635,-26.835566
3934,-9.179635,-32.093372
3936,4.901586,-39.269333
3943,-0.7721443,-30.342197
3945,-25.73699,-6.921679
3950,39.4489,-29.480486
3951,33.986336,-33.164513
3952,-23.778772,51.5958
3953,17.97971,37.58341
3954,15.064866,12.826668
3958,-17.704544,14.890302
3960,-24.388523,9.954831
3962,18.850964,6.1037717
3963,-18.83241,-0.9889848
3966,21.283772,11.627718
3967,9.062164,-3.4114044
3968,25.110666,-48.34015
3969,42.733753,22.45688
3974,3.526137,28.164228
3975,13.003213,38.61635
3976,-16.086477,-33.524105
3977,-9.650943,37.441235
3978,-9.875938,39.61303
3979,-9.819522,39.631477
3980,-10.83954,39.37606
3981,-15.995515,37.43394
3984,21.871965,-7.3845572
3986,-8.187601,25.45129
3994,-33.547134,30.969856
3995,-24.302254,36.65108
3999,23.575418,-8.05656
4000,2.4168591,-10.382758
4014,25.752611,-24.84785
4016,33.729946,5.3946037
4017,3.8065026,-15.7994995
4018,-34.025375,41.200626
4021,-41.54988,-20.830519
4023,13.72394,1.5233564
4024,21.402903,-41.214767
4026,-16.54642,39.213547
4027,20.067036,-5.4887614
4029,-4.4148803,-1.772395
4032,39.94703,-9.9855
4040,-1.6406152,28.533348
4041,-21.03358,-9.304693
4046,-9.039642,-15.447448
4047,39.397514,27.130056
4049,-7.09478,0.15218252
4059,-15.724379,29.913984
4064,-8.040392,-19.864054
4067,40.06596,16.660192
4069,-8.6277275,1.7465322
4071,30.811726,-28.056473
4076,26.961054,-40.330482
4078,1.0343932,-23.185854
4079,38.898296,-1.6243815
4080,-12.191556,-31.646292
4081,-14.7170515,-32.188675
4082,33.008816,1.0421497
4087,-41.4357,-13.150785
4088,42.601135,-16.33368
4089,44.173393,-11.344432
4090,29.47229,-37.83473
4094,23.57611,26.242727
4095,6.0079765,-13.98326
4101,-9.166221,4.360593
4102,1.7377908,-13.898441
4108,-4.9447913,4.23395
4111,26.765997,-44.53545
4113,7.8001704,-19.72794
4114,-26.304085,12.893549
4115,-20.868212,34.922245
4117,1.7665895,-28.108837
4118,31.174395,0.7916832
4120,4.0772347,-19.939608
4122,-13.074909,-6.0267205
4123,-9.293437,5.9724894
4127,-15.880334,-8.65187
4128,-14.127334,-33.48304
4129,-7.717625,-32.002396
4130,-14.354746,-6.519287
4133,-21.155703,-15.67826
4135,-10.28068,-28.206106
4136,-18.765163,-3.5940416
4138,38.15826,-15.132757
4139,-7.866241,4.3034678
4141,0.7481927,-9.191395
4142,12.475122,31.651777
4143,-13.785238,-22.508772
4144,28.283447,29.88923
4149,0.26852506,-4.091306
4153,-0.18282609,-4.05097
4154,7.6084332,-4.4441757
4158,24.131315,-19.912106
4162,-2.887523,-18.454515
4163,-27.898138,25.96011
4164,-28.113804,14.628019
4166,-34.46601,-17.290253
4171,-0.26644298,-7.5778513
4172,37.51378,21.924145
4174,-9.326167,17.000029
4178,11.889228,-18.951616
4184,-11.217364,-0.18562718
4186,23.26129,-19.054625
4188,10.376486,-14.326358
4190,13.563697,37.680225
4195,12.197424,-13.81364
4197,14.260383,-15.970321
4206,28.57299,-42.00963
4207,28.707577,-41.904896
4208,-4.6462154,16.655287
4210,-12.961282,-4.2646456
4211,-1.5030563,30.186104
4213,-28.311659,-36.314697
4214,4.254498,-16.184679
4215,38.9878,4.463299
4216,24.979603,-3.0130374
4217,4.995007,22.685202
4218,34.51203,-11.857501
4219,38.95473,19.237442
4221,27.705444,-48.168167
4224,38.81773,-5.9808726
4225,-13.095464,-4.3857045
4226,-8.867553,12.896281
4227,15.036806,-31.587399
4228,-21.083908,31.21531
4229,21.40301,4.232527
4230,-33.65711,30.864384
4231,29.975208,-4.936941
4232,-19.595882,57.52733
4234,31.523653,-50.61149
4235,-7.2605915,32.94433
4236,-9.751953,31.819244
4238,11.312009,-5.045823
4239,29.676908,-44.144638
4240,-30.348791,33.32044
4241,-13.793306,31.826078
4242,38.731808,-16.82135
4245,12.818464,-8.795927
4247,-37.75429,31.413084
4248,-36.917862,30.129927
4249,-37.906013,30.27867
4250,-37.87416,30.48977
4251,-37.787827,30.724365
4252,13.9786,27.708582
4256,-31.943691,32.97765
4258,-10.501503,25.020409
4259,16.142708,-30.506863
4260,-17.329988,50.972523
4261,16.040977,-9.88391
4263,-17.480442,-17.014713
4264,11.356487,-5.048816
4265,-18.557905,-39.208782
4266,-25.359854,53.787716
4268,31.859518,-48.16747
4273,13.375248,-15.708729
4274,25.31944,8.071662
4275,27.139675,-25.05444
4276,15.385513,-44.24578
4277,-8.971883,-27.700672
4278,34.846508,-14.419551
4280,47.293304,-3.2681997
4281,-24.795364,6.2053046
4282,-10.872957,-0.93074536
4283,-4.800006,-45.61281
4284,16.070286,-28.751942
4285,15.783118,-20.554214
4288,-24.823055,6.2708836
4290,34.75175,-16.028818
4292,23.429827,5.5177693
4293,17.967949,17.655962
4294,-36.342766,1.4809072
